product_name,quantity,arrival_date,manufacturer,category
TrailTracker GPS Device,6,2025-04-16,Trailblazer Outfitters,fishing supplies
NatureSeeker Binoculars,389,2024-03-19,Outdoor Discovery Co.,mountain biking
WildernessSurvivor Survival Kit,768,2024-10-08,Nature's Trail Gear,mountain biking
OutdoorGear Hammock,756,2024-04-06,Wilderness Outfitters,mountain biking
OutdoorGear Hammock,326,2024-12-16,Peak Performance Gear,hiking equipment
OutdoorMaster Camping Stove,931,2025-02-04,Explorers Equipment,climbing
AdventurePro Backpack,130,2025-01-20,Nature's Edge Equipment,fishing supplies
AdventurePro Backpack,946,2024-12-12,Outdoor Gear Emporium,hiking equipment
TrailBlazer Camping Tent,414,2025-03-07,Trailblazer Gear,climbing
OutdoorGear Hammock,812,2024-04-27,Nature's Trail Gear,fishing supplies
NatureSeeker Binoculars,844,2025-03-01,Alpine Adventure Co.,backpacking
OutdoorMaster Camping Stove,288,2024-07-24,Peak Performance Gear,mountain biking
OutdoorMaster Camping Stove,409,2024-04-10,Pioneer Gearworks,skiing
WildernessSurvivor Survival Kit,847,2025-02-09,Nature's Best Gear,hiking equipment
CampfirePro Cooking Set,124,2025-01-10,Summit Seekers,fishing supplies
CampfirePro Cooking Set,430,2025-09-15,Trailblazer Outfitters,camping gear
CampfirePro Cooking Set,510,2024-01-30,Outdoor Gear Emporium,climbing
CampfirePro Cooking Set,886,2024-05-24,Peak Performance Gear,backpacking
HikePro Trekking Poles,635,2024-12-14,Outdoor Provisions Ltd.,camping gear
NatureSeeker Binoculars,829,2024-07-12,Nature's Best Gear,skiing
OutdoorGear Hammock,625,2025-01-25,Backcountry Essentials,hiking equipment
OutdoorMaster Camping Stove,842,2024-03-18,Outdoor Discovery Co.,camping gear
NatureSeeker Binoculars,325,2025-02-02,Peak Performance Gear,backpacking
OutdoorGear Hammock,708,2024-08-16,Summit Seekers,climbing
ExplorerX Hiking Boots,666,2024-08-31,Backcountry Bound,mountain biking
NatureSeeker Binoculars,453,2024-05-08,Trailblazer Gear,mountain biking
CampfirePro Cooking Set,582,2024-10-24,Outdoor Pursuits Co.,skiing
ExplorerX Hiking Boots,815,2024-03-31,Outdoor Discovery Co.,mountain biking
NatureSeeker Binoculars,336,2024-10-20,Outdoor Pursuits Co.,camping gear
AdventurePro Backpack,707,2024-05-13,Outdoor Pursuits Co.,camping gear
TrailBlazer Camping Tent,656,2024-11-27,Nature's Best Gear,fishing supplies
HikePro Trekking Poles,367,2024-04-19,Nature's Edge Equipment,backpacking
TrailBlazer Camping Tent,488,2025-05-05,Outdoor Provisions Ltd.,mountain biking
HikePro Trekking Poles,897,2024-07-23,Outdoor Gear Emporium,fishing supplies
TrailBlazer Camping Tent,225,2024-06-28,Explorer's Edge Equipment,skiing
TrailTracker GPS Device,383,2024-07-30,Summit Supplies,backpacking
NatureSeeker Binoculars,946,2024-09-02,Nature's Best Gear,mountain biking
NatureSeeker Binoculars,513,2025-07-30,Trailblazer Supplies,backpacking
OutdoorMaster Camping Stove,475,2024-11-19,Trailblazer Gear,skiing
TrailTracker GPS Device,572,2024-10-25,Pioneer Gearworks,fishing supplies
WildernessSurvivor Survival Kit,694,2024-11-28,Pioneer Gearworks,mountain biking
HikePro Trekking Poles,211,2025-05-02,Adventure Gear Co.,camping gear
ExplorerX Hiking Boots,533,2024-01-19,Summit Supplies,camping gear
CampfirePro Cooking Set,940,2025-08-17,Explorers Equipment,backpacking
OutdoorMaster Camping Stove,288,2024-11-23,Outdoor Pursuits Co.,skiing
NatureSeeker Binoculars,704,2025-03-14,Pioneer Gearworks,camping gear
TrailBlazer Camping Tent,730,2024-02-14,Wilderness Wares,hiking equipment
WildernessSurvivor Survival Kit,796,2025-03-04,Explorers Equipment,camping gear
TrailTracker GPS Device,893,2025-07-17,Backcountry Essentials,fishing supplies
OutdoorMaster Camping Stove,337,2025-01-20,Nature's Best Gear,camping gear
NatureSeeker Binoculars,212,2024-05-10,Alpine Adventure Co.,hiking equipment
OutdoorMaster Camping Stove,133,2025-02-15,Nature's Best Gear,backpacking
TrailBlazer Camping Tent,531,2025-03-01,Nature's Edge Equipment,mountain biking
ExplorerX Hiking Boots,682,2025-05-02,Nature's Trail Gear,mountain biking
ExplorerX Hiking Boots,25,2025-06-22,Backcountry Essentials,mountain biking
OutdoorMaster Camping Stove,214,2025-05-01,Summit Seekers,mountain biking
OutdoorMaster Camping Stove,583,2024-07-02,Wilderness Outfitters,backpacking
NatureSeeker Binoculars,457,2024-09-04,Expedition Outfitters,climbing
ExplorerX Hiking Boots,720,2024-04-29,Wilderness Wares,skiing
WildernessSurvivor Survival Kit,638,2024-05-20,Outdoor Provisions Ltd.,skiing
TrailBlazer Camping Tent,746,2025-08-08,Pioneer Gearworks,backpacking
TrailBlazer Camping Tent,387,2024-10-06,Expedition Outfitters,mountain biking
OutdoorGear Hammock,476,2025-03-06,Wilderness Wares,skiing
WildernessSurvivor Survival Kit,191,2024-07-08,Explorers Equipment,skiing
NatureSeeker Binoculars,100,2024-02-19,Expedition Outfitters,climbing
OutdoorMaster Camping Stove,275,2024-11-05,Trailblazer Outfitters,hiking equipment
OutdoorMaster Camping Stove,374,2025-05-11,Explorers Equipment,hiking equipment
AdventurePro Backpack,570,2025-03-02,Backcountry Essentials,fishing supplies
AdventurePro Backpack,644,2024-08-18,Backcountry Bound,fishing supplies
OutdoorGear Hammock,100,2024-01-16,Nature's Best Gear,backpacking
OutdoorMaster Camping Stove,659,2024-11-09,Trailblazer Gear,camping gear
AdventurePro Backpack,281,2024-11-03,Summit Seekers,camping gear
NatureSeeker Binoculars,663,2025-05-11,Outdoor Gear Emporium,skiing
NatureSeeker Binoculars,3,2025-07-22,Wildland Gear,camping gear
CampfirePro Cooking Set,948,2024-03-21,Nature's Best Gear,backpacking
WildernessSurvivor Survival Kit,281,2025-08-23,Explorers Equipment,skiing
TrailTracker GPS Device,705,2024-09-20,Trailblazer Outfitters,fishing supplies
OutdoorGear Hammock,584,2024-06-15,Nature's Best Gear,mountain biking
NatureSeeker Binoculars,899,2025-02-12,Pioneer Gearworks,backpacking
HikePro Trekking Poles,682,2025-01-10,Outdoor Gear Emporium,skiing
ExplorerX Hiking Boots,664,2025-04-19,Explorer's Edge Equipment,skiing
TrailTracker GPS Device,942,2024-04-11,Alpine Adventure Co.,fishing supplies
OutdoorMaster Camping Stove,293,2024-03-15,Nature's Edge Equipment,mountain biking
HikePro Trekking Poles,152,2024-03-13,Nature's Trail Gear,camping gear
HikePro Trekking Poles,305,2024-03-07,Nature's Trail Gear,backpacking
CampfirePro Cooking Set,385,2025-08-22,Outdoor Provisions Ltd.,climbing
ExplorerX Hiking Boots,670,2025-03-23,Wildland Gear,camping gear
WildernessSurvivor Survival Kit,245,2024-12-26,Outdoor Discovery Co.,backpacking
HikePro Trekking Poles,588,2025-05-14,Summit Supplies,hiking equipment
OutdoorMaster Camping Stove,597,2025-01-19,Outdoor Gear Emporium,skiing
HikePro Trekking Poles,441,2025-07-29,Nature's Best Gear,climbing
OutdoorMaster Camping Stove,717,2025-06-28,Nature's Trail Gear,skiing
TrailTracker GPS Device,902,2024-04-30,Backcountry Essentials,hiking equipment
TrailBlazer Camping Tent,697,2024-01-29,Alpine Adventure Co.,fishing supplies
HikePro Trekking Poles,513,2024-08-14,Expedition Outfitters,fishing supplies
ExplorerX Hiking Boots,773,2025-04-22,Nature's Edge Equipment,skiing
ExplorerX Hiking Boots,690,2024-08-13,Trailblazer Gear,mountain biking
OutdoorGear Hammock,193,2025-04-03,Wilderness Wares,fishing supplies
TrailBlazer Camping Tent,522,2024-10-11,Wilderness Outfitters,hiking equipment
WildernessSurvivor Survival Kit,288,2025-05-03,Wilderness Wares,camping gear
NatureSeeker Binoculars,614,2025-02-04,Summit Seekers,skiing
OutdoorGear Hammock,358,2024-02-27,Adventure Gear Co.,fishing supplies
AdventurePro Backpack,155,2024-10-03,Alpine Adventure Co.,hiking equipment
ExplorerX Hiking Boots,118,2024-01-06,Wilderness Outfitters,camping gear
TrailBlazer Camping Tent,223,2024-04-08,Wildland Gear,camping gear
OutdoorMaster Camping Stove,186,2025-04-21,Wildland Gear,fishing supplies
ExplorerX Hiking Boots,185,2024-12-26,Trailblazer Supplies,mountain biking
TrailBlazer Camping Tent,891,2024-08-29,Outdoor Pursuits Co.,climbing
AdventurePro Backpack,257,2024-10-17,Trailblazer Outfitters,climbing
OutdoorMaster Camping Stove,928,2024-01-09,Wilderness Wares,camping gear
AdventurePro Backpack,762,2024-08-22,Pioneer Gearworks,backpacking
OutdoorGear Hammock,362,2025-03-24,Pioneer Gearworks,camping gear
AdventurePro Backpack,657,2024-07-04,Backcountry Essentials,hiking equipment
WildernessSurvivor Survival Kit,487,2024-08-17,Backcountry Essentials,fishing supplies
AdventurePro Backpack,732,2024-07-02,Backcountry Essentials,skiing
TrailTracker GPS Device,854,2024-02-18,Summit Seekers,mountain biking
NatureSeeker Binoculars,181,2025-07-05,Backcountry Bound,skiing
OutdoorMaster Camping Stove,219,2024-11-04,Peak Performance Gear,backpacking
TrailBlazer Camping Tent,518,2025-01-16,Adventure Seekers Gear,hiking equipment
OutdoorMaster Camping Stove,192,2025-01-01,Wilderness Wares,climbing
TrailBlazer Camping Tent,263,2024-04-19,Trailblazer Gear,camping gear
OutdoorMaster Camping Stove,71,2024-03-22,Wildland Gear,climbing
AdventurePro Backpack,620,2025-07-05,Adventure Gear Co.,climbing
OutdoorGear Hammock,356,2025-06-01,Adventure Gear Co.,fishing supplies
ExplorerX Hiking Boots,955,2025-06-24,Trailblazer Outfitters,fishing supplies
NatureSeeker Binoculars,222,2025-07-03,Outdoor Provisions Ltd.,hiking equipment
ExplorerX Hiking Boots,725,2025-07-07,Adventure Gear Co.,skiing
WildernessSurvivor Survival Kit,958,2025-04-01,Trailblazer Outfitters,skiing
HikePro Trekking Poles,216,2025-07-04,Pioneer Gearworks,backpacking
HikePro Trekking Poles,104,2024-04-04,Outdoor Gear Emporium,camping gear
WildernessSurvivor Survival Kit,181,2025-03-23,Summit Seekers,hiking equipment
ExplorerX Hiking Boots,112,2024-02-13,Trailblazer Gear,backpacking
TrailTracker GPS Device,181,2024-02-11,Pioneer Gearworks,skiing
OutdoorMaster Camping Stove,672,2024-04-13,Alpine Adventure Co.,backpacking
TrailTracker GPS Device,331,2024-02-18,Outdoor Pursuits Co.,climbing
HikePro Trekking Poles,753,2024-06-19,Wilderness Outfitters,camping gear
OutdoorGear Hammock,523,2024-04-08,Backcountry Essentials,camping gear
TrailTracker GPS Device,142,2024-11-03,Nature's Edge Equipment,camping gear
CampfirePro Cooking Set,39,2024-11-22,Outdoor Gear Emporium,climbing
NatureSeeker Binoculars,2,2024-10-29,Adventure Gear Co.,climbing
WildernessSurvivor Survival Kit,187,2025-01-29,Outdoor Pursuits Co.,mountain biking
HikePro Trekking Poles,130,2025-07-23,Explorers Equipment,camping gear
OutdoorGear Hammock,550,2024-01-10,Wilderness Outfitters,climbing
CampfirePro Cooking Set,521,2025-03-20,Trailblazer Outfitters,mountain biking
WildernessSurvivor Survival Kit,955,2025-02-02,Explorers Equipment,fishing supplies
HikePro Trekking Poles,325,2024-06-15,Outdoor Provisions Ltd.,backpacking
AdventurePro Backpack,2,2025-05-01,Peak Performance Gear,hiking equipment
TrailTracker GPS Device,507,2024-02-07,Adventure Gear Co.,fishing supplies
AdventurePro Backpack,519,2024-08-26,Wildland Gear,climbing
OutdoorMaster Camping Stove,287,2024-03-20,Trailblazer Gear,hiking equipment
ExplorerX Hiking Boots,584,2025-03-26,Backcountry Essentials,camping gear
NatureSeeker Binoculars,989,2025-01-16,Backcountry Bound,skiing
NatureSeeker Binoculars,776,2024-09-14,Peak Performance Gear,mountain biking
WildernessSurvivor Survival Kit,271,2025-09-15,Explorer's Edge Equipment,skiing
TrailTracker GPS Device,346,2024-04-04,Backcountry Essentials,hiking equipment
CampfirePro Cooking Set,79,2025-02-11,Nature's Best Gear,mountain biking
WildernessSurvivor Survival Kit,672,2025-02-28,Trailblazer Supplies,hiking equipment
NatureSeeker Binoculars,972,2025-05-06,Adventure Gear Co.,hiking equipment
TrailTracker GPS Device,526,2024-02-02,Peak Performance Gear,mountain biking
NatureSeeker Binoculars,389,2025-01-03,Wilderness Outfitters,skiing
OutdoorGear Hammock,36,2025-09-24,Outdoor Discovery Co.,fishing supplies
TrailTracker GPS Device,952,2024-08-13,Wilderness Outfitters,hiking equipment
OutdoorGear Hammock,341,2024-03-13,Adventure Gear Co.,mountain biking
HikePro Trekking Poles,522,2025-09-05,Backcountry Bound,camping gear
TrailBlazer Camping Tent,286,2024-03-31,Wilderness Outfitters,hiking equipment
AdventurePro Backpack,270,2025-09-12,Trailblazer Supplies,camping gear
WildernessSurvivor Survival Kit,192,2024-12-01,Nature's Trail Gear,camping gear
TrailBlazer Camping Tent,796,2024-01-31,Summit Seekers,mountain biking
OutdoorMaster Camping Stove,259,2025-03-18,Peak Performance Gear,skiing
HikePro Trekking Poles,915,2024-09-13,Nature's Trail Gear,skiing
TrailTracker GPS Device,116,2025-08-23,Alpine Adventure Co.,mountain biking
OutdoorMaster Camping Stove,8,2025-06-06,Backcountry Essentials,hiking equipment
CampfirePro Cooking Set,207,2025-03-04,Summit Supplies,hiking equipment
HikePro Trekking Poles,287,2025-04-18,Trailblazer Supplies,skiing
TrailTracker GPS Device,437,2025-01-10,Trailblazer Gear,fishing supplies
WildernessSurvivor Survival Kit,252,2025-02-12,Nature's Best Gear,backpacking
TrailBlazer Camping Tent,724,2025-06-22,Wilderness Wares,fishing supplies
TrailTracker GPS Device,950,2024-10-09,Wilderness Wares,backpacking
AdventurePro Backpack,198,2024-10-17,Explorers Equipment,hiking equipment
NatureSeeker Binoculars,497,2025-06-16,Expedition Outfitters,mountain biking
WildernessSurvivor Survival Kit,83,2025-06-09,Pioneer Gearworks,fishing supplies
AdventurePro Backpack,446,2025-01-26,Backcountry Bound,fishing supplies
TrailBlazer Camping Tent,517,2025-06-07,Outdoor Discovery Co.,hiking equipment
ExplorerX Hiking Boots,595,2024-12-31,Outdoor Provisions Ltd.,climbing
OutdoorMaster Camping Stove,811,2024-01-21,Alpine Adventure Co.,climbing
TrailBlazer Camping Tent,808,2025-05-08,Outdoor Provisions Ltd.,hiking equipment
TrailBlazer Camping Tent,524,2025-05-22,Wildland Gear,mountain biking
CampfirePro Cooking Set,707,2024-01-24,Trailblazer Gear,fishing supplies
ExplorerX Hiking Boots,978,2025-06-10,Explorer's Edge Equipment,skiing
NatureSeeker Binoculars,346,2025-09-11,Alpine Adventure Co.,fishing supplies
HikePro Trekking Poles,674,2025-05-27,Trailblazer Gear,climbing
OutdoorGear Hammock,218,2024-11-01,Outdoor Gear Emporium,mountain biking
HikePro Trekking Poles,531,2025-05-10,Trailblazer Supplies,mountain biking
ExplorerX Hiking Boots,340,2024-01-24,Nature's Trail Gear,backpacking
OutdoorGear Hammock,396,2024-01-30,Nature's Best Gear,skiing
ExplorerX Hiking Boots,567,2024-07-30,Nature's Edge Equipment,fishing supplies
WildernessSurvivor Survival Kit,722,2024-07-06,Adventure Seekers Gear,skiing
CampfirePro Cooking Set,222,2024-12-26,Alpine Adventure Co.,skiing
CampfirePro Cooking Set,27,2025-04-30,Nature's Best Gear,skiing
TrailTracker GPS Device,372,2024-04-20,Wilderness Wares,hiking equipment
OutdoorGear Hammock,445,2025-02-24,Pioneer Gearworks,mountain biking
AdventurePro Backpack,34,2025-02-18,Wilderness Outfitters,hiking equipment
TrailBlazer Camping Tent,135,2025-09-16,Trailblazer Outfitters,hiking equipment
NatureSeeker Binoculars,135,2024-05-04,Outdoor Pursuits Co.,skiing
NatureSeeker Binoculars,761,2025-05-15,Alpine Adventure Co.,skiing
NatureSeeker Binoculars,222,2025-08-20,Outdoor Pursuits Co.,skiing
AdventurePro Backpack,692,2024-07-09,Nature's Best Gear,mountain biking
ExplorerX Hiking Boots,263,2024-08-17,Adventure Gear Co.,fishing supplies
ExplorerX Hiking Boots,389,2024-02-11,Explorer's Edge Equipment,backpacking
CampfirePro Cooking Set,715,2025-04-09,Wilderness Wares,climbing
WildernessSurvivor Survival Kit,914,2025-01-15,Backcountry Essentials,mountain biking
CampfirePro Cooking Set,573,2024-08-24,Nature's Edge Equipment,backpacking
AdventurePro Backpack,674,2025-04-18,Adventure Gear Co.,skiing
NatureSeeker Binoculars,947,2025-03-31,Outdoor Provisions Ltd.,backpacking
WildernessSurvivor Survival Kit,685,2025-08-11,Alpine Adventure Co.,hiking equipment
TrailTracker GPS Device,19,2024-05-25,Outdoor Provisions Ltd.,backpacking
TrailBlazer Camping Tent,761,2025-08-21,Adventure Seekers Gear,skiing
HikePro Trekking Poles,830,2025-01-25,Trailblazer Supplies,backpacking
TrailBlazer Camping Tent,783,2024-11-19,Outdoor Discovery Co.,hiking equipment
HikePro Trekking Poles,706,2025-04-28,Trailblazer Outfitters,mountain biking
ExplorerX Hiking Boots,801,2024-07-28,Pioneer Gearworks,mountain biking
WildernessSurvivor Survival Kit,633,2025-09-23,Trailblazer Supplies,skiing
CampfirePro Cooking Set,156,2024-01-24,Backcountry Essentials,hiking equipment
ExplorerX Hiking Boots,818,2025-02-24,Summit Supplies,skiing
WildernessSurvivor Survival Kit,222,2025-09-21,Alpine Adventure Co.,hiking equipment
OutdoorGear Hammock,421,2024-08-23,Trailblazer Supplies,mountain biking
AdventurePro Backpack,49,2025-04-24,Nature's Best Gear,climbing
TrailTracker GPS Device,936,2024-01-22,Nature's Trail Gear,hiking equipment
CampfirePro Cooking Set,746,2024-06-29,Backcountry Essentials,hiking equipment
AdventurePro Backpack,244,2025-03-07,Trailblazer Gear,fishing supplies
OutdoorMaster Camping Stove,419,2024-05-16,Trailblazer Gear,hiking equipment
WildernessSurvivor Survival Kit,393,2025-05-18,Outdoor Provisions Ltd.,climbing
OutdoorMaster Camping Stove,880,2024-01-06,Wildland Gear,hiking equipment
WildernessSurvivor Survival Kit,873,2025-07-31,Outdoor Discovery Co.,skiing
ExplorerX Hiking Boots,958,2025-05-18,Nature's Edge Equipment,fishing supplies
TrailTracker GPS Device,517,2025-02-28,Adventure Gear Co.,camping gear
WildernessSurvivor Survival Kit,963,2025-01-28,Pioneer Gearworks,camping gear
CampfirePro Cooking Set,708,2025-05-08,Explorers Equipment,mountain biking
NatureSeeker Binoculars,112,2024-06-13,Backcountry Essentials,skiing
WildernessSurvivor Survival Kit,466,2024-05-12,Explorers Equipment,skiing
TrailTracker GPS Device,198,2025-05-14,Backcountry Bound,climbing
AdventurePro Backpack,286,2025-07-23,Trailblazer Outfitters,skiing
NatureSeeker Binoculars,421,2024-04-30,Nature's Edge Equipment,mountain biking
WildernessSurvivor Survival Kit,930,2024-10-11,Explorer's Edge Equipment,hiking equipment
OutdoorMaster Camping Stove,647,2025-01-26,Explorers Equipment,skiing
OutdoorGear Hammock,524,2024-09-15,Trailblazer Gear,mountain biking
ExplorerX Hiking Boots,241,2024-01-03,Wilderness Outfitters,backpacking
NatureSeeker Binoculars,294,2025-06-17,Nature's Edge Equipment,climbing
ExplorerX Hiking Boots,504,2024-06-04,Summit Supplies,mountain biking
OutdoorGear Hammock,552,2024-07-19,Peak Performance Gear,skiing
NatureSeeker Binoculars,972,2025-01-01,Expedition Outfitters,mountain biking
TrailTracker GPS Device,772,2024-09-26,Summit Supplies,hiking equipment
OutdoorGear Hammock,63,2024-10-02,Wilderness Wares,fishing supplies
AdventurePro Backpack,768,2024-01-22,Trailblazer Gear,skiing
OutdoorGear Hammock,657,2024-05-11,Peak Performance Gear,mountain biking
OutdoorGear Hammock,809,2025-08-29,Pioneer Gearworks,camping gear
ExplorerX Hiking Boots,164,2025-06-14,Adventure Seekers Gear,skiing
WildernessSurvivor Survival Kit,685,2024-03-22,Explorers Equipment,skiing
OutdoorGear Hammock,549,2025-07-29,Adventure Gear Co.,climbing
TrailTracker GPS Device,206,2024-06-10,Outdoor Provisions Ltd.,skiing
AdventurePro Backpack,346,2024-07-13,Alpine Adventure Co.,skiing
WildernessSurvivor Survival Kit,156,2024-03-22,Outdoor Provisions Ltd.,fishing supplies
CampfirePro Cooking Set,687,2024-01-17,Nature's Best Gear,fishing supplies
OutdoorMaster Camping Stove,252,2024-05-09,Summit Supplies,camping gear
NatureSeeker Binoculars,517,2025-07-08,Nature's Best Gear,climbing
OutdoorGear Hammock,879,2025-01-24,Outdoor Gear Emporium,climbing
OutdoorGear Hammock,169,2025-06-03,Expedition Outfitters,skiing
TrailTracker GPS Device,846,2024-12-16,Adventure Seekers Gear,climbing
HikePro Trekking Poles,14,2025-09-22,Backcountry Essentials,camping gear
AdventurePro Backpack,664,2024-03-24,Trailblazer Gear,fishing supplies
TrailBlazer Camping Tent,518,2025-08-11,Peak Performance Gear,hiking equipment
HikePro Trekking Poles,622,2025-08-29,Alpine Adventure Co.,skiing
CampfirePro Cooking Set,634,2024-05-23,Explorers Equipment,fishing supplies
WildernessSurvivor Survival Kit,348,2024-07-11,Outdoor Provisions Ltd.,fishing supplies
OutdoorGear Hammock,185,2024-07-11,Trailblazer Outfitters,mountain biking
AdventurePro Backpack,760,2024-05-14,Trailblazer Supplies,hiking equipment
NatureSeeker Binoculars,849,2025-02-04,Summit Supplies,mountain biking
ExplorerX Hiking Boots,622,2025-01-31,Backcountry Essentials,climbing
TrailTracker GPS Device,111,2025-08-19,Trailblazer Supplies,backpacking
OutdoorMaster Camping Stove,705,2024-08-01,Outdoor Pursuits Co.,skiing
TrailTracker GPS Device,228,2024-10-13,Summit Seekers,climbing
TrailTracker GPS Device,108,2024-11-03,Nature's Edge Equipment,backpacking
CampfirePro Cooking Set,657,2025-06-15,Outdoor Provisions Ltd.,fishing supplies
TrailTracker GPS Device,672,2025-09-27,Outdoor Provisions Ltd.,hiking equipment
CampfirePro Cooking Set,294,2025-01-19,Wildland Gear,mountain biking
OutdoorMaster Camping Stove,529,2024-01-11,Wildland Gear,hiking equipment
TrailTracker GPS Device,782,2025-04-08,Trailblazer Supplies,backpacking
OutdoorMaster Camping Stove,513,2024-03-17,Pioneer Gearworks,hiking equipment
OutdoorGear Hammock,793,2024-06-16,Backcountry Bound,mountain biking
NatureSeeker Binoculars,437,2025-07-01,Trailblazer Gear,fishing supplies
NatureSeeker Binoculars,342,2025-05-17,Pioneer Gearworks,camping gear
TrailTracker GPS Device,899,2025-03-29,Summit Supplies,backpacking
WildernessSurvivor Survival Kit,872,2024-05-23,Wildland Gear,backpacking
OutdoorMaster Camping Stove,164,2024-08-10,Outdoor Pursuits Co.,climbing
HikePro Trekking Poles,591,2025-03-29,Trailblazer Gear,fishing supplies
ExplorerX Hiking Boots,259,2024-01-06,Adventure Gear Co.,backpacking
TrailBlazer Camping Tent,665,2025-06-11,Outdoor Provisions Ltd.,climbing
TrailTracker GPS Device,692,2025-08-30,Trailblazer Supplies,camping gear
WildernessSurvivor Survival Kit,313,2024-09-18,Alpine Adventure Co.,mountain biking
CampfirePro Cooking Set,698,2025-04-23,Wilderness Wares,mountain biking
AdventurePro Backpack,339,2024-10-25,Adventure Gear Co.,backpacking
ExplorerX Hiking Boots,523,2024-06-21,Adventure Gear Co.,backpacking
NatureSeeker Binoculars,352,2025-04-04,Trailblazer Outfitters,climbing
OutdoorGear Hammock,126,2024-03-20,Outdoor Discovery Co.,skiing
OutdoorGear Hammock,968,2025-09-28,Summit Seekers,fishing supplies
CampfirePro Cooking Set,572,2025-09-18,Pioneer Gearworks,backpacking
CampfirePro Cooking Set,113,2024-02-22,Outdoor Discovery Co.,hiking equipment
TrailTracker GPS Device,390,2024-09-18,Wilderness Outfitters,backpacking
ExplorerX Hiking Boots,624,2024-07-23,Wildland Gear,fishing supplies
HikePro Trekking Poles,454,2025-01-11,Explorers Equipment,camping gear
ExplorerX Hiking Boots,111,2025-04-27,Outdoor Gear Emporium,backpacking
TrailTracker GPS Device,174,2025-07-21,Trailblazer Gear,skiing
WildernessSurvivor Survival Kit,24,2025-03-03,Pioneer Gearworks,backpacking
NatureSeeker Binoculars,51,2024-07-10,Summit Supplies,backpacking
HikePro Trekking Poles,40,2024-12-14,Summit Seekers,hiking equipment
WildernessSurvivor Survival Kit,367,2024-05-04,Nature's Edge Equipment,climbing
TrailTracker GPS Device,250,2024-12-31,Expedition Outfitters,fishing supplies
OutdoorMaster Camping Stove,395,2024-12-19,Trailblazer Supplies,hiking equipment
NatureSeeker Binoculars,275,2025-08-29,Nature's Best Gear,climbing
OutdoorMaster Camping Stove,540,2025-07-05,Outdoor Discovery Co.,backpacking
HikePro Trekking Poles,463,2024-08-29,Expedition Outfitters,hiking equipment
TrailTracker GPS Device,726,2025-09-11,Wildland Gear,hiking equipment
OutdoorGear Hammock,544,2025-01-18,Nature's Best Gear,skiing
ExplorerX Hiking Boots,451,2024-02-09,Expedition Outfitters,mountain biking
TrailBlazer Camping Tent,490,2024-05-18,Summit Seekers,climbing
AdventurePro Backpack,58,2025-09-13,Outdoor Pursuits Co.,camping gear
HikePro Trekking Poles,109,2024-10-28,Outdoor Provisions Ltd.,fishing supplies
WildernessSurvivor Survival Kit,920,2024-04-28,Wilderness Outfitters,backpacking
HikePro Trekking Poles,659,2024-04-12,Explorers Equipment,climbing
NatureSeeker Binoculars,753,2024-09-25,Explorer's Edge Equipment,fishing supplies
NatureSeeker Binoculars,163,2025-02-24,Backcountry Essentials,mountain biking
OutdoorGear Hammock,600,2025-04-29,Wilderness Wares,skiing
TrailTracker GPS Device,918,2024-12-23,Summit Seekers,skiing
WildernessSurvivor Survival Kit,894,2024-09-02,Outdoor Provisions Ltd.,backpacking
NatureSeeker Binoculars,4,2024-10-16,Backcountry Bound,backpacking
AdventurePro Backpack,592,2025-08-22,Pioneer Gearworks,camping gear
AdventurePro Backpack,928,2025-02-19,Summit Seekers,camping gear
OutdoorMaster Camping Stove,503,2025-05-03,Adventure Gear Co.,skiing
AdventurePro Backpack,991,2024-02-15,Explorers Equipment,mountain biking
ExplorerX Hiking Boots,755,2024-07-21,Wilderness Wares,camping gear
TrailTracker GPS Device,56,2024-05-29,Trailblazer Outfitters,camping gear
AdventurePro Backpack,844,2025-07-08,Summit Seekers,camping gear
CampfirePro Cooking Set,203,2024-11-02,Backcountry Bound,camping gear
ExplorerX Hiking Boots,317,2024-10-25,Outdoor Discovery Co.,skiing
OutdoorMaster Camping Stove,578,2025-05-30,Outdoor Discovery Co.,fishing supplies
CampfirePro Cooking Set,773,2024-01-31,Adventure Gear Co.,climbing
ExplorerX Hiking Boots,178,2025-07-13,Outdoor Pursuits Co.,camping gear
OutdoorGear Hammock,735,2025-05-08,Wilderness Wares,fishing supplies
HikePro Trekking Poles,546,2025-08-02,Trailblazer Gear,hiking equipment
OutdoorGear Hammock,538,2024-09-15,Adventure Gear Co.,climbing
WildernessSurvivor Survival Kit,464,2024-10-21,Wilderness Outfitters,camping gear
TrailBlazer Camping Tent,112,2025-02-03,Outdoor Gear Emporium,skiing
WildernessSurvivor Survival Kit,866,2024-03-08,Explorers Equipment,climbing
TrailBlazer Camping Tent,84,2025-05-26,Outdoor Gear Emporium,fishing supplies
OutdoorGear Hammock,464,2024-06-02,Wilderness Wares,camping gear
AdventurePro Backpack,516,2025-04-03,Wilderness Wares,backpacking
OutdoorMaster Camping Stove,228,2025-07-26,Backcountry Essentials,camping gear
ExplorerX Hiking Boots,38,2024-04-14,Outdoor Pursuits Co.,fishing supplies
NatureSeeker Binoculars,616,2024-03-13,Summit Seekers,climbing
AdventurePro Backpack,703,2025-01-29,Backcountry Bound,camping gear
HikePro Trekking Poles,515,2024-02-26,Wilderness Wares,camping gear
CampfirePro Cooking Set,656,2024-03-10,Backcountry Essentials,fishing supplies
CampfirePro Cooking Set,242,2025-09-19,Alpine Adventure Co.,mountain biking
OutdoorGear Hammock,440,2024-06-04,Backcountry Bound,skiing
ExplorerX Hiking Boots,678,2024-04-21,Outdoor Provisions Ltd.,skiing
TrailTracker GPS Device,888,2024-10-25,Outdoor Pursuits Co.,fishing supplies
OutdoorGear Hammock,636,2024-06-29,Backcountry Essentials,fishing supplies
TrailBlazer Camping Tent,666,2024-12-29,Nature's Edge Equipment,hiking equipment
ExplorerX Hiking Boots,420,2025-08-20,Trailblazer Outfitters,fishing supplies
WildernessSurvivor Survival Kit,287,2024-05-04,Pioneer Gearworks,skiing
HikePro Trekking Poles,540,2025-02-12,Explorers Equipment,climbing
OutdoorGear Hammock,149,2024-07-09,Backcountry Bound,climbing
ExplorerX Hiking Boots,437,2024-04-24,Summit Seekers,hiking equipment
TrailTracker GPS Device,738,2025-09-02,Backcountry Essentials,hiking equipment
OutdoorMaster Camping Stove,915,2025-08-08,Nature's Edge Equipment,hiking equipment
OutdoorGear Hammock,29,2024-08-21,Outdoor Gear Emporium,backpacking
HikePro Trekking Poles,238,2024-02-21,Expedition Outfitters,mountain biking
TrailBlazer Camping Tent,729,2024-12-29,Trailblazer Gear,camping gear
HikePro Trekking Poles,732,2024-02-01,Wilderness Wares,backpacking
CampfirePro Cooking Set,906,2025-06-19,Outdoor Discovery Co.,fishing supplies
AdventurePro Backpack,189,2025-01-28,Nature's Best Gear,climbing
WildernessSurvivor Survival Kit,864,2024-03-02,Explorer's Edge Equipment,backpacking
TrailTracker GPS Device,443,2025-02-07,Nature's Edge Equipment,climbing
TrailTracker GPS Device,227,2025-02-27,Nature's Best Gear,hiking equipment
NatureSeeker Binoculars,269,2024-04-20,Wilderness Wares,backpacking
ExplorerX Hiking Boots,988,2024-07-27,Nature's Trail Gear,fishing supplies
WildernessSurvivor Survival Kit,394,2025-04-22,Backcountry Bound,camping gear
OutdoorMaster Camping Stove,688,2025-04-03,Adventure Seekers Gear,backpacking
OutdoorMaster Camping Stove,172,2025-07-01,Summit Supplies,hiking equipment
HikePro Trekking Poles,441,2025-07-05,Backcountry Bound,climbing
TrailBlazer Camping Tent,970,2025-06-25,Wilderness Wares,climbing
TrailBlazer Camping Tent,225,2025-02-13,Outdoor Pursuits Co.,mountain biking
OutdoorGear Hammock,428,2024-05-07,Adventure Seekers Gear,backpacking
ExplorerX Hiking Boots,9,2025-06-07,Peak Performance Gear,climbing
OutdoorMaster Camping Stove,908,2024-12-30,Summit Seekers,backpacking
ExplorerX Hiking Boots,465,2024-01-25,Wilderness Wares,fishing supplies
AdventurePro Backpack,62,2025-02-22,Expedition Outfitters,camping gear
AdventurePro Backpack,284,2025-05-30,Wilderness Wares,climbing
CampfirePro Cooking Set,304,2024-09-05,Explorer's Edge Equipment,hiking equipment
HikePro Trekking Poles,739,2025-05-05,Explorer's Edge Equipment,mountain biking
NatureSeeker Binoculars,631,2025-04-03,Peak Performance Gear,camping gear
HikePro Trekking Poles,309,2025-01-21,Adventure Gear Co.,hiking equipment
NatureSeeker Binoculars,432,2024-02-07,Summit Supplies,fishing supplies
TrailBlazer Camping Tent,779,2024-04-06,Trailblazer Supplies,hiking equipment
NatureSeeker Binoculars,346,2024-05-06,Peak Performance Gear,hiking equipment
OutdoorGear Hammock,566,2024-08-15,Outdoor Provisions Ltd.,climbing
NatureSeeker Binoculars,24,2025-06-01,Trailblazer Gear,camping gear
HikePro Trekking Poles,446,2024-09-22,Outdoor Gear Emporium,backpacking
NatureSeeker Binoculars,374,2024-06-14,Adventure Gear Co.,skiing
TrailTracker GPS Device,723,2025-01-11,Pioneer Gearworks,fishing supplies
NatureSeeker Binoculars,974,2024-03-19,Nature's Best Gear,backpacking
TrailBlazer Camping Tent,663,2024-07-29,Adventure Gear Co.,backpacking
CampfirePro Cooking Set,877,2024-05-17,Adventure Seekers Gear,hiking equipment
CampfirePro Cooking Set,889,2025-04-05,Adventure Seekers Gear,skiing
TrailBlazer Camping Tent,318,2024-08-01,Explorer's Edge Equipment,camping gear
CampfirePro Cooking Set,568,2024-12-30,Explorers Equipment,camping gear
AdventurePro Backpack,65,2025-09-29,Outdoor Discovery Co.,mountain biking
CampfirePro Cooking Set,14,2024-08-05,Nature's Best Gear,hiking equipment
OutdoorGear Hammock,951,2025-07-21,Explorer's Edge Equipment,camping gear
WildernessSurvivor Survival Kit,966,2024-02-19,Nature's Edge Equipment,climbing
HikePro Trekking Poles,192,2025-04-02,Outdoor Provisions Ltd.,backpacking
OutdoorGear Hammock,974,2024-03-30,Pioneer Gearworks,hiking equipment
TrailTracker GPS Device,741,2024-02-14,Trailblazer Gear,backpacking
WildernessSurvivor Survival Kit,706,2024-09-12,Outdoor Provisions Ltd.,mountain biking
HikePro Trekking Poles,222,2025-02-05,Pioneer Gearworks,climbing
OutdoorMaster Camping Stove,372,2025-02-02,Trailblazer Gear,hiking equipment
TrailTracker GPS Device,193,2024-05-24,Outdoor Provisions Ltd.,climbing
CampfirePro Cooking Set,941,2025-07-02,Expedition Outfitters,backpacking
OutdoorMaster Camping Stove,280,2024-06-18,Trailblazer Outfitters,climbing
ExplorerX Hiking Boots,470,2024-08-13,Explorers Equipment,fishing supplies
ExplorerX Hiking Boots,479,2025-05-21,Outdoor Provisions Ltd.,fishing supplies
CampfirePro Cooking Set,501,2024-06-23,Explorers Equipment,backpacking
TrailBlazer Camping Tent,408,2024-01-20,Trailblazer Gear,backpacking
ExplorerX Hiking Boots,255,2025-09-22,Trailblazer Outfitters,backpacking
WildernessSurvivor Survival Kit,994,2024-09-17,Pioneer Gearworks,fishing supplies
AdventurePro Backpack,338,2024-08-25,Backcountry Essentials,mountain biking
NatureSeeker Binoculars,699,2024-04-20,Nature's Best Gear,camping gear
ExplorerX Hiking Boots,970,2025-08-15,Explorers Equipment,fishing supplies
HikePro Trekking Poles,822,2025-01-29,Expedition Outfitters,climbing
HikePro Trekking Poles,585,2024-01-23,Backcountry Essentials,backpacking
NatureSeeker Binoculars,795,2024-07-23,Peak Performance Gear,fishing supplies
AdventurePro Backpack,219,2024-11-19,Alpine Adventure Co.,climbing
WildernessSurvivor Survival Kit,568,2025-05-18,Explorers Equipment,climbing
CampfirePro Cooking Set,364,2024-11-11,Explorer's Edge Equipment,skiing
WildernessSurvivor Survival Kit,401,2024-10-19,Trailblazer Outfitters,backpacking
OutdoorGear Hammock,538,2025-02-08,Wilderness Wares,backpacking
TrailTracker GPS Device,578,2024-04-05,Outdoor Gear Emporium,camping gear
NatureSeeker Binoculars,54,2025-04-13,Trailblazer Supplies,backpacking
WildernessSurvivor Survival Kit,323,2025-09-02,Backcountry Bound,hiking equipment
WildernessSurvivor Survival Kit,470,2024-03-08,Outdoor Discovery Co.,backpacking
CampfirePro Cooking Set,568,2024-07-27,Trailblazer Outfitters,hiking equipment
WildernessSurvivor Survival Kit,973,2024-01-30,Backcountry Essentials,camping gear
WildernessSurvivor Survival Kit,706,2025-02-02,Expedition Outfitters,hiking equipment
NatureSeeker Binoculars,5,2025-09-23,Trailblazer Gear,climbing
OutdoorMaster Camping Stove,615,2024-11-05,Wildland Gear,hiking equipment
OutdoorMaster Camping Stove,833,2024-07-07,Outdoor Pursuits Co.,climbing
OutdoorGear Hammock,32,2025-06-30,Adventure Gear Co.,backpacking
HikePro Trekking Poles,936,2024-05-10,Expedition Outfitters,mountain biking
WildernessSurvivor Survival Kit,197,2025-04-11,Backcountry Bound,fishing supplies
WildernessSurvivor Survival Kit,347,2024-03-25,Backcountry Essentials,climbing
HikePro Trekking Poles,15,2024-10-15,Summit Supplies,backpacking
OutdoorMaster Camping Stove,896,2024-11-03,Alpine Adventure Co.,camping gear
NatureSeeker Binoculars,429,2024-06-17,Backcountry Essentials,backpacking
NatureSeeker Binoculars,539,2024-11-10,Backcountry Essentials,camping gear
OutdoorMaster Camping Stove,176,2025-06-06,Adventure Gear Co.,hiking equipment
AdventurePro Backpack,739,2025-01-20,Nature's Edge Equipment,hiking equipment
CampfirePro Cooking Set,33,2025-05-09,Outdoor Provisions Ltd.,climbing
TrailBlazer Camping Tent,642,2024-06-21,Explorers Equipment,mountain biking
TrailTracker GPS Device,481,2024-05-14,Summit Supplies,mountain biking
TrailTracker GPS Device,441,2025-05-14,Peak Performance Gear,climbing
AdventurePro Backpack,510,2025-02-13,Wildland Gear,hiking equipment
TrailTracker GPS Device,215,2025-07-05,Backcountry Bound,climbing
NatureSeeker Binoculars,759,2024-07-22,Nature's Best Gear,fishing supplies
NatureSeeker Binoculars,367,2025-09-23,Adventure Seekers Gear,mountain biking
NatureSeeker Binoculars,161,2025-05-07,Outdoor Pursuits Co.,camping gear
TrailBlazer Camping Tent,400,2024-08-19,Expedition Outfitters,backpacking
OutdoorMaster Camping Stove,61,2025-05-21,Wilderness Wares,mountain biking
CampfirePro Cooking Set,3,2025-04-10,Trailblazer Gear,hiking equipment
TrailBlazer Camping Tent,328,2024-11-24,Outdoor Gear Emporium,camping gear
ExplorerX Hiking Boots,936,2025-03-02,Explorers Equipment,skiing
OutdoorMaster Camping Stove,170,2025-03-02,Peak Performance Gear,camping gear
TrailBlazer Camping Tent,970,2024-07-23,Adventure Seekers Gear,camping gear
ExplorerX Hiking Boots,439,2024-03-22,Nature's Edge Equipment,skiing
AdventurePro Backpack,765,2024-09-22,Adventure Gear Co.,backpacking
WildernessSurvivor Survival Kit,112,2024-05-21,Summit Supplies,climbing
NatureSeeker Binoculars,532,2024-09-25,Summit Supplies,camping gear
OutdoorMaster Camping Stove,896,2024-12-09,Adventure Gear Co.,backpacking
OutdoorGear Hammock,491,2024-01-16,Expedition Outfitters,hiking equipment
AdventurePro Backpack,772,2025-09-26,Summit Supplies,hiking equipment
ExplorerX Hiking Boots,291,2024-11-16,Trailblazer Gear,skiing
OutdoorGear Hammock,586,2024-02-06,Alpine Adventure Co.,mountain biking
NatureSeeker Binoculars,303,2024-10-24,Wilderness Wares,skiing
CampfirePro Cooking Set,629,2024-07-02,Summit Supplies,camping gear
TrailTracker GPS Device,242,2025-06-01,Nature's Best Gear,mountain biking
TrailTracker GPS Device,113,2024-02-23,Trailblazer Supplies,camping gear
OutdoorGear Hammock,861,2025-04-08,Adventure Gear Co.,climbing
OutdoorMaster Camping Stove,482,2025-07-04,Alpine Adventure Co.,hiking equipment
NatureSeeker Binoculars,384,2024-04-17,Outdoor Pursuits Co.,skiing
HikePro Trekking Poles,420,2025-04-07,Trailblazer Gear,camping gear
CampfirePro Cooking Set,163,2024-01-05,Trailblazer Outfitters,backpacking
TrailTracker GPS Device,904,2024-02-04,Expedition Outfitters,fishing supplies
TrailTracker GPS Device,457,2025-08-07,Outdoor Discovery Co.,hiking equipment
CampfirePro Cooking Set,52,2024-12-13,Expedition Outfitters,fishing supplies
OutdoorGear Hammock,598,2024-11-14,Nature's Trail Gear,camping gear
TrailBlazer Camping Tent,402,2025-05-22,Backcountry Bound,climbing
TrailBlazer Camping Tent,42,2025-09-06,Trailblazer Outfitters,backpacking
NatureSeeker Binoculars,219,2025-05-21,Peak Performance Gear,climbing
OutdoorGear Hammock,492,2024-06-21,Outdoor Pursuits Co.,mountain biking
OutdoorGear Hammock,101,2024-05-21,Adventure Seekers Gear,hiking equipment
HikePro Trekking Poles,76,2024-06-29,Adventure Seekers Gear,backpacking
ExplorerX Hiking Boots,12,2025-02-14,Alpine Adventure Co.,fishing supplies
TrailTracker GPS Device,966,2024-07-03,Trailblazer Supplies,backpacking
HikePro Trekking Poles,24,2025-05-13,Summit Seekers,mountain biking
HikePro Trekking Poles,698,2025-08-29,Summit Supplies,backpacking
AdventurePro Backpack,69,2024-01-18,Nature's Trail Gear,mountain biking
AdventurePro Backpack,791,2024-03-25,Wilderness Wares,mountain biking
TrailTracker GPS Device,290,2024-10-01,Alpine Adventure Co.,hiking equipment
OutdoorMaster Camping Stove,600,2025-08-05,Nature's Best Gear,climbing
HikePro Trekking Poles,856,2025-09-09,Wilderness Outfitters,camping gear
TrailTracker GPS Device,354,2024-10-07,Adventure Gear Co.,climbing
WildernessSurvivor Survival Kit,251,2025-07-05,Adventure Seekers Gear,climbing
NatureSeeker Binoculars,508,2025-02-04,Trailblazer Supplies,camping gear
TrailBlazer Camping Tent,760,2025-02-13,Expedition Outfitters,camping gear
TrailBlazer Camping Tent,830,2025-03-10,Trailblazer Supplies,climbing
AdventurePro Backpack,107,2024-12-16,Backcountry Essentials,backpacking
NatureSeeker Binoculars,780,2024-10-25,Outdoor Gear Emporium,climbing
CampfirePro Cooking Set,416,2025-04-24,Wildland Gear,backpacking
OutdoorMaster Camping Stove,841,2025-06-08,Outdoor Provisions Ltd.,mountain biking
AdventurePro Backpack,573,2024-09-26,Explorers Equipment,climbing
HikePro Trekking Poles,130,2025-08-16,Pioneer Gearworks,hiking equipment
OutdoorGear Hammock,878,2025-09-23,Trailblazer Outfitters,fishing supplies
TrailTracker GPS Device,708,2024-12-27,Outdoor Provisions Ltd.,climbing
WildernessSurvivor Survival Kit,219,2024-01-29,Trailblazer Supplies,hiking equipment
TrailBlazer Camping Tent,26,2024-10-25,Outdoor Provisions Ltd.,fishing supplies
ExplorerX Hiking Boots,415,2024-04-02,Outdoor Gear Emporium,climbing
AdventurePro Backpack,188,2025-02-16,Wilderness Wares,camping gear
WildernessSurvivor Survival Kit,908,2025-01-20,Wilderness Outfitters,fishing supplies
ExplorerX Hiking Boots,96,2024-06-02,Explorers Equipment,hiking equipment
TrailBlazer Camping Tent,371,2025-09-20,Trailblazer Supplies,camping gear
CampfirePro Cooking Set,182,2024-12-19,Adventure Seekers Gear,backpacking
TrailBlazer Camping Tent,975,2025-06-19,Summit Supplies,hiking equipment
TrailBlazer Camping Tent,477,2024-09-01,Peak Performance Gear,backpacking
CampfirePro Cooking Set,266,2025-06-04,Backcountry Bound,camping gear
OutdoorGear Hammock,166,2024-03-03,Trailblazer Supplies,camping gear
WildernessSurvivor Survival Kit,928,2024-04-09,Explorers Equipment,hiking equipment
WildernessSurvivor Survival Kit,520,2025-07-20,Nature's Edge Equipment,fishing supplies
OutdoorGear Hammock,60,2025-03-28,Backcountry Bound,skiing
OutdoorGear Hammock,549,2025-01-14,Explorers Equipment,fishing supplies
NatureSeeker Binoculars,103,2025-05-29,Explorers Equipment,mountain biking
NatureSeeker Binoculars,361,2024-03-05,Summit Seekers,camping gear
CampfirePro Cooking Set,778,2025-03-29,Wildland Gear,fishing supplies
TrailBlazer Camping Tent,206,2025-06-21,Peak Performance Gear,hiking equipment
WildernessSurvivor Survival Kit,72,2024-08-29,Expedition Outfitters,fishing supplies
TrailTracker GPS Device,757,2024-08-17,Summit Supplies,climbing
ExplorerX Hiking Boots,459,2025-03-16,Explorers Equipment,fishing supplies
NatureSeeker Binoculars,885,2024-05-21,Backcountry Bound,mountain biking
WildernessSurvivor Survival Kit,279,2024-03-03,Pioneer Gearworks,fishing supplies
CampfirePro Cooking Set,173,2025-07-23,Summit Seekers,climbing
WildernessSurvivor Survival Kit,886,2025-07-11,Pioneer Gearworks,backpacking
OutdoorGear Hammock,192,2024-06-28,Outdoor Gear Emporium,fishing supplies
WildernessSurvivor Survival Kit,14,2024-07-14,Outdoor Pursuits Co.,mountain biking
OutdoorGear Hammock,440,2025-07-09,Backcountry Bound,camping gear
TrailTracker GPS Device,958,2025-08-18,Trailblazer Gear,climbing
HikePro Trekking Poles,427,2025-01-13,Trailblazer Gear,climbing
WildernessSurvivor Survival Kit,889,2025-01-08,Wilderness Outfitters,camping gear
WildernessSurvivor Survival Kit,30,2025-07-12,Wildland Gear,mountain biking
OutdoorMaster Camping Stove,94,2024-11-27,Wilderness Outfitters,mountain biking
TrailTracker GPS Device,756,2024-03-13,Outdoor Gear Emporium,hiking equipment
OutdoorMaster Camping Stove,638,2024-01-20,Nature's Best Gear,camping gear
WildernessSurvivor Survival Kit,486,2024-12-23,Wilderness Outfitters,mountain biking
WildernessSurvivor Survival Kit,178,2025-03-14,Outdoor Pursuits Co.,climbing
ExplorerX Hiking Boots,129,2024-08-15,Alpine Adventure Co.,skiing
NatureSeeker Binoculars,319,2025-02-11,Outdoor Gear Emporium,hiking equipment
CampfirePro Cooking Set,583,2025-09-17,Wildland Gear,skiing
CampfirePro Cooking Set,828,2024-06-15,Trailblazer Outfitters,fishing supplies
NatureSeeker Binoculars,980,2024-09-16,Summit Seekers,climbing
WildernessSurvivor Survival Kit,772,2024-08-08,Trailblazer Supplies,climbing
CampfirePro Cooking Set,113,2024-07-25,Backcountry Essentials,skiing
TrailBlazer Camping Tent,598,2024-01-31,Pioneer Gearworks,mountain biking
OutdoorMaster Camping Stove,552,2024-09-22,Pioneer Gearworks,camping gear
TrailBlazer Camping Tent,268,2025-09-03,Nature's Best Gear,backpacking
TrailBlazer Camping Tent,863,2024-06-02,Wilderness Wares,hiking equipment
TrailTracker GPS Device,524,2024-01-20,Outdoor Discovery Co.,camping gear
HikePro Trekking Poles,608,2025-05-26,Wilderness Outfitters,fishing supplies
CampfirePro Cooking Set,973,2024-06-04,Wilderness Outfitters,fishing supplies
ExplorerX Hiking Boots,524,2025-05-26,Adventure Gear Co.,mountain biking
WildernessSurvivor Survival Kit,52,2025-06-09,Outdoor Provisions Ltd.,hiking equipment
NatureSeeker Binoculars,675,2024-01-13,Outdoor Discovery Co.,skiing
NatureSeeker Binoculars,306,2024-11-22,Wilderness Outfitters,climbing
AdventurePro Backpack,127,2025-07-20,Backcountry Essentials,hiking equipment
CampfirePro Cooking Set,917,2024-09-21,Trailblazer Supplies,camping gear
TrailTracker GPS Device,278,2025-07-26,Adventure Gear Co.,climbing
OutdoorMaster Camping Stove,23,2024-06-23,Explorers Equipment,skiing
TrailTracker GPS Device,478,2024-10-27,Trailblazer Supplies,skiing
CampfirePro Cooking Set,808,2024-01-27,Wildland Gear,hiking equipment
HikePro Trekking Poles,923,2025-02-02,Trailblazer Supplies,backpacking
ExplorerX Hiking Boots,7,2024-10-07,Summit Supplies,backpacking
WildernessSurvivor Survival Kit,403,2024-07-03,Backcountry Essentials,camping gear
ExplorerX Hiking Boots,436,2024-01-10,Wilderness Wares,backpacking
TrailBlazer Camping Tent,200,2025-07-01,Summit Seekers,mountain biking
ExplorerX Hiking Boots,135,2025-09-28,Outdoor Discovery Co.,skiing
WildernessSurvivor Survival Kit,897,2024-04-27,Nature's Edge Equipment,skiing
ExplorerX Hiking Boots,147,2025-07-23,Outdoor Pursuits Co.,mountain biking
AdventurePro Backpack,308,2025-08-06,Explorer's Edge Equipment,fishing supplies
OutdoorGear Hammock,766,2024-02-24,Nature's Trail Gear,camping gear
TrailTracker GPS Device,527,2024-07-09,Nature's Best Gear,hiking equipment
WildernessSurvivor Survival Kit,477,2024-01-09,Wildland Gear,mountain biking
AdventurePro Backpack,734,2024-05-27,Wilderness Outfitters,climbing
OutdoorGear Hammock,422,2024-12-28,Outdoor Pursuits Co.,skiing
OutdoorGear Hammock,174,2024-09-19,Wildland Gear,hiking equipment
TrailBlazer Camping Tent,140,2024-09-19,Backcountry Bound,skiing
OutdoorMaster Camping Stove,317,2024-11-13,Backcountry Essentials,mountain biking
WildernessSurvivor Survival Kit,722,2025-03-31,Pioneer Gearworks,camping gear
TrailBlazer Camping Tent,186,2024-05-25,Outdoor Provisions Ltd.,fishing supplies
TrailTracker GPS Device,30,2024-02-14,Backcountry Essentials,climbing
CampfirePro Cooking Set,227,2025-03-17,Expedition Outfitters,camping gear
HikePro Trekking Poles,542,2024-04-01,Explorers Equipment,fishing supplies
NatureSeeker Binoculars,523,2024-05-27,Trailblazer Gear,camping gear
ExplorerX Hiking Boots,589,2024-01-09,Outdoor Pursuits Co.,skiing
WildernessSurvivor Survival Kit,402,2024-02-11,Wildland Gear,climbing
CampfirePro Cooking Set,848,2025-04-28,Wildland Gear,fishing supplies
NatureSeeker Binoculars,336,2025-09-04,Trailblazer Supplies,backpacking
TrailBlazer Camping Tent,486,2024-01-21,Wilderness Outfitters,fishing supplies
AdventurePro Backpack,520,2025-02-13,Summit Seekers,backpacking
TrailTracker GPS Device,708,2025-01-02,Nature's Edge Equipment,climbing
CampfirePro Cooking Set,367,2024-12-29,Trailblazer Supplies,backpacking
AdventurePro Backpack,412,2024-07-27,Nature's Edge Equipment,camping gear
OutdoorMaster Camping Stove,402,2024-07-05,Nature's Edge Equipment,fishing supplies
TrailBlazer Camping Tent,252,2025-04-28,Alpine Adventure Co.,mountain biking
WildernessSurvivor Survival Kit,468,2024-09-17,Nature's Edge Equipment,skiing
AdventurePro Backpack,20,2024-07-29,Explorers Equipment,fishing supplies
ExplorerX Hiking Boots,898,2024-03-02,Summit Supplies,climbing
AdventurePro Backpack,580,2025-04-10,Backcountry Bound,hiking equipment
CampfirePro Cooking Set,720,2024-01-04,Summit Seekers,climbing
CampfirePro Cooking Set,125,2025-02-26,Outdoor Provisions Ltd.,climbing
NatureSeeker Binoculars,313,2025-06-01,Adventure Gear Co.,skiing
NatureSeeker Binoculars,173,2024-12-22,Nature's Best Gear,camping gear
TrailTracker GPS Device,60,2024-01-14,Summit Supplies,fishing supplies
TrailBlazer Camping Tent,965,2024-01-19,Outdoor Discovery Co.,mountain biking
ExplorerX Hiking Boots,412,2024-11-12,Pioneer Gearworks,backpacking
NatureSeeker Binoculars,118,2025-04-25,Wilderness Outfitters,camping gear
OutdoorMaster Camping Stove,769,2025-04-24,Trailblazer Outfitters,climbing
AdventurePro Backpack,820,2025-03-23,Outdoor Gear Emporium,fishing supplies
AdventurePro Backpack,729,2025-09-18,Summit Seekers,fishing supplies
OutdoorMaster Camping Stove,103,2024-03-07,Summit Supplies,skiing
ExplorerX Hiking Boots,57,2025-06-08,Nature's Trail Gear,camping gear
NatureSeeker Binoculars,397,2024-06-20,Pioneer Gearworks,backpacking
AdventurePro Backpack,337,2024-11-24,Nature's Best Gear,climbing
OutdoorMaster Camping Stove,342,2025-07-14,Outdoor Pursuits Co.,camping gear
OutdoorGear Hammock,399,2024-05-20,Outdoor Provisions Ltd.,mountain biking
ExplorerX Hiking Boots,598,2024-09-07,Wildland Gear,climbing
HikePro Trekking Poles,586,2024-04-18,Trailblazer Supplies,fishing supplies
HikePro Trekking Poles,740,2025-09-25,Adventure Seekers Gear,mountain biking
HikePro Trekking Poles,924,2025-09-19,Trailblazer Outfitters,hiking equipment
WildernessSurvivor Survival Kit,456,2025-09-22,Trailblazer Supplies,camping gear
TrailTracker GPS Device,387,2024-12-29,Outdoor Provisions Ltd.,mountain biking
OutdoorMaster Camping Stove,585,2024-09-15,Outdoor Provisions Ltd.,mountain biking
ExplorerX Hiking Boots,119,2024-10-11,Pioneer Gearworks,fishing supplies
OutdoorGear Hammock,702,2025-05-20,Trailblazer Gear,climbing
TrailTracker GPS Device,407,2025-04-06,Wildland Gear,mountain biking
OutdoorGear Hammock,78,2024-03-02,Explorer's Edge Equipment,skiing
WildernessSurvivor Survival Kit,517,2024-08-02,Trailblazer Outfitters,hiking equipment
NatureSeeker Binoculars,316,2024-01-08,Nature's Best Gear,camping gear
TrailBlazer Camping Tent,900,2025-07-05,Explorer's Edge Equipment,fishing supplies
ExplorerX Hiking Boots,973,2025-02-24,Summit Seekers,climbing
AdventurePro Backpack,325,2024-08-05,Wilderness Wares,backpacking
TrailBlazer Camping Tent,948,2024-01-20,Alpine Adventure Co.,backpacking
HikePro Trekking Poles,810,2025-03-14,Nature's Trail Gear,skiing
OutdoorMaster Camping Stove,745,2024-12-04,Explorers Equipment,fishing supplies
OutdoorGear Hammock,705,2025-08-15,Explorers Equipment,skiing
NatureSeeker Binoculars,688,2025-01-06,Nature's Trail Gear,skiing
TrailTracker GPS Device,216,2024-01-21,Explorers Equipment,mountain biking
NatureSeeker Binoculars,670,2024-08-15,Backcountry Bound,camping gear
NatureSeeker Binoculars,613,2025-06-18,Explorer's Edge Equipment,skiing
TrailTracker GPS Device,893,2025-05-03,Wilderness Wares,backpacking
TrailBlazer Camping Tent,353,2024-05-21,Outdoor Discovery Co.,mountain biking
ExplorerX Hiking Boots,498,2025-07-21,Trailblazer Outfitters,backpacking
TrailTracker GPS Device,351,2024-11-29,Nature's Best Gear,hiking equipment
WildernessSurvivor Survival Kit,455,2025-04-10,Wilderness Outfitters,climbing
AdventurePro Backpack,72,2024-06-14,Backcountry Essentials,camping gear
TrailTracker GPS Device,614,2025-07-04,Wilderness Wares,backpacking
NatureSeeker Binoculars,606,2025-08-22,Nature's Edge Equipment,skiing
AdventurePro Backpack,168,2024-08-15,Summit Supplies,mountain biking
HikePro Trekking Poles,261,2025-03-06,Wildland Gear,hiking equipment
WildernessSurvivor Survival Kit,767,2024-11-18,Explorers Equipment,climbing
NatureSeeker Binoculars,585,2024-08-12,Outdoor Discovery Co.,skiing
AdventurePro Backpack,918,2025-04-19,Trailblazer Supplies,fishing supplies
NatureSeeker Binoculars,293,2025-03-31,Outdoor Provisions Ltd.,skiing
ExplorerX Hiking Boots,570,2025-03-09,Trailblazer Supplies,backpacking
CampfirePro Cooking Set,24,2025-04-13,Outdoor Pursuits Co.,skiing
TrailTracker GPS Device,784,2025-02-28,Nature's Edge Equipment,mountain biking
NatureSeeker Binoculars,700,2025-06-25,Summit Supplies,skiing
TrailBlazer Camping Tent,587,2024-02-03,Summit Supplies,mountain biking
AdventurePro Backpack,359,2025-09-13,Expedition Outfitters,skiing
TrailTracker GPS Device,296,2025-09-10,Trailblazer Supplies,camping gear
OutdoorGear Hammock,190,2025-01-15,Outdoor Gear Emporium,camping gear
HikePro Trekking Poles,136,2024-05-31,Wildland Gear,fishing supplies
HikePro Trekking Poles,358,2024-06-05,Outdoor Pursuits Co.,backpacking
TrailTracker GPS Device,984,2025-01-04,Summit Supplies,fishing supplies
TrailTracker GPS Device,206,2024-04-28,Nature's Trail Gear,fishing supplies
TrailBlazer Camping Tent,408,2025-03-30,Explorers Equipment,camping gear
WildernessSurvivor Survival Kit,120,2025-04-09,Summit Supplies,fishing supplies
HikePro Trekking Poles,564,2024-01-06,Expedition Outfitters,climbing
NatureSeeker Binoculars,576,2025-08-16,Nature's Edge Equipment,hiking equipment
TrailTracker GPS Device,933,2024-10-10,Summit Seekers,mountain biking
ExplorerX Hiking Boots,558,2024-12-09,Trailblazer Gear,fishing supplies
OutdoorMaster Camping Stove,299,2024-12-08,Expedition Outfitters,hiking equipment
TrailBlazer Camping Tent,331,2024-08-22,Backcountry Bound,backpacking
OutdoorMaster Camping Stove,352,2024-12-26,Nature's Best Gear,fishing supplies
TrailBlazer Camping Tent,725,2024-08-31,Alpine Adventure Co.,camping gear
TrailTracker GPS Device,944,2024-09-19,Outdoor Gear Emporium,climbing
ExplorerX Hiking Boots,175,2025-08-16,Backcountry Essentials,fishing supplies
OutdoorGear Hammock,54,2024-04-08,Trailblazer Gear,climbing
TrailBlazer Camping Tent,211,2024-04-06,Outdoor Discovery Co.,hiking equipment
HikePro Trekking Poles,93,2025-01-27,Outdoor Discovery Co.,backpacking
OutdoorGear Hammock,371,2024-10-30,Summit Supplies,climbing
WildernessSurvivor Survival Kit,646,2024-03-15,Nature's Edge Equipment,hiking equipment
ExplorerX Hiking Boots,37,2024-09-15,Peak Performance Gear,skiing
TrailBlazer Camping Tent,250,2024-03-27,Outdoor Provisions Ltd.,backpacking
TrailBlazer Camping Tent,47,2024-08-24,Outdoor Provisions Ltd.,fishing supplies
TrailTracker GPS Device,957,2024-03-22,Trailblazer Supplies,mountain biking
TrailTracker GPS Device,356,2024-01-18,Alpine Adventure Co.,fishing supplies
AdventurePro Backpack,624,2024-11-25,Wilderness Outfitters,mountain biking
TrailBlazer Camping Tent,120,2025-04-27,Trailblazer Supplies,mountain biking
TrailTracker GPS Device,889,2024-08-24,Alpine Adventure Co.,backpacking
TrailBlazer Camping Tent,459,2025-03-23,Peak Performance Gear,skiing
CampfirePro Cooking Set,103,2025-01-22,Adventure Seekers Gear,backpacking
ExplorerX Hiking Boots,926,2025-09-26,Explorers Equipment,backpacking
CampfirePro Cooking Set,666,2024-05-31,Outdoor Gear Emporium,climbing
OutdoorMaster Camping Stove,611,2025-08-15,Outdoor Provisions Ltd.,backpacking
TrailBlazer Camping Tent,21,2024-12-31,Wilderness Outfitters,skiing
AdventurePro Backpack,750,2024-02-17,Outdoor Pursuits Co.,fishing supplies
CampfirePro Cooking Set,808,2024-12-27,Peak Performance Gear,mountain biking
TrailTracker GPS Device,424,2024-08-08,Explorers Equipment,mountain biking
WildernessSurvivor Survival Kit,45,2025-04-07,Wildland Gear,skiing
HikePro Trekking Poles,869,2024-01-08,Wilderness Outfitters,hiking equipment
WildernessSurvivor Survival Kit,600,2025-08-22,Summit Seekers,climbing
WildernessSurvivor Survival Kit,586,2024-04-24,Explorers Equipment,camping gear
HikePro Trekking Poles,365,2024-02-18,Backcountry Essentials,backpacking
ExplorerX Hiking Boots,111,2025-09-29,Summit Seekers,climbing
TrailTracker GPS Device,327,2024-04-18,Nature's Edge Equipment,climbing
TrailTracker GPS Device,944,2025-01-21,Explorers Equipment,fishing supplies
ExplorerX Hiking Boots,541,2024-12-26,Trailblazer Outfitters,camping gear
NatureSeeker Binoculars,694,2024-04-23,Expedition Outfitters,camping gear
CampfirePro Cooking Set,380,2024-10-04,Summit Seekers,climbing
ExplorerX Hiking Boots,234,2024-10-09,Outdoor Discovery Co.,camping gear
CampfirePro Cooking Set,211,2024-11-04,Outdoor Discovery Co.,hiking equipment
TrailTracker GPS Device,337,2024-05-27,Backcountry Essentials,hiking equipment
NatureSeeker Binoculars,514,2025-01-19,Expedition Outfitters,climbing
OutdoorGear Hammock,897,2024-07-16,Wilderness Outfitters,climbing
NatureSeeker Binoculars,236,2025-09-22,Summit Supplies,hiking equipment
WildernessSurvivor Survival Kit,319,2024-08-26,Peak Performance Gear,camping gear
WildernessSurvivor Survival Kit,315,2024-10-22,Expedition Outfitters,hiking equipment
TrailTracker GPS Device,622,2024-08-23,Outdoor Discovery Co.,backpacking
OutdoorGear Hammock,180,2024-10-02,Wildland Gear,fishing supplies
TrailTracker GPS Device,992,2025-09-29,Outdoor Provisions Ltd.,climbing
AdventurePro Backpack,863,2025-05-04,Adventure Seekers Gear,backpacking
AdventurePro Backpack,1,2024-04-14,Outdoor Gear Emporium,camping gear
AdventurePro Backpack,753,2025-01-25,Pioneer Gearworks,backpacking
OutdoorGear Hammock,495,2024-03-17,Wildland Gear,fishing supplies
ExplorerX Hiking Boots,477,2025-06-18,Pioneer Gearworks,fishing supplies
OutdoorGear Hammock,107,2024-02-09,Pioneer Gearworks,fishing supplies
CampfirePro Cooking Set,83,2025-08-09,Trailblazer Gear,mountain biking
OutdoorGear Hammock,583,2024-08-10,Adventure Seekers Gear,camping gear
TrailBlazer Camping Tent,285,2024-08-26,Trailblazer Gear,mountain biking
CampfirePro Cooking Set,746,2024-08-30,Explorer's Edge Equipment,backpacking
NatureSeeker Binoculars,610,2025-02-24,Trailblazer Gear,mountain biking
HikePro Trekking Poles,773,2024-06-27,Backcountry Bound,hiking equipment
CampfirePro Cooking Set,643,2025-05-09,Backcountry Essentials,hiking equipment
NatureSeeker Binoculars,390,2024-04-08,Pioneer Gearworks,climbing
ExplorerX Hiking Boots,740,2024-09-08,Nature's Edge Equipment,climbing
TrailBlazer Camping Tent,532,2024-01-23,Wildland Gear,fishing supplies
OutdoorMaster Camping Stove,52,2025-03-24,Trailblazer Gear,camping gear
WildernessSurvivor Survival Kit,149,2024-06-01,Peak Performance Gear,hiking equipment
CampfirePro Cooking Set,913,2024-05-31,Outdoor Provisions Ltd.,climbing
WildernessSurvivor Survival Kit,29,2024-10-12,Adventure Gear Co.,hiking equipment
CampfirePro Cooking Set,126,2025-05-01,Explorers Equipment,camping gear
TrailBlazer Camping Tent,246,2024-04-04,Trailblazer Gear,backpacking
OutdoorGear Hammock,455,2024-05-02,Trailblazer Gear,camping gear
OutdoorGear Hammock,922,2024-05-01,Outdoor Pursuits Co.,backpacking
OutdoorGear Hammock,99,2024-12-03,Wildland Gear,skiing
OutdoorMaster Camping Stove,404,2024-03-01,Backcountry Bound,climbing
ExplorerX Hiking Boots,500,2024-01-14,Wilderness Outfitters,climbing
ExplorerX Hiking Boots,422,2025-01-22,Expedition Outfitters,hiking equipment
AdventurePro Backpack,96,2025-07-24,Adventure Seekers Gear,hiking equipment
ExplorerX Hiking Boots,122,2025-01-05,Summit Seekers,backpacking
OutdoorGear Hammock,641,2025-07-10,Trailblazer Gear,mountain biking
ExplorerX Hiking Boots,970,2025-02-14,Wildland Gear,climbing
HikePro Trekking Poles,732,2025-02-09,Nature's Edge Equipment,backpacking
WildernessSurvivor Survival Kit,222,2025-02-10,Nature's Edge Equipment,camping gear
NatureSeeker Binoculars,336,2025-08-23,Outdoor Gear Emporium,skiing
ExplorerX Hiking Boots,324,2025-03-25,Nature's Best Gear,camping gear
AdventurePro Backpack,869,2024-01-12,Pioneer Gearworks,climbing
OutdoorGear Hammock,51,2024-12-21,Trailblazer Outfitters,mountain biking
WildernessSurvivor Survival Kit,271,2025-05-09,Peak Performance Gear,camping gear
WildernessSurvivor Survival Kit,772,2025-03-06,Outdoor Pursuits Co.,fishing supplies
TrailTracker GPS Device,547,2024-03-12,Adventure Gear Co.,backpacking
OutdoorMaster Camping Stove,495,2024-01-19,Backcountry Essentials,hiking equipment
AdventurePro Backpack,910,2025-02-03,Outdoor Gear Emporium,hiking equipment
TrailBlazer Camping Tent,145,2024-08-29,Explorer's Edge Equipment,camping gear
ExplorerX Hiking Boots,618,2025-08-08,Outdoor Discovery Co.,camping gear
WildernessSurvivor Survival Kit,823,2025-08-10,Trailblazer Supplies,climbing
WildernessSurvivor Survival Kit,634,2024-01-02,Peak Performance Gear,backpacking
HikePro Trekking Poles,445,2025-04-12,Pioneer Gearworks,skiing
OutdoorGear Hammock,606,2024-03-09,Outdoor Pursuits Co.,mountain biking
ExplorerX Hiking Boots,909,2024-02-04,Wildland Gear,mountain biking
TrailTracker GPS Device,97,2025-01-20,Summit Seekers,skiing
OutdoorMaster Camping Stove,832,2025-07-15,Pioneer Gearworks,hiking equipment
AdventurePro Backpack,548,2025-04-02,Outdoor Gear Emporium,skiing
CampfirePro Cooking Set,655,2024-10-01,Pioneer Gearworks,fishing supplies
TrailTracker GPS Device,256,2025-09-03,Adventure Gear Co.,mountain biking
TrailTracker GPS Device,343,2024-12-02,Explorers Equipment,skiing
OutdoorGear Hammock,359,2024-03-11,Explorers Equipment,fishing supplies
HikePro Trekking Poles,365,2024-03-17,Backcountry Essentials,backpacking
TrailTracker GPS Device,706,2025-03-21,Trailblazer Gear,skiing
CampfirePro Cooking Set,617,2025-05-29,Backcountry Bound,hiking equipment
HikePro Trekking Poles,576,2025-03-04,Nature's Best Gear,hiking equipment
TrailTracker GPS Device,195,2025-01-03,Outdoor Provisions Ltd.,mountain biking
TrailBlazer Camping Tent,296,2024-03-28,Backcountry Bound,camping gear
TrailBlazer Camping Tent,943,2025-07-05,Peak Performance Gear,skiing
AdventurePro Backpack,958,2024-06-23,Outdoor Discovery Co.,hiking equipment
TrailBlazer Camping Tent,667,2025-08-22,Wilderness Outfitters,backpacking
OutdoorMaster Camping Stove,462,2025-01-14,Outdoor Provisions Ltd.,fishing supplies
CampfirePro Cooking Set,337,2024-01-18,Outdoor Discovery Co.,climbing
AdventurePro Backpack,869,2024-05-04,Trailblazer Outfitters,skiing
ExplorerX Hiking Boots,765,2025-09-13,Adventure Seekers Gear,climbing
OutdoorMaster Camping Stove,364,2025-08-15,Pioneer Gearworks,skiing
HikePro Trekking Poles,984,2025-02-10,Explorers Equipment,hiking equipment
HikePro Trekking Poles,302,2025-05-11,Outdoor Provisions Ltd.,backpacking
OutdoorGear Hammock,407,2024-03-08,Adventure Gear Co.,skiing
ExplorerX Hiking Boots,899,2024-08-05,Outdoor Provisions Ltd.,mountain biking
OutdoorMaster Camping Stove,571,2025-02-23,Wildland Gear,camping gear
CampfirePro Cooking Set,535,2025-04-13,Summit Seekers,skiing
WildernessSurvivor Survival Kit,445,2025-06-02,Explorers Equipment,camping gear
HikePro Trekking Poles,171,2025-08-07,Backcountry Bound,climbing
OutdoorGear Hammock,104,2024-04-08,Outdoor Discovery Co.,hiking equipment
CampfirePro Cooking Set,629,2024-11-14,Backcountry Essentials,mountain biking
TrailBlazer Camping Tent,675,2024-01-11,Summit Seekers,climbing
ExplorerX Hiking Boots,814,2024-01-22,Outdoor Gear Emporium,climbing
OutdoorGear Hammock,984,2024-02-05,Outdoor Provisions Ltd.,camping gear
WildernessSurvivor Survival Kit,236,2025-04-26,Alpine Adventure Co.,backpacking
WildernessSurvivor Survival Kit,618,2024-08-13,Outdoor Gear Emporium,skiing
NatureSeeker Binoculars,931,2025-04-07,Explorers Equipment,skiing
NatureSeeker Binoculars,743,2024-09-11,Summit Supplies,camping gear
HikePro Trekking Poles,163,2025-04-22,Trailblazer Supplies,backpacking
NatureSeeker Binoculars,275,2025-02-26,Nature's Trail Gear,camping gear
HikePro Trekking Poles,103,2025-02-06,Outdoor Pursuits Co.,climbing
WildernessSurvivor Survival Kit,858,2024-01-31,Alpine Adventure Co.,camping gear
TrailTracker GPS Device,327,2025-02-07,Wilderness Outfitters,mountain biking
AdventurePro Backpack,29,2024-02-08,Explorer's Edge Equipment,climbing
ExplorerX Hiking Boots,280,2024-06-18,Outdoor Pursuits Co.,hiking equipment
OutdoorGear Hammock,81,2025-08-17,Nature's Trail Gear,climbing
TrailBlazer Camping Tent,822,2024-03-22,Adventure Seekers Gear,climbing
OutdoorMaster Camping Stove,682,2025-04-11,Outdoor Gear Emporium,camping gear
AdventurePro Backpack,958,2024-03-14,Wilderness Wares,backpacking
TrailTracker GPS Device,389,2024-10-25,Adventure Gear Co.,skiing
TrailTracker GPS Device,276,2025-09-01,Expedition Outfitters,fishing supplies
OutdoorMaster Camping Stove,492,2025-04-20,Adventure Seekers Gear,camping gear
ExplorerX Hiking Boots,524,2025-04-22,Trailblazer Gear,backpacking
OutdoorGear Hammock,665,2024-06-19,Pioneer Gearworks,skiing
CampfirePro Cooking Set,839,2025-04-26,Outdoor Gear Emporium,fishing supplies
TrailTracker GPS Device,489,2024-02-13,Adventure Gear Co.,fishing supplies
AdventurePro Backpack,720,2025-03-16,Explorers Equipment,hiking equipment
NatureSeeker Binoculars,749,2025-04-02,Adventure Seekers Gear,camping gear
ExplorerX Hiking Boots,589,2025-03-17,Adventure Gear Co.,camping gear
ExplorerX Hiking Boots,211,2025-02-21,Wilderness Wares,hiking equipment
HikePro Trekking Poles,95,2024-04-19,Outdoor Pursuits Co.,mountain biking
CampfirePro Cooking Set,234,2025-07-31,Wildland Gear,climbing
ExplorerX Hiking Boots,2,2025-08-18,Wilderness Outfitters,backpacking
OutdoorGear Hammock,73,2024-03-02,Wilderness Outfitters,hiking equipment
OutdoorGear Hammock,568,2024-06-08,Adventure Seekers Gear,climbing
TrailTracker GPS Device,337,2024-03-23,Backcountry Essentials,climbing
WildernessSurvivor Survival Kit,26,2025-04-27,Backcountry Essentials,mountain biking
OutdoorMaster Camping Stove,772,2025-07-09,Backcountry Essentials,hiking equipment
OutdoorMaster Camping Stove,135,2024-05-24,Nature's Edge Equipment,hiking equipment
ExplorerX Hiking Boots,113,2024-06-03,Wilderness Outfitters,hiking equipment
TrailTracker GPS Device,560,2025-04-27,Wildland Gear,climbing
TrailBlazer Camping Tent,100,2025-05-13,Wilderness Wares,hiking equipment
NatureSeeker Binoculars,812,2024-06-12,Wilderness Wares,fishing supplies
CampfirePro Cooking Set,572,2025-05-24,Nature's Trail Gear,climbing
OutdoorGear Hammock,171,2024-08-31,Trailblazer Supplies,mountain biking
NatureSeeker Binoculars,249,2024-01-03,Trailblazer Gear,hiking equipment
TrailTracker GPS Device,241,2025-09-04,Wilderness Outfitters,mountain biking
TrailBlazer Camping Tent,390,2024-09-09,Expedition Outfitters,camping gear
TrailBlazer Camping Tent,967,2025-07-24,Nature's Trail Gear,backpacking
OutdoorMaster Camping Stove,4,2024-08-03,Nature's Best Gear,mountain biking
AdventurePro Backpack,414,2024-11-02,Trailblazer Outfitters,mountain biking
TrailBlazer Camping Tent,419,2025-03-10,Nature's Edge Equipment,skiing
OutdoorGear Hammock,173,2024-04-16,Trailblazer Outfitters,skiing
NatureSeeker Binoculars,775,2024-03-13,Adventure Gear Co.,mountain biking
TrailTracker GPS Device,978,2024-07-26,Explorer's Edge Equipment,mountain biking
TrailTracker GPS Device,637,2024-05-07,Backcountry Bound,climbing
WildernessSurvivor Survival Kit,796,2025-04-08,Adventure Seekers Gear,skiing
ExplorerX Hiking Boots,130,2024-04-21,Wilderness Wares,climbing
TrailBlazer Camping Tent,145,2025-07-07,Pioneer Gearworks,mountain biking
NatureSeeker Binoculars,976,2024-09-15,Nature's Best Gear,mountain biking
OutdoorGear Hammock,276,2024-09-02,Summit Supplies,mountain biking
CampfirePro Cooking Set,551,2025-02-08,Outdoor Gear Emporium,skiing
TrailBlazer Camping Tent,42,2024-07-22,Summit Seekers,climbing
OutdoorMaster Camping Stove,868,2025-02-08,Summit Seekers,mountain biking
CampfirePro Cooking Set,11,2024-10-31,Summit Seekers,fishing supplies
AdventurePro Backpack,493,2024-01-15,Outdoor Provisions Ltd.,backpacking
CampfirePro Cooking Set,481,2024-11-19,Pioneer Gearworks,camping gear
HikePro Trekking Poles,764,2024-07-20,Adventure Gear Co.,mountain biking
NatureSeeker Binoculars,543,2025-08-13,Alpine Adventure Co.,fishing supplies
CampfirePro Cooking Set,191,2024-11-25,Explorers Equipment,fishing supplies
ExplorerX Hiking Boots,650,2024-08-21,Outdoor Pursuits Co.,backpacking
WildernessSurvivor Survival Kit,240,2025-05-14,Summit Seekers,fishing supplies
NatureSeeker Binoculars,644,2024-09-19,Alpine Adventure Co.,hiking equipment
TrailBlazer Camping Tent,981,2024-12-15,Wilderness Wares,skiing
HikePro Trekking Poles,494,2025-02-07,Adventure Gear Co.,skiing
OutdoorGear Hammock,995,2024-03-21,Explorer's Edge Equipment,backpacking
OutdoorMaster Camping Stove,982,2025-09-25,Nature's Edge Equipment,skiing
ExplorerX Hiking Boots,379,2025-07-31,Summit Supplies,fishing supplies
OutdoorMaster Camping Stove,474,2024-10-12,Outdoor Discovery Co.,fishing supplies
OutdoorGear Hammock,12,2025-08-11,Wilderness Outfitters,climbing
HikePro Trekking Poles,505,2025-06-11,Trailblazer Gear,hiking equipment
NatureSeeker Binoculars,68,2025-04-08,Nature's Trail Gear,climbing
NatureSeeker Binoculars,92,2025-04-10,Adventure Gear Co.,skiing
HikePro Trekking Poles,144,2025-03-05,Outdoor Pursuits Co.,skiing
AdventurePro Backpack,611,2024-04-12,Alpine Adventure Co.,hiking equipment
OutdoorGear Hammock,578,2024-12-25,Summit Seekers,mountain biking
OutdoorMaster Camping Stove,606,2025-09-05,Trailblazer Gear,skiing
HikePro Trekking Poles,405,2024-05-09,Nature's Edge Equipment,skiing
TrailTracker GPS Device,176,2025-06-23,Peak Performance Gear,camping gear
WildernessSurvivor Survival Kit,898,2024-09-12,Adventure Seekers Gear,hiking equipment
WildernessSurvivor Survival Kit,579,2024-01-19,Trailblazer Gear,climbing
OutdoorMaster Camping Stove,708,2025-02-28,Adventure Gear Co.,climbing
WildernessSurvivor Survival Kit,286,2024-06-29,Wildland Gear,fishing supplies
ExplorerX Hiking Boots,394,2025-07-08,Trailblazer Supplies,climbing
CampfirePro Cooking Set,719,2024-09-17,Trailblazer Supplies,climbing
NatureSeeker Binoculars,325,2025-01-16,Trailblazer Outfitters,camping gear
TrailBlazer Camping Tent,289,2025-04-08,Trailblazer Supplies,skiing
TrailBlazer Camping Tent,998,2024-02-02,Summit Seekers,camping gear
TrailTracker GPS Device,888,2024-08-04,Nature's Trail Gear,backpacking
NatureSeeker Binoculars,291,2024-02-23,Wilderness Wares,backpacking
HikePro Trekking Poles,255,2025-04-10,Nature's Edge Equipment,climbing
AdventurePro Backpack,73,2024-01-26,Wilderness Outfitters,hiking equipment
OutdoorMaster Camping Stove,906,2025-04-28,Explorer's Edge Equipment,backpacking
NatureSeeker Binoculars,871,2024-11-30,Nature's Edge Equipment,hiking equipment
TrailBlazer Camping Tent,331,2024-04-20,Adventure Gear Co.,skiing
AdventurePro Backpack,257,2025-03-02,Adventure Gear Co.,hiking equipment
AdventurePro Backpack,724,2024-03-22,Outdoor Gear Emporium,mountain biking
ExplorerX Hiking Boots,503,2025-03-11,Summit Seekers,climbing
TrailTracker GPS Device,410,2024-01-27,Nature's Best Gear,backpacking
WildernessSurvivor Survival Kit,729,2025-05-14,Adventure Seekers Gear,camping gear
WildernessSurvivor Survival Kit,378,2024-08-19,Summit Seekers,camping gear
WildernessSurvivor Survival Kit,769,2024-03-31,Explorers Equipment,skiing
ExplorerX Hiking Boots,19,2024-01-27,Nature's Edge Equipment,camping gear
HikePro Trekking Poles,353,2025-02-11,Summit Supplies,skiing
TrailBlazer Camping Tent,35,2025-07-30,Outdoor Pursuits Co.,camping gear
OutdoorGear Hammock,992,2025-01-09,Alpine Adventure Co.,backpacking
NatureSeeker Binoculars,845,2024-03-05,Adventure Gear Co.,skiing
TrailTracker GPS Device,87,2024-02-21,Nature's Trail Gear,mountain biking
TrailTracker GPS Device,806,2025-07-14,Backcountry Bound,climbing
HikePro Trekking Poles,434,2024-01-17,Alpine Adventure Co.,mountain biking
TrailTracker GPS Device,105,2025-07-28,Adventure Gear Co.,backpacking
NatureSeeker Binoculars,726,2025-01-11,Outdoor Provisions Ltd.,hiking equipment
NatureSeeker Binoculars,325,2025-06-09,Pioneer Gearworks,mountain biking
OutdoorMaster Camping Stove,964,2025-02-03,Pioneer Gearworks,fishing supplies
OutdoorGear Hammock,142,2024-11-26,Trailblazer Outfitters,mountain biking
TrailTracker GPS Device,414,2024-10-21,Wildland Gear,hiking equipment
TrailBlazer Camping Tent,411,2025-02-27,Adventure Gear Co.,backpacking
OutdoorGear Hammock,757,2024-11-06,Wilderness Outfitters,skiing
WildernessSurvivor Survival Kit,554,2024-05-29,Explorer's Edge Equipment,hiking equipment
TrailBlazer Camping Tent,105,2024-12-15,Alpine Adventure Co.,camping gear
NatureSeeker Binoculars,946,2025-01-03,Outdoor Pursuits Co.,climbing
CampfirePro Cooking Set,448,2025-04-21,Nature's Edge Equipment,camping gear
OutdoorGear Hammock,279,2024-02-03,Outdoor Discovery Co.,hiking equipment
AdventurePro Backpack,628,2024-05-17,Trailblazer Supplies,climbing
OutdoorGear Hammock,147,2024-03-22,Adventure Seekers Gear,fishing supplies
TrailBlazer Camping Tent,106,2025-09-16,Nature's Edge Equipment,mountain biking
TrailBlazer Camping Tent,331,2024-05-30,Backcountry Bound,hiking equipment
TrailTracker GPS Device,937,2025-09-16,Explorer's Edge Equipment,backpacking
NatureSeeker Binoculars,197,2024-11-12,Explorers Equipment,climbing
OutdoorMaster Camping Stove,178,2024-03-16,Outdoor Pursuits Co.,hiking equipment
OutdoorMaster Camping Stove,484,2025-02-05,Explorers Equipment,hiking equipment
OutdoorMaster Camping Stove,149,2024-09-29,Outdoor Provisions Ltd.,climbing
HikePro Trekking Poles,627,2025-02-02,Summit Seekers,mountain biking
HikePro Trekking Poles,450,2024-11-28,Outdoor Discovery Co.,fishing supplies
AdventurePro Backpack,316,2024-05-24,Outdoor Discovery Co.,camping gear
WildernessSurvivor Survival Kit,636,2024-09-15,Summit Seekers,fishing supplies
NatureSeeker Binoculars,288,2024-07-25,Backcountry Essentials,climbing
WildernessSurvivor Survival Kit,421,2025-02-22,Explorers Equipment,climbing
NatureSeeker Binoculars,611,2025-04-23,Outdoor Pursuits Co.,fishing supplies
TrailBlazer Camping Tent,86,2024-02-21,Wildland Gear,backpacking
NatureSeeker Binoculars,290,2024-05-21,Nature's Trail Gear,backpacking
OutdoorGear Hammock,44,2025-06-03,Outdoor Gear Emporium,backpacking
NatureSeeker Binoculars,957,2025-07-16,Trailblazer Supplies,camping gear
OutdoorGear Hammock,195,2024-03-12,Outdoor Pursuits Co.,fishing supplies
AdventurePro Backpack,476,2025-03-30,Peak Performance Gear,skiing
TrailBlazer Camping Tent,344,2024-09-22,Trailblazer Outfitters,fishing supplies
OutdoorGear Hammock,981,2024-03-30,Nature's Trail Gear,fishing supplies
AdventurePro Backpack,346,2025-06-13,Wildland Gear,mountain biking
AdventurePro Backpack,337,2025-07-02,Outdoor Pursuits Co.,camping gear
HikePro Trekking Poles,605,2024-04-13,Outdoor Gear Emporium,fishing supplies
AdventurePro Backpack,60,2024-05-10,Peak Performance Gear,fishing supplies
TrailBlazer Camping Tent,677,2024-09-14,Summit Supplies,fishing supplies
AdventurePro Backpack,448,2024-09-24,Trailblazer Supplies,hiking equipment
WildernessSurvivor Survival Kit,48,2025-04-02,Trailblazer Outfitters,fishing supplies
WildernessSurvivor Survival Kit,675,2025-07-18,Explorer's Edge Equipment,backpacking
HikePro Trekking Poles,459,2024-11-06,Outdoor Gear Emporium,backpacking
HikePro Trekking Poles,785,2024-05-20,Peak Performance Gear,skiing
OutdoorMaster Camping Stove,452,2024-10-26,Backcountry Bound,camping gear
ExplorerX Hiking Boots,99,2024-06-06,Trailblazer Supplies,camping gear
OutdoorGear Hammock,909,2024-03-09,Explorer's Edge Equipment,skiing
TrailBlazer Camping Tent,185,2025-01-08,Nature's Best Gear,mountain biking
NatureSeeker Binoculars,617,2025-07-21,Nature's Edge Equipment,skiing
CampfirePro Cooking Set,393,2025-07-15,Trailblazer Supplies,backpacking
NatureSeeker Binoculars,812,2024-10-10,Alpine Adventure Co.,backpacking
OutdoorGear Hammock,334,2024-12-19,Peak Performance Gear,camping gear
TrailBlazer Camping Tent,309,2024-06-16,Summit Seekers,skiing
CampfirePro Cooking Set,399,2025-07-02,Outdoor Provisions Ltd.,backpacking
AdventurePro Backpack,701,2024-12-15,Alpine Adventure Co.,fishing supplies
HikePro Trekking Poles,784,2024-12-13,Adventure Gear Co.,backpacking
AdventurePro Backpack,889,2024-02-02,Wildland Gear,camping gear
AdventurePro Backpack,211,2024-03-09,Backcountry Bound,fishing supplies
HikePro Trekking Poles,792,2025-08-12,Outdoor Discovery Co.,fishing supplies
TrailBlazer Camping Tent,255,2024-10-15,Adventure Seekers Gear,hiking equipment
OutdoorGear Hammock,97,2025-09-25,Nature's Edge Equipment,climbing
AdventurePro Backpack,387,2024-07-02,Explorers Equipment,skiing
ExplorerX Hiking Boots,706,2024-04-19,Nature's Trail Gear,mountain biking
AdventurePro Backpack,73,2025-05-18,Nature's Edge Equipment,fishing supplies
HikePro Trekking Poles,906,2025-08-09,Wildland Gear,camping gear
HikePro Trekking Poles,718,2024-12-03,Expedition Outfitters,mountain biking
NatureSeeker Binoculars,480,2024-09-15,Explorers Equipment,hiking equipment
CampfirePro Cooking Set,738,2024-04-13,Peak Performance Gear,mountain biking
HikePro Trekking Poles,518,2024-10-20,Outdoor Discovery Co.,hiking equipment
WildernessSurvivor Survival Kit,590,2025-06-13,Nature's Edge Equipment,hiking equipment
WildernessSurvivor Survival Kit,967,2025-03-05,Nature's Edge Equipment,climbing
NatureSeeker Binoculars,390,2024-03-03,Outdoor Pursuits Co.,camping gear
OutdoorMaster Camping Stove,132,2024-08-04,Outdoor Provisions Ltd.,backpacking
OutdoorMaster Camping Stove,677,2024-11-08,Outdoor Discovery Co.,climbing
TrailTracker GPS Device,588,2025-07-23,Adventure Seekers Gear,camping gear
TrailTracker GPS Device,432,2025-01-24,Backcountry Essentials,backpacking
OutdoorMaster Camping Stove,930,2024-07-01,Explorer's Edge Equipment,skiing
TrailBlazer Camping Tent,674,2024-07-20,Outdoor Discovery Co.,skiing
OutdoorMaster Camping Stove,913,2025-09-11,Explorer's Edge Equipment,backpacking
TrailBlazer Camping Tent,912,2024-12-02,Trailblazer Gear,camping gear
OutdoorMaster Camping Stove,559,2024-11-05,Explorer's Edge Equipment,climbing
NatureSeeker Binoculars,394,2025-08-15,Adventure Seekers Gear,fishing supplies
ExplorerX Hiking Boots,374,2024-03-29,Outdoor Gear Emporium,climbing
HikePro Trekking Poles,837,2024-03-02,Outdoor Gear Emporium,fishing supplies
OutdoorMaster Camping Stove,771,2025-07-04,Nature's Best Gear,hiking equipment
OutdoorGear Hammock,267,2024-05-16,Backcountry Essentials,hiking equipment
WildernessSurvivor Survival Kit,52,2025-08-13,Backcountry Bound,hiking equipment
TrailTracker GPS Device,833,2024-02-28,Trailblazer Gear,skiing
TrailBlazer Camping Tent,244,2025-05-18,Trailblazer Outfitters,hiking equipment
TrailTracker GPS Device,191,2024-11-15,Adventure Gear Co.,hiking equipment
OutdoorGear Hammock,724,2025-01-27,Outdoor Provisions Ltd.,climbing
TrailBlazer Camping Tent,938,2024-06-26,Explorers Equipment,fishing supplies
HikePro Trekking Poles,910,2024-10-10,Explorers Equipment,hiking equipment
AdventurePro Backpack,64,2024-08-12,Expedition Outfitters,fishing supplies
HikePro Trekking Poles,770,2024-11-23,Trailblazer Gear,skiing
HikePro Trekking Poles,81,2024-06-14,Backcountry Bound,hiking equipment
WildernessSurvivor Survival Kit,754,2024-12-26,Nature's Edge Equipment,fishing supplies
OutdoorGear Hammock,78,2024-05-16,Wilderness Outfitters,fishing supplies
TrailTracker GPS Device,416,2024-10-14,Explorer's Edge Equipment,backpacking
HikePro Trekking Poles,870,2025-06-17,Nature's Edge Equipment,fishing supplies
HikePro Trekking Poles,922,2024-08-14,Outdoor Pursuits Co.,skiing
WildernessSurvivor Survival Kit,729,2024-01-25,Trailblazer Outfitters,fishing supplies
TrailBlazer Camping Tent,29,2024-09-22,Wilderness Outfitters,camping gear
HikePro Trekking Poles,706,2024-02-27,Outdoor Pursuits Co.,hiking equipment
CampfirePro Cooking Set,177,2025-07-04,Nature's Best Gear,mountain biking
OutdoorMaster Camping Stove,767,2024-07-02,Wilderness Outfitters,camping gear
CampfirePro Cooking Set,77,2024-01-14,Backcountry Essentials,mountain biking
ExplorerX Hiking Boots,546,2024-11-23,Outdoor Pursuits Co.,skiing
CampfirePro Cooking Set,188,2025-07-15,Wilderness Wares,mountain biking
ExplorerX Hiking Boots,596,2024-03-14,Peak Performance Gear,climbing
OutdoorGear Hammock,62,2025-03-02,Outdoor Provisions Ltd.,climbing
TrailBlazer Camping Tent,374,2025-08-03,Trailblazer Supplies,backpacking
TrailTracker GPS Device,186,2024-07-02,Explorer's Edge Equipment,climbing
NatureSeeker Binoculars,635,2025-08-04,Wilderness Outfitters,camping gear
HikePro Trekking Poles,606,2025-02-03,Wilderness Outfitters,hiking equipment
ExplorerX Hiking Boots,237,2025-09-22,Backcountry Essentials,skiing
WildernessSurvivor Survival Kit,484,2024-06-18,Summit Seekers,skiing
HikePro Trekking Poles,844,2024-11-12,Adventure Gear Co.,climbing
AdventurePro Backpack,637,2024-09-18,Outdoor Gear Emporium,mountain biking
OutdoorMaster Camping Stove,188,2024-09-20,Adventure Seekers Gear,skiing
ExplorerX Hiking Boots,945,2024-11-12,Trailblazer Supplies,backpacking
TrailTracker GPS Device,872,2024-10-25,Wilderness Outfitters,mountain biking
AdventurePro Backpack,393,2024-11-05,Alpine Adventure Co.,backpacking
TrailBlazer Camping Tent,512,2024-06-24,Backcountry Bound,fishing supplies
OutdoorMaster Camping Stove,388,2024-11-03,Nature's Trail Gear,fishing supplies
ExplorerX Hiking Boots,264,2024-08-22,Pioneer Gearworks,camping gear
CampfirePro Cooking Set,110,2024-01-20,Nature's Edge Equipment,climbing
CampfirePro Cooking Set,90,2025-03-18,Adventure Seekers Gear,backpacking
WildernessSurvivor Survival Kit,84,2025-09-28,Nature's Edge Equipment,fishing supplies
NatureSeeker Binoculars,164,2024-03-28,Trailblazer Gear,hiking equipment
TrailBlazer Camping Tent,456,2025-02-06,Nature's Edge Equipment,mountain biking
TrailTracker GPS Device,840,2025-01-24,Summit Seekers,fishing supplies
CampfirePro Cooking Set,803,2025-09-02,Pioneer Gearworks,fishing supplies
NatureSeeker Binoculars,564,2024-03-27,Alpine Adventure Co.,skiing
OutdoorGear Hammock,316,2024-05-01,Nature's Best Gear,backpacking
ExplorerX Hiking Boots,509,2025-06-19,Outdoor Gear Emporium,backpacking
TrailTracker GPS Device,67,2024-01-19,Pioneer Gearworks,climbing
CampfirePro Cooking Set,842,2024-07-28,Peak Performance Gear,hiking equipment
AdventurePro Backpack,140,2025-06-19,Trailblazer Supplies,mountain biking
OutdoorMaster Camping Stove,17,2024-05-31,Summit Seekers,skiing
OutdoorMaster Camping Stove,78,2025-06-21,Explorer's Edge Equipment,mountain biking
CampfirePro Cooking Set,642,2025-04-01,Adventure Gear Co.,camping gear
OutdoorGear Hammock,565,2025-04-07,Outdoor Pursuits Co.,climbing
NatureSeeker Binoculars,903,2025-08-12,Nature's Best Gear,fishing supplies
TrailTracker GPS Device,489,2024-11-10,Adventure Gear Co.,hiking equipment
CampfirePro Cooking Set,643,2025-02-04,Outdoor Provisions Ltd.,climbing
AdventurePro Backpack,886,2025-02-27,Alpine Adventure Co.,skiing
WildernessSurvivor Survival Kit,525,2024-09-09,Summit Supplies,skiing
TrailBlazer Camping Tent,430,2024-09-24,Outdoor Pursuits Co.,mountain biking
OutdoorMaster Camping Stove,981,2024-08-11,Peak Performance Gear,backpacking
AdventurePro Backpack,789,2024-04-07,Backcountry Essentials,fishing supplies
OutdoorGear Hammock,11,2025-05-19,Outdoor Pursuits Co.,mountain biking
TrailTracker GPS Device,439,2025-08-17,Nature's Edge Equipment,fishing supplies
HikePro Trekking Poles,521,2025-03-07,Trailblazer Outfitters,skiing
AdventurePro Backpack,851,2024-04-10,Nature's Edge Equipment,fishing supplies
TrailBlazer Camping Tent,932,2025-07-04,Outdoor Discovery Co.,climbing
HikePro Trekking Poles,80,2025-03-08,Summit Supplies,skiing
HikePro Trekking Poles,753,2025-09-20,Outdoor Pursuits Co.,fishing supplies
OutdoorGear Hammock,810,2025-09-17,Pioneer Gearworks,skiing
WildernessSurvivor Survival Kit,474,2025-09-26,Adventure Seekers Gear,backpacking
NatureSeeker Binoculars,896,2025-07-20,Trailblazer Outfitters,mountain biking
TrailTracker GPS Device,299,2024-11-02,Adventure Gear Co.,fishing supplies
HikePro Trekking Poles,546,2025-05-01,Outdoor Discovery Co.,backpacking
CampfirePro Cooking Set,508,2024-07-26,Summit Supplies,climbing
TrailBlazer Camping Tent,675,2025-01-29,Wildland Gear,backpacking
CampfirePro Cooking Set,286,2024-08-25,Nature's Best Gear,camping gear
CampfirePro Cooking Set,513,2025-09-17,Pioneer Gearworks,climbing
WildernessSurvivor Survival Kit,420,2024-01-12,Adventure Gear Co.,fishing supplies
NatureSeeker Binoculars,56,2024-09-18,Summit Supplies,fishing supplies
OutdoorGear Hammock,284,2024-04-07,Outdoor Pursuits Co.,fishing supplies
HikePro Trekking Poles,297,2024-05-01,Trailblazer Supplies,hiking equipment
WildernessSurvivor Survival Kit,347,2024-07-03,Wilderness Wares,camping gear
AdventurePro Backpack,356,2024-06-17,Explorers Equipment,backpacking
NatureSeeker Binoculars,636,2025-08-29,Wildland Gear,backpacking
HikePro Trekking Poles,855,2024-08-05,Expedition Outfitters,camping gear
ExplorerX Hiking Boots,211,2024-07-19,Nature's Best Gear,backpacking
ExplorerX Hiking Boots,833,2024-12-16,Trailblazer Outfitters,climbing
HikePro Trekking Poles,692,2024-04-23,Summit Supplies,backpacking
OutdoorMaster Camping Stove,678,2024-11-15,Outdoor Gear Emporium,hiking equipment
TrailTracker GPS Device,683,2025-05-26,Wildland Gear,skiing
ExplorerX Hiking Boots,574,2024-11-17,Expedition Outfitters,skiing
TrailBlazer Camping Tent,442,2024-12-07,Explorers Equipment,camping gear
OutdoorMaster Camping Stove,530,2024-05-08,Outdoor Discovery Co.,hiking equipment
WildernessSurvivor Survival Kit,605,2024-09-19,Alpine Adventure Co.,climbing
TrailBlazer Camping Tent,875,2024-05-05,Summit Supplies,skiing
OutdoorGear Hammock,166,2024-07-16,Trailblazer Outfitters,climbing
AdventurePro Backpack,326,2024-12-11,Wildland Gear,skiing
NatureSeeker Binoculars,287,2024-11-29,Trailblazer Outfitters,backpacking
CampfirePro Cooking Set,629,2024-01-26,Expedition Outfitters,backpacking
NatureSeeker Binoculars,116,2024-09-05,Summit Seekers,hiking equipment
TrailTracker GPS Device,354,2025-02-12,Peak Performance Gear,fishing supplies
HikePro Trekking Poles,935,2024-08-21,Explorer's Edge Equipment,skiing
OutdoorGear Hammock,301,2024-10-28,Backcountry Bound,climbing
NatureSeeker Binoculars,343,2025-07-29,Trailblazer Gear,skiing
TrailTracker GPS Device,888,2024-11-19,Wilderness Wares,hiking equipment
NatureSeeker Binoculars,915,2024-05-15,Trailblazer Outfitters,hiking equipment
ExplorerX Hiking Boots,840,2024-03-27,Outdoor Pursuits Co.,hiking equipment
HikePro Trekking Poles,207,2024-03-18,Adventure Seekers Gear,fishing supplies
ExplorerX Hiking Boots,944,2025-08-08,Explorer's Edge Equipment,fishing supplies
TrailBlazer Camping Tent,800,2025-09-27,Explorer's Edge Equipment,backpacking
ExplorerX Hiking Boots,695,2024-04-19,Wilderness Outfitters,backpacking
HikePro Trekking Poles,794,2024-05-16,Alpine Adventure Co.,fishing supplies
AdventurePro Backpack,837,2025-01-31,Summit Seekers,backpacking
TrailBlazer Camping Tent,942,2025-03-19,Outdoor Pursuits Co.,hiking equipment
OutdoorGear Hammock,855,2025-03-28,Adventure Gear Co.,fishing supplies
OutdoorMaster Camping Stove,336,2024-09-19,Backcountry Essentials,skiing
AdventurePro Backpack,199,2024-06-08,Summit Seekers,camping gear
NatureSeeker Binoculars,438,2024-10-10,Outdoor Provisions Ltd.,mountain biking
OutdoorMaster Camping Stove,266,2025-08-05,Outdoor Pursuits Co.,climbing
OutdoorMaster Camping Stove,73,2025-09-25,Wildland Gear,camping gear
CampfirePro Cooking Set,186,2025-07-04,Explorer's Edge Equipment,camping gear
WildernessSurvivor Survival Kit,770,2025-01-25,Outdoor Discovery Co.,mountain biking
CampfirePro Cooking Set,147,2024-04-26,Wilderness Outfitters,mountain biking
NatureSeeker Binoculars,561,2025-07-01,Summit Supplies,climbing
AdventurePro Backpack,358,2025-09-07,Pioneer Gearworks,climbing
CampfirePro Cooking Set,36,2024-11-09,Adventure Seekers Gear,skiing
WildernessSurvivor Survival Kit,248,2024-10-20,Outdoor Provisions Ltd.,skiing
WildernessSurvivor Survival Kit,448,2025-08-20,Wilderness Outfitters,climbing
WildernessSurvivor Survival Kit,826,2024-09-18,Wilderness Outfitters,hiking equipment
CampfirePro Cooking Set,966,2025-05-08,Nature's Best Gear,camping gear
AdventurePro Backpack,499,2025-01-14,Summit Supplies,skiing
TrailBlazer Camping Tent,206,2024-08-17,Backcountry Essentials,hiking equipment
OutdoorMaster Camping Stove,297,2024-07-13,Explorers Equipment,skiing
TrailBlazer Camping Tent,237,2025-08-20,Pioneer Gearworks,fishing supplies
AdventurePro Backpack,820,2025-07-27,Nature's Best Gear,skiing
AdventurePro Backpack,489,2025-09-29,Nature's Best Gear,mountain biking
ExplorerX Hiking Boots,85,2024-02-08,Outdoor Discovery Co.,skiing
NatureSeeker Binoculars,320,2025-06-03,Peak Performance Gear,skiing
OutdoorGear Hammock,566,2024-02-16,Wildland Gear,fishing supplies
HikePro Trekking Poles,491,2024-02-26,Wildland Gear,backpacking
TrailBlazer Camping Tent,376,2024-03-03,Backcountry Bound,backpacking
AdventurePro Backpack,805,2024-03-26,Wilderness Wares,backpacking
ExplorerX Hiking Boots,415,2025-05-17,Nature's Best Gear,fishing supplies
ExplorerX Hiking Boots,160,2024-02-02,Trailblazer Gear,hiking equipment
WildernessSurvivor Survival Kit,135,2024-01-23,Nature's Trail Gear,camping gear
NatureSeeker Binoculars,720,2025-09-14,Nature's Edge Equipment,fishing supplies
CampfirePro Cooking Set,242,2025-01-04,Pioneer Gearworks,mountain biking
WildernessSurvivor Survival Kit,469,2024-04-08,Nature's Trail Gear,skiing
TrailBlazer Camping Tent,6,2025-02-16,Outdoor Gear Emporium,fishing supplies
OutdoorMaster Camping Stove,632,2024-05-07,Explorers Equipment,camping gear
OutdoorMaster Camping Stove,142,2024-05-11,Outdoor Provisions Ltd.,climbing
OutdoorGear Hammock,487,2024-11-10,Summit Seekers,hiking equipment
TrailBlazer Camping Tent,178,2024-01-18,Nature's Trail Gear,backpacking
TrailBlazer Camping Tent,262,2024-10-23,Alpine Adventure Co.,mountain biking
HikePro Trekking Poles,593,2025-06-14,Pioneer Gearworks,fishing supplies
ExplorerX Hiking Boots,779,2024-06-21,Trailblazer Supplies,skiing
TrailTracker GPS Device,142,2024-10-25,Trailblazer Gear,fishing supplies
NatureSeeker Binoculars,835,2025-06-26,Explorer's Edge Equipment,camping gear
AdventurePro Backpack,135,2024-06-06,Adventure Seekers Gear,hiking equipment
NatureSeeker Binoculars,918,2025-05-14,Wilderness Wares,mountain biking
HikePro Trekking Poles,957,2024-04-09,Adventure Gear Co.,mountain biking
OutdoorGear Hammock,524,2025-01-21,Wildland Gear,hiking equipment
NatureSeeker Binoculars,105,2025-04-17,Outdoor Provisions Ltd.,backpacking
AdventurePro Backpack,712,2025-07-28,Backcountry Essentials,hiking equipment
OutdoorMaster Camping Stove,211,2024-09-13,Outdoor Provisions Ltd.,fishing supplies
HikePro Trekking Poles,91,2024-01-24,Nature's Edge Equipment,camping gear
HikePro Trekking Poles,658,2025-03-26,Nature's Trail Gear,hiking equipment
OutdoorGear Hammock,928,2024-08-23,Nature's Edge Equipment,backpacking
TrailBlazer Camping Tent,86,2025-02-02,Outdoor Pursuits Co.,skiing
TrailBlazer Camping Tent,445,2025-01-16,Outdoor Pursuits Co.,backpacking
TrailTracker GPS Device,310,2025-01-03,Trailblazer Gear,camping gear
CampfirePro Cooking Set,234,2025-02-01,Outdoor Discovery Co.,hiking equipment
HikePro Trekking Poles,978,2024-10-28,Nature's Trail Gear,camping gear
AdventurePro Backpack,642,2025-06-21,Trailblazer Supplies,camping gear
TrailBlazer Camping Tent,305,2024-05-01,Backcountry Essentials,fishing supplies
CampfirePro Cooking Set,632,2024-12-08,Trailblazer Outfitters,climbing
CampfirePro Cooking Set,267,2024-06-21,Outdoor Discovery Co.,mountain biking
NatureSeeker Binoculars,906,2025-09-15,Outdoor Discovery Co.,camping gear
TrailTracker GPS Device,750,2025-08-05,Backcountry Essentials,skiing
HikePro Trekking Poles,848,2025-04-22,Backcountry Essentials,skiing
CampfirePro Cooking Set,974,2024-07-08,Backcountry Bound,skiing
AdventurePro Backpack,600,2025-01-24,Summit Seekers,camping gear
HikePro Trekking Poles,215,2024-08-26,Adventure Seekers Gear,skiing
ExplorerX Hiking Boots,731,2025-07-17,Wilderness Outfitters,hiking equipment
HikePro Trekking Poles,266,2024-08-23,Trailblazer Supplies,fishing supplies
OutdoorGear Hammock,57,2024-04-14,Nature's Edge Equipment,mountain biking
TrailTracker GPS Device,685,2024-06-24,Alpine Adventure Co.,camping gear
TrailBlazer Camping Tent,1,2024-04-03,Adventure Gear Co.,mountain biking
HikePro Trekking Poles,888,2024-10-28,Wilderness Wares,climbing
OutdoorGear Hammock,760,2024-03-26,Outdoor Provisions Ltd.,skiing
HikePro Trekking Poles,992,2024-05-25,Nature's Best Gear,mountain biking
WildernessSurvivor Survival Kit,524,2024-03-01,Wilderness Outfitters,hiking equipment
WildernessSurvivor Survival Kit,817,2024-03-14,Alpine Adventure Co.,mountain biking
OutdoorGear Hammock,927,2024-04-18,Wildland Gear,backpacking
TrailTracker GPS Device,905,2024-07-08,Expedition Outfitters,camping gear
AdventurePro Backpack,851,2024-06-29,Expedition Outfitters,camping gear
AdventurePro Backpack,639,2025-03-07,Alpine Adventure Co.,mountain biking
TrailBlazer Camping Tent,789,2024-09-14,Pioneer Gearworks,backpacking
HikePro Trekking Poles,914,2025-03-28,Backcountry Essentials,skiing
WildernessSurvivor Survival Kit,123,2024-11-15,Wildland Gear,backpacking
TrailTracker GPS Device,614,2024-01-11,Trailblazer Supplies,backpacking
OutdoorGear Hammock,208,2024-09-10,Adventure Gear Co.,fishing supplies
AdventurePro Backpack,300,2025-06-16,Pioneer Gearworks,skiing
OutdoorGear Hammock,698,2024-11-16,Nature's Trail Gear,mountain biking
OutdoorMaster Camping Stove,683,2025-01-26,Alpine Adventure Co.,hiking equipment
TrailTracker GPS Device,374,2024-04-23,Trailblazer Outfitters,backpacking
WildernessSurvivor Survival Kit,268,2025-09-14,Summit Supplies,fishing supplies
CampfirePro Cooking Set,51,2024-06-17,Explorers Equipment,hiking equipment
OutdoorMaster Camping Stove,485,2024-05-08,Nature's Edge Equipment,backpacking
WildernessSurvivor Survival Kit,427,2025-07-21,Wilderness Outfitters,hiking equipment
CampfirePro Cooking Set,73,2025-07-27,Trailblazer Supplies,hiking equipment
ExplorerX Hiking Boots,739,2024-11-24,Peak Performance Gear,fishing supplies
AdventurePro Backpack,129,2024-03-17,Nature's Best Gear,hiking equipment
ExplorerX Hiking Boots,245,2025-07-30,Outdoor Provisions Ltd.,camping gear
OutdoorMaster Camping Stove,762,2024-05-22,Summit Supplies,fishing supplies
TrailBlazer Camping Tent,782,2025-04-03,Peak Performance Gear,fishing supplies
OutdoorMaster Camping Stove,632,2024-03-01,Wildland Gear,camping gear
OutdoorMaster Camping Stove,668,2025-06-13,Trailblazer Outfitters,skiing
TrailBlazer Camping Tent,213,2025-08-16,Nature's Trail Gear,climbing
OutdoorGear Hammock,914,2024-09-08,Pioneer Gearworks,mountain biking
HikePro Trekking Poles,881,2024-12-28,Outdoor Discovery Co.,fishing supplies
TrailTracker GPS Device,143,2024-10-24,Explorer's Edge Equipment,backpacking
TrailBlazer Camping Tent,705,2024-10-02,Wilderness Wares,backpacking
AdventurePro Backpack,863,2024-11-18,Wilderness Wares,climbing
NatureSeeker Binoculars,69,2025-06-06,Summit Seekers,climbing
WildernessSurvivor Survival Kit,294,2025-09-23,Summit Seekers,camping gear
NatureSeeker Binoculars,412,2025-03-13,Wilderness Wares,fishing supplies
HikePro Trekking Poles,731,2025-09-10,Wilderness Outfitters,skiing
AdventurePro Backpack,401,2025-06-28,Outdoor Discovery Co.,camping gear
NatureSeeker Binoculars,672,2024-03-18,Summit Seekers,hiking equipment
TrailTracker GPS Device,146,2025-08-06,Outdoor Pursuits Co.,skiing
AdventurePro Backpack,607,2024-01-30,Wildland Gear,mountain biking
HikePro Trekking Poles,65,2024-11-17,Peak Performance Gear,climbing
HikePro Trekking Poles,414,2025-01-28,Nature's Best Gear,mountain biking
TrailTracker GPS Device,795,2024-08-11,Outdoor Pursuits Co.,mountain biking
CampfirePro Cooking Set,683,2025-08-21,Outdoor Gear Emporium,hiking equipment
CampfirePro Cooking Set,553,2024-10-05,Wilderness Outfitters,skiing
OutdoorMaster Camping Stove,495,2025-04-24,Nature's Best Gear,climbing
CampfirePro Cooking Set,897,2024-06-15,Explorers Equipment,camping gear
WildernessSurvivor Survival Kit,273,2024-09-28,Wildland Gear,camping gear
WildernessSurvivor Survival Kit,321,2024-02-09,Wildland Gear,mountain biking
TrailTracker GPS Device,509,2024-04-29,Pioneer Gearworks,backpacking
HikePro Trekking Poles,140,2024-12-13,Trailblazer Supplies,climbing
TrailTracker GPS Device,324,2024-09-21,Backcountry Essentials,hiking equipment
TrailTracker GPS Device,139,2024-06-04,Outdoor Discovery Co.,climbing
CampfirePro Cooking Set,273,2024-12-15,Peak Performance Gear,backpacking
AdventurePro Backpack,797,2025-07-27,Trailblazer Gear,backpacking
TrailBlazer Camping Tent,273,2025-07-12,Outdoor Provisions Ltd.,mountain biking
TrailBlazer Camping Tent,45,2024-10-26,Outdoor Discovery Co.,hiking equipment
HikePro Trekking Poles,157,2024-09-26,Wilderness Outfitters,hiking equipment
CampfirePro Cooking Set,560,2024-11-02,Explorer's Edge Equipment,camping gear
CampfirePro Cooking Set,615,2025-07-21,Trailblazer Gear,backpacking
NatureSeeker Binoculars,591,2025-07-08,Nature's Edge Equipment,hiking equipment
HikePro Trekking Poles,393,2025-05-26,Trailblazer Outfitters,climbing
HikePro Trekking Poles,837,2025-05-12,Backcountry Bound,skiing
HikePro Trekking Poles,499,2024-10-26,Explorers Equipment,camping gear
HikePro Trekking Poles,958,2025-05-20,Adventure Seekers Gear,camping gear
OutdoorMaster Camping Stove,259,2025-09-22,Outdoor Discovery Co.,hiking equipment
OutdoorMaster Camping Stove,851,2024-04-10,Peak Performance Gear,climbing
WildernessSurvivor Survival Kit,751,2024-10-21,Alpine Adventure Co.,skiing
NatureSeeker Binoculars,895,2024-12-17,Nature's Best Gear,hiking equipment
NatureSeeker Binoculars,774,2024-03-07,Trailblazer Gear,hiking equipment
ExplorerX Hiking Boots,392,2025-04-17,Backcountry Bound,mountain biking
OutdoorGear Hammock,763,2024-07-17,Peak Performance Gear,climbing
OutdoorMaster Camping Stove,788,2025-02-06,Nature's Edge Equipment,skiing
WildernessSurvivor Survival Kit,754,2025-02-07,Outdoor Pursuits Co.,backpacking
ExplorerX Hiking Boots,506,2025-03-25,Wilderness Outfitters,mountain biking
TrailBlazer Camping Tent,561,2025-06-02,Nature's Trail Gear,climbing
CampfirePro Cooking Set,252,2025-08-31,Outdoor Pursuits Co.,skiing
WildernessSurvivor Survival Kit,425,2025-05-26,Summit Seekers,mountain biking
AdventurePro Backpack,891,2024-10-20,Outdoor Gear Emporium,fishing supplies
NatureSeeker Binoculars,531,2024-06-23,Wilderness Wares,hiking equipment
OutdoorGear Hammock,565,2024-09-17,Nature's Best Gear,mountain biking
AdventurePro Backpack,914,2024-11-04,Trailblazer Gear,backpacking
WildernessSurvivor Survival Kit,738,2025-04-26,Outdoor Discovery Co.,hiking equipment
WildernessSurvivor Survival Kit,742,2024-06-02,Outdoor Discovery Co.,mountain biking
CampfirePro Cooking Set,506,2024-04-23,Trailblazer Outfitters,hiking equipment
TrailBlazer Camping Tent,251,2025-02-07,Backcountry Essentials,backpacking
AdventurePro Backpack,878,2024-05-05,Summit Seekers,fishing supplies
HikePro Trekking Poles,524,2024-04-21,Nature's Best Gear,fishing supplies
WildernessSurvivor Survival Kit,863,2024-09-13,Wilderness Outfitters,backpacking
ExplorerX Hiking Boots,235,2024-07-09,Backcountry Bound,climbing
TrailBlazer Camping Tent,574,2024-04-25,Nature's Edge Equipment,skiing
OutdoorGear Hammock,949,2025-04-09,Backcountry Bound,skiing
TrailBlazer Camping Tent,715,2024-06-11,Backcountry Bound,fishing supplies
HikePro Trekking Poles,21,2024-09-30,Trailblazer Outfitters,hiking equipment
AdventurePro Backpack,207,2024-05-03,Outdoor Provisions Ltd.,hiking equipment
AdventurePro Backpack,612,2024-01-17,Peak Performance Gear,skiing
NatureSeeker Binoculars,67,2025-02-03,Wilderness Wares,backpacking
OutdoorMaster Camping Stove,125,2025-07-02,Wilderness Wares,skiing
CampfirePro Cooking Set,314,2025-03-20,Wilderness Wares,climbing
NatureSeeker Binoculars,708,2024-03-01,Wilderness Wares,mountain biking
WildernessSurvivor Survival Kit,439,2025-09-21,Pioneer Gearworks,skiing
CampfirePro Cooking Set,677,2025-08-26,Pioneer Gearworks,fishing supplies
CampfirePro Cooking Set,299,2024-09-22,Peak Performance Gear,mountain biking
OutdoorMaster Camping Stove,604,2025-07-22,Peak Performance Gear,mountain biking
OutdoorGear Hammock,712,2024-05-25,Backcountry Essentials,climbing
WildernessSurvivor Survival Kit,445,2024-10-09,Summit Seekers,skiing
OutdoorMaster Camping Stove,863,2025-02-15,Wilderness Outfitters,climbing
NatureSeeker Binoculars,88,2025-02-18,Peak Performance Gear,backpacking
AdventurePro Backpack,352,2024-10-26,Backcountry Essentials,backpacking
OutdoorMaster Camping Stove,320,2024-03-02,Adventure Gear Co.,skiing
OutdoorMaster Camping Stove,362,2024-09-18,Backcountry Bound,hiking equipment
TrailTracker GPS Device,722,2025-09-01,Nature's Best Gear,hiking equipment
AdventurePro Backpack,766,2024-06-04,Nature's Best Gear,camping gear
WildernessSurvivor Survival Kit,118,2025-02-11,Nature's Edge Equipment,hiking equipment
HikePro Trekking Poles,151,2024-02-07,Nature's Best Gear,camping gear
WildernessSurvivor Survival Kit,177,2025-08-18,Wilderness Wares,backpacking
OutdoorMaster Camping Stove,610,2024-01-19,Nature's Best Gear,climbing
CampfirePro Cooking Set,618,2025-07-24,Peak Performance Gear,backpacking
HikePro Trekking Poles,776,2024-05-22,Adventure Seekers Gear,climbing
HikePro Trekking Poles,801,2025-01-10,Backcountry Essentials,camping gear
WildernessSurvivor Survival Kit,784,2024-08-29,Trailblazer Supplies,fishing supplies
OutdoorGear Hammock,868,2025-08-08,Backcountry Essentials,climbing
AdventurePro Backpack,269,2025-01-17,Wilderness Outfitters,camping gear
OutdoorMaster Camping Stove,301,2024-05-16,Peak Performance Gear,climbing
OutdoorMaster Camping Stove,561,2024-04-15,Summit Seekers,hiking equipment
OutdoorGear Hammock,848,2024-12-22,Trailblazer Supplies,mountain biking
OutdoorGear Hammock,36,2024-03-06,Explorers Equipment,fishing supplies
OutdoorMaster Camping Stove,143,2024-11-19,Outdoor Discovery Co.,mountain biking
OutdoorMaster Camping Stove,618,2024-07-11,Summit Supplies,fishing supplies
OutdoorGear Hammock,775,2025-08-02,Trailblazer Outfitters,backpacking
OutdoorMaster Camping Stove,465,2025-02-13,Nature's Trail Gear,skiing
TrailTracker GPS Device,286,2025-08-05,Trailblazer Supplies,hiking equipment
NatureSeeker Binoculars,49,2024-04-25,Trailblazer Outfitters,backpacking
NatureSeeker Binoculars,963,2025-05-02,Trailblazer Gear,backpacking
CampfirePro Cooking Set,642,2025-07-26,Pioneer Gearworks,fishing supplies
TrailTracker GPS Device,565,2025-07-16,Backcountry Bound,hiking equipment
CampfirePro Cooking Set,212,2025-04-02,Summit Supplies,skiing
OutdoorGear Hammock,958,2025-03-10,Backcountry Bound,backpacking
HikePro Trekking Poles,698,2024-06-19,Backcountry Bound,hiking equipment
TrailTracker GPS Device,934,2024-05-11,Trailblazer Supplies,fishing supplies
TrailTracker GPS Device,51,2024-12-09,Nature's Best Gear,climbing
WildernessSurvivor Survival Kit,179,2024-07-05,Expedition Outfitters,camping gear
OutdoorMaster Camping Stove,284,2024-10-31,Expedition Outfitters,climbing
WildernessSurvivor Survival Kit,784,2024-01-07,Summit Supplies,climbing
OutdoorMaster Camping Stove,958,2025-08-30,Explorer's Edge Equipment,climbing
OutdoorGear Hammock,595,2025-05-30,Adventure Seekers Gear,hiking equipment
AdventurePro Backpack,342,2025-06-09,Peak Performance Gear,mountain biking
NatureSeeker Binoculars,225,2025-03-14,Adventure Gear Co.,fishing supplies
TrailTracker GPS Device,468,2024-07-27,Expedition Outfitters,backpacking
TrailTracker GPS Device,947,2025-03-06,Explorer's Edge Equipment,camping gear
WildernessSurvivor Survival Kit,773,2024-05-14,Explorer's Edge Equipment,backpacking
CampfirePro Cooking Set,808,2025-09-10,Alpine Adventure Co.,climbing
TrailTracker GPS Device,337,2024-10-01,Outdoor Provisions Ltd.,backpacking
NatureSeeker Binoculars,851,2024-05-21,Backcountry Bound,fishing supplies
HikePro Trekking Poles,494,2025-04-17,Explorers Equipment,mountain biking
CampfirePro Cooking Set,578,2025-06-30,Backcountry Bound,skiing
CampfirePro Cooking Set,355,2025-09-27,Outdoor Gear Emporium,mountain biking
NatureSeeker Binoculars,318,2024-11-16,Trailblazer Supplies,backpacking
TrailBlazer Camping Tent,866,2024-01-09,Outdoor Gear Emporium,mountain biking
CampfirePro Cooking Set,896,2024-05-26,Trailblazer Gear,hiking equipment
HikePro Trekking Poles,826,2025-05-20,Trailblazer Outfitters,camping gear
OutdoorGear Hammock,331,2024-10-08,Pioneer Gearworks,mountain biking
HikePro Trekking Poles,970,2024-06-27,Trailblazer Supplies,fishing supplies
OutdoorMaster Camping Stove,505,2024-08-26,Nature's Edge Equipment,hiking equipment
OutdoorGear Hammock,775,2024-07-17,Nature's Edge Equipment,camping gear
OutdoorGear Hammock,3,2024-04-15,Explorer's Edge Equipment,skiing
CampfirePro Cooking Set,414,2025-08-15,Summit Seekers,hiking equipment
OutdoorMaster Camping Stove,732,2024-09-28,Nature's Best Gear,skiing
CampfirePro Cooking Set,560,2024-10-14,Nature's Edge Equipment,fishing supplies
OutdoorGear Hammock,613,2024-12-12,Summit Seekers,hiking equipment
OutdoorMaster Camping Stove,43,2025-06-02,Trailblazer Gear,skiing
OutdoorGear Hammock,671,2024-08-27,Outdoor Discovery Co.,hiking equipment
TrailTracker GPS Device,682,2024-12-13,Nature's Trail Gear,skiing
NatureSeeker Binoculars,578,2025-06-27,Nature's Edge Equipment,camping gear
AdventurePro Backpack,478,2025-09-28,Alpine Adventure Co.,camping gear
ExplorerX Hiking Boots,819,2025-03-28,Peak Performance Gear,skiing
TrailTracker GPS Device,433,2025-05-24,Nature's Trail Gear,hiking equipment
OutdoorGear Hammock,615,2024-01-26,Trailblazer Outfitters,backpacking
NatureSeeker Binoculars,990,2024-05-29,Backcountry Essentials,skiing
NatureSeeker Binoculars,932,2024-06-07,Wildland Gear,skiing
AdventurePro Backpack,223,2024-09-19,Peak Performance Gear,climbing
NatureSeeker Binoculars,89,2025-04-30,Trailblazer Supplies,backpacking
NatureSeeker Binoculars,240,2024-10-28,Explorer's Edge Equipment,fishing supplies
OutdoorMaster Camping Stove,180,2024-04-20,Backcountry Essentials,camping gear
OutdoorMaster Camping Stove,519,2024-02-09,Nature's Edge Equipment,camping gear
TrailBlazer Camping Tent,348,2024-05-18,Adventure Seekers Gear,hiking equipment
CampfirePro Cooking Set,298,2024-04-02,Nature's Edge Equipment,camping gear
OutdoorMaster Camping Stove,388,2025-05-28,Pioneer Gearworks,backpacking
CampfirePro Cooking Set,914,2025-06-24,Nature's Edge Equipment,hiking equipment
TrailBlazer Camping Tent,910,2025-06-26,Explorers Equipment,fishing supplies
ExplorerX Hiking Boots,513,2025-09-03,Outdoor Discovery Co.,backpacking
AdventurePro Backpack,502,2025-05-07,Pioneer Gearworks,backpacking
OutdoorGear Hammock,460,2025-07-18,Expedition Outfitters,skiing
TrailBlazer Camping Tent,41,2024-11-21,Wilderness Outfitters,mountain biking
OutdoorGear Hammock,321,2025-02-06,Backcountry Essentials,fishing supplies
OutdoorGear Hammock,855,2024-08-16,Pioneer Gearworks,climbing
HikePro Trekking Poles,402,2024-06-22,Trailblazer Gear,skiing
WildernessSurvivor Survival Kit,75,2024-02-23,Outdoor Pursuits Co.,climbing
AdventurePro Backpack,530,2024-02-03,Trailblazer Supplies,backpacking
OutdoorGear Hammock,251,2024-09-26,Wilderness Outfitters,fishing supplies
TrailTracker GPS Device,858,2024-05-14,Backcountry Bound,mountain biking
TrailTracker GPS Device,762,2024-12-12,Outdoor Provisions Ltd.,fishing supplies
OutdoorGear Hammock,870,2024-11-19,Trailblazer Gear,hiking equipment
HikePro Trekking Poles,532,2024-02-24,Backcountry Bound,fishing supplies
TrailTracker GPS Device,877,2025-05-09,Alpine Adventure Co.,skiing
WildernessSurvivor Survival Kit,510,2024-04-03,Peak Performance Gear,camping gear
OutdoorMaster Camping Stove,447,2025-07-25,Wilderness Outfitters,mountain biking
TrailBlazer Camping Tent,76,2025-06-04,Outdoor Provisions Ltd.,backpacking
OutdoorMaster Camping Stove,578,2024-02-20,Pioneer Gearworks,skiing
CampfirePro Cooking Set,307,2024-01-02,Peak Performance Gear,skiing
NatureSeeker Binoculars,668,2025-07-17,Trailblazer Supplies,hiking equipment
HikePro Trekking Poles,938,2024-06-06,Trailblazer Outfitters,skiing
OutdoorMaster Camping Stove,747,2025-06-11,Wildland Gear,climbing
NatureSeeker Binoculars,201,2025-05-18,Wilderness Wares,skiing
WildernessSurvivor Survival Kit,787,2025-02-21,Explorers Equipment,backpacking
CampfirePro Cooking Set,77,2025-04-01,Nature's Edge Equipment,skiing
AdventurePro Backpack,813,2024-06-15,Wilderness Outfitters,fishing supplies
TrailTracker GPS Device,361,2024-03-02,Summit Seekers,mountain biking
AdventurePro Backpack,397,2025-09-06,Nature's Edge Equipment,fishing supplies
HikePro Trekking Poles,98,2025-09-09,Adventure Seekers Gear,fishing supplies
TrailBlazer Camping Tent,292,2024-10-23,Explorers Equipment,backpacking
ExplorerX Hiking Boots,813,2024-09-14,Adventure Gear Co.,fishing supplies
HikePro Trekking Poles,646,2024-07-24,Wilderness Wares,skiing
TrailTracker GPS Device,761,2024-12-05,Trailblazer Outfitters,fishing supplies
OutdoorMaster Camping Stove,202,2025-03-07,Trailblazer Outfitters,hiking equipment
NatureSeeker Binoculars,194,2025-08-16,Summit Seekers,fishing supplies
ExplorerX Hiking Boots,384,2024-09-29,Pioneer Gearworks,camping gear
CampfirePro Cooking Set,344,2025-01-04,Pioneer Gearworks,fishing supplies
TrailBlazer Camping Tent,933,2024-11-08,Outdoor Provisions Ltd.,mountain biking
ExplorerX Hiking Boots,347,2025-06-02,Outdoor Pursuits Co.,climbing
TrailBlazer Camping Tent,348,2024-07-30,Backcountry Essentials,climbing
HikePro Trekking Poles,21,2025-07-31,Nature's Edge Equipment,climbing
TrailTracker GPS Device,902,2025-09-10,Nature's Best Gear,camping gear
TrailBlazer Camping Tent,399,2024-07-15,Wildland Gear,backpacking
HikePro Trekking Poles,382,2024-11-16,Nature's Best Gear,fishing supplies
TrailBlazer Camping Tent,336,2025-05-25,Wilderness Wares,camping gear
AdventurePro Backpack,870,2025-02-28,Wildland Gear,fishing supplies
HikePro Trekking Poles,348,2024-03-23,Explorer's Edge Equipment,climbing
AdventurePro Backpack,291,2024-10-12,Outdoor Discovery Co.,fishing supplies
HikePro Trekking Poles,682,2024-03-31,Outdoor Provisions Ltd.,backpacking
TrailBlazer Camping Tent,985,2025-06-17,Summit Supplies,skiing
AdventurePro Backpack,966,2025-02-18,Nature's Best Gear,fishing supplies
OutdoorGear Hammock,664,2025-04-09,Nature's Trail Gear,camping gear
CampfirePro Cooking Set,248,2024-10-18,Outdoor Gear Emporium,skiing
WildernessSurvivor Survival Kit,36,2024-07-12,Adventure Gear Co.,fishing supplies
OutdoorGear Hammock,294,2024-08-05,Nature's Trail Gear,mountain biking
TrailTracker GPS Device,783,2024-08-14,Alpine Adventure Co.,camping gear
OutdoorGear Hammock,405,2025-05-04,Nature's Best Gear,hiking equipment
HikePro Trekking Poles,907,2025-01-01,Outdoor Gear Emporium,climbing
OutdoorGear Hammock,771,2025-03-11,Backcountry Essentials,fishing supplies
OutdoorMaster Camping Stove,63,2025-02-16,Peak Performance Gear,skiing
CampfirePro Cooking Set,971,2024-02-09,Summit Seekers,hiking equipment
OutdoorMaster Camping Stove,80,2024-07-02,Nature's Best Gear,fishing supplies
TrailTracker GPS Device,556,2025-09-29,Wilderness Wares,hiking equipment
CampfirePro Cooking Set,867,2025-06-04,Trailblazer Supplies,backpacking
WildernessSurvivor Survival Kit,129,2024-10-10,Adventure Seekers Gear,backpacking
WildernessSurvivor Survival Kit,216,2025-07-21,Trailblazer Gear,camping gear
HikePro Trekking Poles,908,2024-10-25,Outdoor Pursuits Co.,mountain biking
ExplorerX Hiking Boots,399,2024-05-04,Outdoor Discovery Co.,camping gear
OutdoorGear Hammock,792,2025-04-10,Outdoor Provisions Ltd.,skiing
TrailBlazer Camping Tent,63,2024-07-01,Peak Performance Gear,hiking equipment
AdventurePro Backpack,460,2024-02-15,Outdoor Provisions Ltd.,backpacking
HikePro Trekking Poles,691,2024-12-02,Alpine Adventure Co.,climbing
NatureSeeker Binoculars,655,2025-04-15,Outdoor Gear Emporium,climbing
TrailTracker GPS Device,521,2025-09-14,Nature's Edge Equipment,fishing supplies
TrailTracker GPS Device,332,2024-06-18,Nature's Edge Equipment,hiking equipment
TrailTracker GPS Device,528,2024-11-05,Explorer's Edge Equipment,climbing
AdventurePro Backpack,225,2025-07-05,Wilderness Outfitters,skiing
WildernessSurvivor Survival Kit,751,2024-01-15,Adventure Gear Co.,camping gear
OutdoorMaster Camping Stove,811,2024-09-05,Expedition Outfitters,climbing
OutdoorGear Hammock,877,2025-01-15,Adventure Seekers Gear,backpacking
NatureSeeker Binoculars,662,2024-01-08,Explorers Equipment,backpacking
NatureSeeker Binoculars,424,2025-02-08,Summit Seekers,mountain biking
NatureSeeker Binoculars,714,2025-09-09,Nature's Best Gear,skiing
ExplorerX Hiking Boots,739,2024-03-19,Wildland Gear,skiing
WildernessSurvivor Survival Kit,99,2025-02-23,Trailblazer Gear,fishing supplies
AdventurePro Backpack,190,2024-03-26,Trailblazer Gear,backpacking
TrailBlazer Camping Tent,375,2024-10-01,Trailblazer Gear,mountain biking
TrailBlazer Camping Tent,899,2024-01-07,Nature's Edge Equipment,backpacking
WildernessSurvivor Survival Kit,620,2025-06-17,Nature's Best Gear,camping gear
HikePro Trekking Poles,453,2024-03-23,Outdoor Provisions Ltd.,mountain biking
NatureSeeker Binoculars,487,2024-11-06,Summit Seekers,mountain biking
HikePro Trekking Poles,181,2025-05-13,Adventure Gear Co.,fishing supplies
AdventurePro Backpack,112,2024-06-13,Outdoor Discovery Co.,skiing
OutdoorMaster Camping Stove,828,2025-09-12,Adventure Seekers Gear,backpacking
TrailTracker GPS Device,281,2024-10-09,Explorer's Edge Equipment,backpacking
HikePro Trekking Poles,602,2024-09-10,Backcountry Bound,hiking equipment
ExplorerX Hiking Boots,931,2024-09-23,Explorer's Edge Equipment,skiing
ExplorerX Hiking Boots,9,2025-08-15,Explorer's Edge Equipment,skiing
OutdoorMaster Camping Stove,420,2025-09-21,Wildland Gear,backpacking
HikePro Trekking Poles,660,2025-04-26,Outdoor Gear Emporium,camping gear
HikePro Trekking Poles,905,2024-12-12,Backcountry Bound,climbing
TrailBlazer Camping Tent,721,2025-08-31,Outdoor Provisions Ltd.,fishing supplies
AdventurePro Backpack,894,2025-03-29,Backcountry Bound,backpacking
TrailTracker GPS Device,752,2024-01-05,Trailblazer Gear,climbing
ExplorerX Hiking Boots,197,2025-03-12,Explorer's Edge Equipment,hiking equipment
TrailTracker GPS Device,380,2024-12-31,Summit Seekers,climbing
HikePro Trekking Poles,227,2024-10-04,Summit Seekers,backpacking
AdventurePro Backpack,763,2024-10-05,Alpine Adventure Co.,climbing
NatureSeeker Binoculars,82,2025-05-21,Summit Supplies,mountain biking
TrailBlazer Camping Tent,199,2024-03-25,Adventure Gear Co.,hiking equipment
NatureSeeker Binoculars,33,2024-06-21,Wildland Gear,fishing supplies
HikePro Trekking Poles,38,2024-02-17,Explorer's Edge Equipment,backpacking
WildernessSurvivor Survival Kit,284,2025-06-30,Trailblazer Supplies,hiking equipment
AdventurePro Backpack,64,2025-05-04,Explorer's Edge Equipment,backpacking
OutdoorMaster Camping Stove,583,2024-11-29,Pioneer Gearworks,climbing
NatureSeeker Binoculars,234,2025-09-03,Trailblazer Outfitters,fishing supplies
ExplorerX Hiking Boots,474,2025-05-13,Outdoor Provisions Ltd.,skiing
OutdoorGear Hammock,694,2024-11-27,Explorers Equipment,mountain biking
TrailTracker GPS Device,720,2024-12-26,Explorer's Edge Equipment,skiing
WildernessSurvivor Survival Kit,43,2024-08-19,Alpine Adventure Co.,camping gear
CampfirePro Cooking Set,89,2024-08-20,Adventure Seekers Gear,mountain biking
WildernessSurvivor Survival Kit,437,2024-03-11,Adventure Gear Co.,skiing
AdventurePro Backpack,721,2025-04-20,Adventure Gear Co.,hiking equipment
TrailTracker GPS Device,530,2025-03-21,Alpine Adventure Co.,camping gear
WildernessSurvivor Survival Kit,262,2025-08-29,Trailblazer Supplies,camping gear
NatureSeeker Binoculars,996,2024-11-23,Trailblazer Supplies,skiing
WildernessSurvivor Survival Kit,658,2024-11-30,Explorers Equipment,camping gear
CampfirePro Cooking Set,334,2024-03-12,Backcountry Essentials,fishing supplies
CampfirePro Cooking Set,451,2025-05-07,Expedition Outfitters,camping gear
WildernessSurvivor Survival Kit,173,2024-09-23,Explorer's Edge Equipment,camping gear
OutdoorGear Hammock,269,2024-10-05,Nature's Edge Equipment,camping gear
WildernessSurvivor Survival Kit,259,2024-04-12,Outdoor Provisions Ltd.,skiing
AdventurePro Backpack,313,2024-02-10,Adventure Seekers Gear,skiing
OutdoorGear Hammock,178,2025-07-21,Pioneer Gearworks,fishing supplies
OutdoorGear Hammock,929,2025-03-06,Summit Supplies,hiking equipment
CampfirePro Cooking Set,363,2024-04-07,Explorers Equipment,hiking equipment
NatureSeeker Binoculars,646,2024-09-04,Nature's Best Gear,camping gear
TrailBlazer Camping Tent,275,2025-03-25,Nature's Trail Gear,climbing
TrailBlazer Camping Tent,161,2024-06-07,Explorer's Edge Equipment,skiing
WildernessSurvivor Survival Kit,899,2024-03-19,Summit Seekers,fishing supplies
CampfirePro Cooking Set,254,2025-04-06,Pioneer Gearworks,camping gear
HikePro Trekking Poles,612,2025-04-25,Nature's Best Gear,mountain biking
TrailTracker GPS Device,120,2024-01-31,Outdoor Discovery Co.,climbing
TrailBlazer Camping Tent,191,2024-06-08,Wilderness Outfitters,backpacking
AdventurePro Backpack,615,2025-09-15,Adventure Gear Co.,climbing
OutdoorGear Hammock,397,2024-08-12,Trailblazer Gear,fishing supplies
WildernessSurvivor Survival Kit,360,2025-05-20,Trailblazer Gear,climbing
HikePro Trekking Poles,944,2025-05-28,Expedition Outfitters,mountain biking
WildernessSurvivor Survival Kit,978,2024-05-09,Nature's Best Gear,skiing
HikePro Trekking Poles,644,2025-08-08,Trailblazer Outfitters,climbing
AdventurePro Backpack,120,2025-04-26,Summit Supplies,mountain biking
OutdoorGear Hammock,880,2024-07-01,Outdoor Discovery Co.,fishing supplies
OutdoorMaster Camping Stove,551,2024-11-07,Outdoor Gear Emporium,hiking equipment
OutdoorMaster Camping Stove,540,2025-05-16,Wilderness Outfitters,fishing supplies
NatureSeeker Binoculars,862,2024-10-20,Trailblazer Gear,fishing supplies
ExplorerX Hiking Boots,133,2024-04-25,Backcountry Bound,backpacking
WildernessSurvivor Survival Kit,311,2024-12-10,Peak Performance Gear,skiing
OutdoorGear Hammock,810,2024-03-29,Outdoor Provisions Ltd.,mountain biking
WildernessSurvivor Survival Kit,547,2025-02-23,Nature's Edge Equipment,climbing
OutdoorGear Hammock,377,2025-01-02,Expedition Outfitters,climbing
TrailBlazer Camping Tent,339,2025-09-21,Trailblazer Outfitters,backpacking
TrailBlazer Camping Tent,268,2024-02-04,Expedition Outfitters,fishing supplies
CampfirePro Cooking Set,415,2024-06-30,Wilderness Outfitters,camping gear
OutdoorGear Hammock,809,2025-07-12,Trailblazer Supplies,hiking equipment
TrailTracker GPS Device,803,2024-10-24,Outdoor Discovery Co.,backpacking
AdventurePro Backpack,925,2024-01-12,Wilderness Wares,climbing
TrailTracker GPS Device,531,2024-10-17,Outdoor Pursuits Co.,camping gear
TrailTracker GPS Device,713,2025-04-28,Alpine Adventure Co.,camping gear
TrailTracker GPS Device,137,2024-06-08,Outdoor Discovery Co.,backpacking
AdventurePro Backpack,93,2024-11-18,Outdoor Discovery Co.,backpacking
NatureSeeker Binoculars,472,2024-02-21,Summit Supplies,skiing
TrailTracker GPS Device,386,2024-08-29,Outdoor Pursuits Co.,climbing
NatureSeeker Binoculars,52,2024-03-13,Backcountry Essentials,climbing
OutdoorGear Hammock,774,2025-01-24,Trailblazer Supplies,fishing supplies
WildernessSurvivor Survival Kit,301,2025-07-28,Outdoor Gear Emporium,skiing
TrailBlazer Camping Tent,2,2024-11-22,Pioneer Gearworks,skiing
HikePro Trekking Poles,766,2025-09-22,Alpine Adventure Co.,climbing
OutdoorGear Hammock,698,2025-04-24,Outdoor Pursuits Co.,hiking equipment
HikePro Trekking Poles,145,2025-03-18,Explorer's Edge Equipment,hiking equipment
WildernessSurvivor Survival Kit,876,2025-01-21,Alpine Adventure Co.,fishing supplies
TrailTracker GPS Device,931,2025-01-26,Alpine Adventure Co.,backpacking
AdventurePro Backpack,902,2024-07-20,Outdoor Pursuits Co.,skiing
HikePro Trekking Poles,347,2024-06-22,Explorers Equipment,camping gear
AdventurePro Backpack,797,2024-09-07,Nature's Edge Equipment,hiking equipment
ExplorerX Hiking Boots,530,2025-03-01,Nature's Trail Gear,hiking equipment
TrailBlazer Camping Tent,249,2025-07-04,Wilderness Outfitters,skiing
WildernessSurvivor Survival Kit,262,2024-04-23,Summit Supplies,camping gear
TrailTracker GPS Device,645,2024-09-26,Adventure Gear Co.,climbing
OutdoorMaster Camping Stove,2,2025-02-10,Trailblazer Supplies,mountain biking
OutdoorMaster Camping Stove,613,2024-04-11,Backcountry Essentials,backpacking
OutdoorGear Hammock,180,2024-01-23,Adventure Seekers Gear,skiing
NatureSeeker Binoculars,555,2024-04-04,Trailblazer Gear,climbing
CampfirePro Cooking Set,534,2025-03-11,Wilderness Wares,camping gear
WildernessSurvivor Survival Kit,136,2024-05-02,Nature's Best Gear,fishing supplies
CampfirePro Cooking Set,528,2024-04-02,Nature's Trail Gear,hiking equipment
CampfirePro Cooking Set,982,2025-07-20,Backcountry Essentials,skiing
WildernessSurvivor Survival Kit,5,2025-09-08,Outdoor Provisions Ltd.,camping gear
NatureSeeker Binoculars,379,2024-03-26,Nature's Edge Equipment,backpacking
OutdoorMaster Camping Stove,559,2024-02-19,Pioneer Gearworks,mountain biking
AdventurePro Backpack,394,2025-03-10,Expedition Outfitters,camping gear
TrailBlazer Camping Tent,792,2024-02-23,Outdoor Gear Emporium,backpacking
CampfirePro Cooking Set,551,2025-01-10,Pioneer Gearworks,skiing
TrailBlazer Camping Tent,336,2024-02-17,Outdoor Gear Emporium,hiking equipment
ExplorerX Hiking Boots,795,2024-02-15,Trailblazer Outfitters,fishing supplies
HikePro Trekking Poles,561,2025-01-31,Alpine Adventure Co.,backpacking
OutdoorGear Hammock,818,2024-01-23,Pioneer Gearworks,skiing
NatureSeeker Binoculars,3,2024-09-04,Outdoor Provisions Ltd.,mountain biking
AdventurePro Backpack,570,2024-07-09,Summit Seekers,skiing
TrailTracker GPS Device,240,2024-12-07,Nature's Trail Gear,mountain biking
CampfirePro Cooking Set,904,2025-06-22,Outdoor Provisions Ltd.,skiing
WildernessSurvivor Survival Kit,441,2024-01-20,Trailblazer Gear,fishing supplies
NatureSeeker Binoculars,703,2025-03-22,Outdoor Gear Emporium,hiking equipment
ExplorerX Hiking Boots,988,2024-10-18,Trailblazer Supplies,hiking equipment
AdventurePro Backpack,219,2024-04-11,Backcountry Essentials,fishing supplies
OutdoorMaster Camping Stove,592,2025-04-29,Trailblazer Gear,hiking equipment
OutdoorMaster Camping Stove,106,2024-10-25,Expedition Outfitters,backpacking
AdventurePro Backpack,52,2025-03-02,Trailblazer Outfitters,fishing supplies
CampfirePro Cooking Set,304,2025-09-10,Trailblazer Supplies,backpacking
CampfirePro Cooking Set,964,2025-06-16,Explorers Equipment,climbing
TrailBlazer Camping Tent,124,2024-05-04,Nature's Best Gear,backpacking
ExplorerX Hiking Boots,129,2024-04-06,Nature's Trail Gear,skiing
TrailTracker GPS Device,373,2024-03-07,Nature's Best Gear,backpacking
TrailBlazer Camping Tent,294,2025-08-01,Trailblazer Outfitters,backpacking
ExplorerX Hiking Boots,866,2024-04-07,Explorer's Edge Equipment,mountain biking
CampfirePro Cooking Set,321,2024-04-30,Summit Seekers,mountain biking
OutdoorGear Hammock,668,2024-04-29,Backcountry Bound,backpacking
ExplorerX Hiking Boots,425,2025-07-18,Nature's Edge Equipment,climbing
WildernessSurvivor Survival Kit,29,2025-05-18,Summit Supplies,skiing
TrailBlazer Camping Tent,32,2024-04-28,Nature's Edge Equipment,camping gear
ExplorerX Hiking Boots,551,2024-02-12,Trailblazer Gear,skiing
NatureSeeker Binoculars,966,2024-12-23,Explorer's Edge Equipment,mountain biking
TrailTracker GPS Device,697,2025-09-08,Wildland Gear,climbing
CampfirePro Cooking Set,266,2024-04-16,Outdoor Discovery Co.,mountain biking
OutdoorGear Hammock,224,2024-05-02,Alpine Adventure Co.,backpacking
CampfirePro Cooking Set,576,2024-11-03,Adventure Seekers Gear,camping gear
HikePro Trekking Poles,350,2025-06-15,Backcountry Essentials,skiing
TrailBlazer Camping Tent,545,2024-08-09,Adventure Gear Co.,skiing
TrailTracker GPS Device,971,2024-02-29,Trailblazer Outfitters,fishing supplies
ExplorerX Hiking Boots,109,2025-03-21,Outdoor Pursuits Co.,fishing supplies
NatureSeeker Binoculars,129,2025-08-14,Outdoor Gear Emporium,climbing
NatureSeeker Binoculars,683,2025-01-29,Outdoor Provisions Ltd.,climbing
OutdoorGear Hammock,62,2024-01-02,Peak Performance Gear,mountain biking
OutdoorGear Hammock,818,2025-04-15,Outdoor Pursuits Co.,climbing
OutdoorGear Hammock,862,2024-04-05,Nature's Edge Equipment,hiking equipment
TrailTracker GPS Device,619,2025-01-21,Expedition Outfitters,hiking equipment
HikePro Trekking Poles,338,2024-10-27,Summit Seekers,camping gear
ExplorerX Hiking Boots,153,2024-03-21,Expedition Outfitters,mountain biking
NatureSeeker Binoculars,316,2025-04-20,Summit Seekers,hiking equipment
ExplorerX Hiking Boots,619,2024-02-16,Trailblazer Supplies,backpacking
WildernessSurvivor Survival Kit,274,2024-09-20,Trailblazer Supplies,fishing supplies
TrailBlazer Camping Tent,590,2024-01-16,Trailblazer Outfitters,fishing supplies
TrailTracker GPS Device,573,2024-11-04,Summit Supplies,camping gear
TrailBlazer Camping Tent,509,2025-02-16,Explorers Equipment,fishing supplies
OutdoorGear Hammock,93,2024-08-26,Wilderness Wares,backpacking
NatureSeeker Binoculars,773,2025-01-07,Alpine Adventure Co.,hiking equipment
TrailBlazer Camping Tent,67,2024-03-10,Peak Performance Gear,climbing
TrailTracker GPS Device,109,2025-09-17,Nature's Trail Gear,skiing
TrailTracker GPS Device,772,2024-11-16,Peak Performance Gear,climbing
OutdoorGear Hammock,177,2025-03-20,Wildland Gear,fishing supplies
OutdoorGear Hammock,113,2024-10-10,Peak Performance Gear,hiking equipment
OutdoorMaster Camping Stove,288,2025-06-14,Backcountry Bound,backpacking
NatureSeeker Binoculars,720,2024-09-26,Explorers Equipment,hiking equipment
TrailBlazer Camping Tent,871,2024-05-17,Wilderness Wares,fishing supplies
WildernessSurvivor Survival Kit,513,2024-01-04,Outdoor Gear Emporium,skiing
AdventurePro Backpack,504,2025-09-17,Adventure Gear Co.,backpacking
ExplorerX Hiking Boots,449,2025-09-15,Outdoor Pursuits Co.,camping gear
ExplorerX Hiking Boots,516,2024-03-28,Nature's Edge Equipment,mountain biking
HikePro Trekking Poles,212,2025-06-10,Adventure Seekers Gear,camping gear
TrailTracker GPS Device,226,2025-03-20,Nature's Best Gear,skiing
TrailBlazer Camping Tent,481,2024-06-13,Outdoor Discovery Co.,mountain biking
TrailTracker GPS Device,418,2025-09-10,Summit Supplies,backpacking
ExplorerX Hiking Boots,520,2025-02-08,Summit Supplies,backpacking
OutdoorMaster Camping Stove,325,2024-04-12,Wilderness Wares,mountain biking
AdventurePro Backpack,103,2024-06-13,Outdoor Discovery Co.,camping gear
OutdoorMaster Camping Stove,42,2024-10-16,Wilderness Wares,hiking equipment
ExplorerX Hiking Boots,846,2025-09-16,Backcountry Essentials,hiking equipment
HikePro Trekking Poles,440,2024-08-19,Pioneer Gearworks,hiking equipment
NatureSeeker Binoculars,697,2025-03-29,Explorers Equipment,backpacking
NatureSeeker Binoculars,69,2024-02-22,Summit Seekers,camping gear
OutdoorGear Hammock,747,2024-12-01,Backcountry Essentials,camping gear
CampfirePro Cooking Set,704,2025-01-19,Peak Performance Gear,hiking equipment
HikePro Trekking Poles,759,2025-09-02,Outdoor Provisions Ltd.,climbing
CampfirePro Cooking Set,932,2025-02-23,Wilderness Wares,climbing
TrailBlazer Camping Tent,288,2025-09-15,Wilderness Wares,camping gear
CampfirePro Cooking Set,879,2024-10-08,Trailblazer Outfitters,hiking equipment
NatureSeeker Binoculars,329,2024-03-22,Trailblazer Gear,backpacking
HikePro Trekking Poles,240,2024-10-02,Summit Seekers,climbing
OutdoorGear Hammock,744,2024-08-04,Outdoor Discovery Co.,camping gear
CampfirePro Cooking Set,715,2024-12-07,Trailblazer Gear,hiking equipment
WildernessSurvivor Survival Kit,648,2024-08-08,Explorers Equipment,backpacking
WildernessSurvivor Survival Kit,910,2025-02-27,Nature's Best Gear,skiing
NatureSeeker Binoculars,807,2025-06-12,Nature's Best Gear,hiking equipment
NatureSeeker Binoculars,899,2025-08-01,Backcountry Essentials,hiking equipment
OutdoorGear Hammock,544,2025-08-09,Wilderness Outfitters,mountain biking
ExplorerX Hiking Boots,421,2025-04-12,Expedition Outfitters,fishing supplies
HikePro Trekking Poles,546,2025-03-22,Wilderness Wares,hiking equipment
ExplorerX Hiking Boots,815,2025-05-28,Outdoor Provisions Ltd.,backpacking
OutdoorMaster Camping Stove,49,2024-03-20,Summit Seekers,camping gear
OutdoorGear Hammock,217,2025-05-03,Outdoor Provisions Ltd.,mountain biking
OutdoorMaster Camping Stove,441,2025-08-05,Trailblazer Outfitters,hiking equipment
HikePro Trekking Poles,897,2024-06-19,Wilderness Outfitters,hiking equipment
OutdoorMaster Camping Stove,209,2024-12-01,Nature's Trail Gear,backpacking
AdventurePro Backpack,682,2024-03-06,Explorer's Edge Equipment,mountain biking
TrailTracker GPS Device,148,2024-12-07,Wilderness Outfitters,fishing supplies
TrailTracker GPS Device,527,2024-03-13,Adventure Gear Co.,hiking equipment
OutdoorGear Hammock,808,2025-02-10,Trailblazer Outfitters,fishing supplies
ExplorerX Hiking Boots,705,2024-03-03,Nature's Best Gear,backpacking
NatureSeeker Binoculars,76,2024-09-09,Outdoor Discovery Co.,backpacking
NatureSeeker Binoculars,274,2024-10-11,Nature's Edge Equipment,climbing
OutdoorGear Hammock,942,2024-03-07,Trailblazer Supplies,hiking equipment
TrailTracker GPS Device,976,2024-12-15,Summit Supplies,fishing supplies
TrailBlazer Camping Tent,243,2025-05-30,Wilderness Outfitters,skiing
WildernessSurvivor Survival Kit,83,2024-11-10,Trailblazer Gear,camping gear
OutdoorMaster Camping Stove,188,2025-01-11,Backcountry Bound,camping gear
HikePro Trekking Poles,680,2024-06-14,Wilderness Wares,backpacking
TrailTracker GPS Device,510,2025-07-15,Nature's Trail Gear,backpacking
ExplorerX Hiking Boots,477,2024-08-21,Adventure Seekers Gear,climbing
TrailBlazer Camping Tent,43,2025-08-07,Summit Supplies,climbing
WildernessSurvivor Survival Kit,417,2025-06-13,Explorer's Edge Equipment,fishing supplies
CampfirePro Cooking Set,398,2025-03-07,Outdoor Provisions Ltd.,skiing
OutdoorMaster Camping Stove,698,2024-10-28,Summit Supplies,hiking equipment
AdventurePro Backpack,610,2025-06-04,Peak Performance Gear,camping gear
NatureSeeker Binoculars,554,2024-04-11,Expedition Outfitters,camping gear
AdventurePro Backpack,378,2024-09-04,Outdoor Discovery Co.,skiing
OutdoorMaster Camping Stove,475,2025-02-16,Trailblazer Outfitters,hiking equipment
WildernessSurvivor Survival Kit,773,2025-07-05,Pioneer Gearworks,skiing
ExplorerX Hiking Boots,678,2025-08-14,Adventure Gear Co.,hiking equipment
AdventurePro Backpack,561,2025-08-03,Wilderness Wares,camping gear
OutdoorMaster Camping Stove,144,2025-02-20,Trailblazer Supplies,camping gear
OutdoorGear Hammock,683,2024-10-14,Adventure Gear Co.,camping gear
WildernessSurvivor Survival Kit,884,2024-04-09,Outdoor Pursuits Co.,camping gear
CampfirePro Cooking Set,183,2024-01-20,Backcountry Essentials,hiking equipment
TrailTracker GPS Device,325,2025-03-11,Summit Supplies,fishing supplies
WildernessSurvivor Survival Kit,735,2024-11-03,Nature's Trail Gear,climbing
AdventurePro Backpack,677,2025-05-13,Backcountry Essentials,fishing supplies
TrailBlazer Camping Tent,475,2024-09-07,Explorer's Edge Equipment,camping gear
OutdoorMaster Camping Stove,215,2024-09-18,Wilderness Wares,skiing
NatureSeeker Binoculars,266,2025-05-18,Summit Seekers,backpacking
TrailBlazer Camping Tent,938,2024-01-23,Expedition Outfitters,camping gear
CampfirePro Cooking Set,19,2025-05-03,Nature's Best Gear,mountain biking
TrailBlazer Camping Tent,657,2025-02-03,Trailblazer Supplies,camping gear
TrailBlazer Camping Tent,218,2024-06-23,Nature's Edge Equipment,hiking equipment
HikePro Trekking Poles,8,2024-11-03,Backcountry Bound,skiing
TrailBlazer Camping Tent,935,2024-11-19,Wildland Gear,backpacking
AdventurePro Backpack,736,2025-05-08,Trailblazer Gear,hiking equipment
NatureSeeker Binoculars,325,2024-04-12,Trailblazer Supplies,skiing
NatureSeeker Binoculars,44,2025-08-26,Outdoor Pursuits Co.,climbing
AdventurePro Backpack,702,2024-10-20,Outdoor Provisions Ltd.,hiking equipment
AdventurePro Backpack,597,2024-06-19,Wilderness Outfitters,mountain biking
CampfirePro Cooking Set,617,2025-01-12,Backcountry Bound,fishing supplies
AdventurePro Backpack,703,2025-07-08,Trailblazer Gear,backpacking
HikePro Trekking Poles,195,2024-01-29,Outdoor Provisions Ltd.,skiing
NatureSeeker Binoculars,570,2025-06-03,Wilderness Outfitters,mountain biking
NatureSeeker Binoculars,502,2024-06-30,Nature's Best Gear,backpacking
TrailTracker GPS Device,939,2024-12-30,Wildland Gear,hiking equipment
ExplorerX Hiking Boots,325,2024-12-28,Trailblazer Outfitters,hiking equipment
NatureSeeker Binoculars,948,2024-10-08,Wildland Gear,mountain biking
OutdoorMaster Camping Stove,585,2024-06-20,Wildland Gear,backpacking
CampfirePro Cooking Set,645,2025-09-27,Explorers Equipment,hiking equipment
OutdoorMaster Camping Stove,223,2025-06-12,Adventure Gear Co.,mountain biking
AdventurePro Backpack,699,2025-07-27,Trailblazer Supplies,fishing supplies
OutdoorMaster Camping Stove,861,2024-04-11,Adventure Seekers Gear,skiing
AdventurePro Backpack,711,2025-01-21,Nature's Trail Gear,climbing
OutdoorGear Hammock,537,2024-09-18,Nature's Best Gear,fishing supplies
NatureSeeker Binoculars,879,2024-10-23,Explorer's Edge Equipment,hiking equipment
OutdoorGear Hammock,114,2025-02-18,Nature's Trail Gear,fishing supplies
OutdoorGear Hammock,661,2024-08-17,Backcountry Essentials,backpacking
HikePro Trekking Poles,678,2024-08-10,Nature's Trail Gear,fishing supplies
HikePro Trekking Poles,8,2025-02-16,Outdoor Provisions Ltd.,skiing
CampfirePro Cooking Set,652,2024-05-17,Peak Performance Gear,backpacking
TrailBlazer Camping Tent,857,2025-07-03,Backcountry Essentials,mountain biking
TrailTracker GPS Device,647,2025-03-31,Backcountry Essentials,climbing
NatureSeeker Binoculars,398,2024-01-18,Backcountry Bound,mountain biking
NatureSeeker Binoculars,422,2025-03-25,Nature's Trail Gear,backpacking
OutdoorGear Hammock,722,2025-08-29,Adventure Gear Co.,backpacking
NatureSeeker Binoculars,633,2024-06-16,Trailblazer Gear,skiing
TrailTracker GPS Device,221,2024-02-22,Explorers Equipment,backpacking
NatureSeeker Binoculars,777,2025-09-27,Explorers Equipment,camping gear
WildernessSurvivor Survival Kit,489,2025-07-06,Expedition Outfitters,skiing
TrailBlazer Camping Tent,860,2025-03-04,Alpine Adventure Co.,hiking equipment
NatureSeeker Binoculars,666,2024-02-11,Outdoor Discovery Co.,mountain biking
TrailTracker GPS Device,462,2024-12-12,Pioneer Gearworks,camping gear
NatureSeeker Binoculars,991,2024-08-03,Expedition Outfitters,hiking equipment
TrailTracker GPS Device,96,2024-10-15,Expedition Outfitters,climbing
HikePro Trekking Poles,453,2025-08-26,Outdoor Gear Emporium,backpacking
CampfirePro Cooking Set,198,2025-01-02,Outdoor Gear Emporium,fishing supplies
AdventurePro Backpack,492,2024-04-10,Trailblazer Outfitters,fishing supplies
AdventurePro Backpack,318,2024-04-13,Backcountry Essentials,hiking equipment
NatureSeeker Binoculars,253,2025-07-28,Summit Supplies,skiing
OutdoorGear Hammock,295,2024-12-05,Wilderness Outfitters,climbing
AdventurePro Backpack,195,2024-04-02,Outdoor Discovery Co.,climbing
AdventurePro Backpack,305,2025-03-29,Pioneer Gearworks,mountain biking
NatureSeeker Binoculars,349,2025-04-24,Explorers Equipment,hiking equipment
WildernessSurvivor Survival Kit,177,2024-08-17,Outdoor Pursuits Co.,hiking equipment
HikePro Trekking Poles,586,2024-08-15,Trailblazer Gear,fishing supplies
OutdoorMaster Camping Stove,384,2025-04-25,Trailblazer Gear,fishing supplies
ExplorerX Hiking Boots,440,2025-07-18,Trailblazer Outfitters,hiking equipment
OutdoorGear Hammock,976,2025-05-18,Trailblazer Supplies,mountain biking
TrailTracker GPS Device,174,2025-08-12,Outdoor Pursuits Co.,climbing
ExplorerX Hiking Boots,539,2025-05-27,Outdoor Provisions Ltd.,hiking equipment
OutdoorMaster Camping Stove,773,2025-02-23,Peak Performance Gear,mountain biking
ExplorerX Hiking Boots,764,2024-12-09,Nature's Best Gear,climbing
ExplorerX Hiking Boots,134,2024-06-18,Alpine Adventure Co.,hiking equipment
NatureSeeker Binoculars,388,2024-11-26,Nature's Edge Equipment,fishing supplies
ExplorerX Hiking Boots,73,2024-11-17,Backcountry Essentials,backpacking
NatureSeeker Binoculars,55,2024-11-07,Expedition Outfitters,climbing
CampfirePro Cooking Set,17,2024-01-09,Outdoor Provisions Ltd.,climbing
HikePro Trekking Poles,606,2024-10-24,Backcountry Essentials,fishing supplies
WildernessSurvivor Survival Kit,448,2024-03-19,Trailblazer Supplies,backpacking
HikePro Trekking Poles,323,2024-03-24,Backcountry Essentials,climbing
TrailTracker GPS Device,486,2024-04-24,Summit Seekers,skiing
TrailTracker GPS Device,801,2024-04-19,Backcountry Bound,mountain biking
OutdoorMaster Camping Stove,642,2024-03-17,Nature's Trail Gear,mountain biking
HikePro Trekking Poles,588,2024-12-25,Adventure Seekers Gear,hiking equipment
TrailBlazer Camping Tent,139,2024-05-17,Trailblazer Outfitters,camping gear
TrailBlazer Camping Tent,828,2024-10-02,Nature's Trail Gear,climbing
WildernessSurvivor Survival Kit,751,2024-01-20,Outdoor Gear Emporium,fishing supplies
WildernessSurvivor Survival Kit,527,2024-03-19,Outdoor Discovery Co.,mountain biking
AdventurePro Backpack,936,2025-03-07,Outdoor Gear Emporium,hiking equipment
NatureSeeker Binoculars,138,2024-04-09,Wilderness Outfitters,mountain biking
OutdoorGear Hammock,787,2025-02-23,Adventure Gear Co.,climbing
CampfirePro Cooking Set,292,2025-04-10,Summit Supplies,hiking equipment
WildernessSurvivor Survival Kit,179,2024-02-03,Summit Seekers,skiing
TrailTracker GPS Device,352,2025-06-04,Explorers Equipment,camping gear
TrailBlazer Camping Tent,502,2024-04-11,Backcountry Essentials,hiking equipment
OutdoorMaster Camping Stove,606,2025-04-30,Summit Seekers,camping gear
OutdoorMaster Camping Stove,955,2024-01-11,Peak Performance Gear,skiing
ExplorerX Hiking Boots,449,2025-05-18,Backcountry Bound,skiing
CampfirePro Cooking Set,359,2025-03-09,Explorer's Edge Equipment,hiking equipment
NatureSeeker Binoculars,603,2024-09-22,Trailblazer Gear,climbing
CampfirePro Cooking Set,106,2024-06-06,Nature's Best Gear,fishing supplies
CampfirePro Cooking Set,731,2025-06-14,Peak Performance Gear,skiing
NatureSeeker Binoculars,527,2024-05-12,Pioneer Gearworks,mountain biking
NatureSeeker Binoculars,412,2025-08-11,Expedition Outfitters,climbing
OutdoorMaster Camping Stove,562,2024-04-13,Backcountry Bound,skiing
TrailTracker GPS Device,999,2025-03-12,Trailblazer Gear,camping gear
ExplorerX Hiking Boots,573,2024-02-20,Summit Seekers,climbing
WildernessSurvivor Survival Kit,252,2024-03-17,Outdoor Provisions Ltd.,fishing supplies
CampfirePro Cooking Set,968,2025-04-13,Explorer's Edge Equipment,climbing
AdventurePro Backpack,972,2024-06-04,Nature's Best Gear,backpacking
OutdoorMaster Camping Stove,433,2024-12-19,Explorer's Edge Equipment,mountain biking
OutdoorMaster Camping Stove,986,2024-04-09,Summit Seekers,camping gear
OutdoorGear Hammock,861,2025-06-19,Trailblazer Gear,fishing supplies
OutdoorGear Hammock,218,2025-01-15,Wilderness Outfitters,camping gear
OutdoorGear Hammock,236,2024-08-11,Outdoor Provisions Ltd.,mountain biking
NatureSeeker Binoculars,503,2024-05-05,Trailblazer Gear,mountain biking
WildernessSurvivor Survival Kit,412,2024-03-16,Nature's Trail Gear,camping gear
AdventurePro Backpack,305,2025-01-12,Alpine Adventure Co.,camping gear
HikePro Trekking Poles,153,2025-06-06,Explorers Equipment,fishing supplies
TrailBlazer Camping Tent,969,2025-03-20,Wilderness Wares,backpacking
NatureSeeker Binoculars,91,2024-06-08,Outdoor Provisions Ltd.,hiking equipment
ExplorerX Hiking Boots,452,2025-07-05,Outdoor Pursuits Co.,mountain biking
HikePro Trekking Poles,664,2025-01-16,Peak Performance Gear,camping gear
ExplorerX Hiking Boots,803,2025-05-12,Outdoor Pursuits Co.,climbing
OutdoorGear Hammock,316,2024-07-25,Trailblazer Supplies,hiking equipment
OutdoorMaster Camping Stove,280,2024-01-29,Summit Seekers,hiking equipment
TrailTracker GPS Device,674,2025-07-16,Peak Performance Gear,mountain biking
AdventurePro Backpack,382,2025-09-04,Outdoor Provisions Ltd.,skiing
NatureSeeker Binoculars,474,2025-02-09,Alpine Adventure Co.,backpacking
AdventurePro Backpack,665,2024-04-16,Nature's Trail Gear,mountain biking
HikePro Trekking Poles,758,2024-01-27,Nature's Trail Gear,skiing
CampfirePro Cooking Set,597,2025-04-28,Outdoor Gear Emporium,camping gear
TrailTracker GPS Device,158,2025-06-04,Wilderness Wares,camping gear
TrailTracker GPS Device,711,2025-03-13,Summit Seekers,hiking equipment
ExplorerX Hiking Boots,479,2025-08-31,Summit Supplies,fishing supplies
OutdoorGear Hammock,989,2024-06-11,Explorer's Edge Equipment,mountain biking
NatureSeeker Binoculars,247,2025-09-29,Trailblazer Supplies,climbing
CampfirePro Cooking Set,364,2024-12-10,Wilderness Outfitters,climbing
OutdoorMaster Camping Stove,583,2024-10-01,Summit Seekers,backpacking
ExplorerX Hiking Boots,53,2024-07-12,Outdoor Provisions Ltd.,fishing supplies
NatureSeeker Binoculars,179,2025-05-16,Trailblazer Gear,hiking equipment
ExplorerX Hiking Boots,110,2024-07-15,Outdoor Provisions Ltd.,fishing supplies
NatureSeeker Binoculars,422,2024-04-11,Trailblazer Outfitters,camping gear
NatureSeeker Binoculars,58,2025-06-21,Trailblazer Outfitters,backpacking
ExplorerX Hiking Boots,222,2024-04-21,Outdoor Gear Emporium,mountain biking
ExplorerX Hiking Boots,12,2024-10-07,Wilderness Outfitters,backpacking
CampfirePro Cooking Set,124,2024-01-01,Nature's Edge Equipment,camping gear
OutdoorGear Hammock,635,2025-03-21,Expedition Outfitters,hiking equipment
TrailBlazer Camping Tent,569,2025-02-21,Adventure Gear Co.,hiking equipment
OutdoorMaster Camping Stove,864,2025-06-27,Nature's Best Gear,skiing
NatureSeeker Binoculars,382,2025-09-16,Nature's Trail Gear,fishing supplies
ExplorerX Hiking Boots,261,2025-03-30,Outdoor Pursuits Co.,skiing
ExplorerX Hiking Boots,46,2024-09-04,Expedition Outfitters,hiking equipment
NatureSeeker Binoculars,357,2025-03-01,Outdoor Gear Emporium,climbing
WildernessSurvivor Survival Kit,983,2024-05-10,Outdoor Gear Emporium,fishing supplies
TrailTracker GPS Device,999,2025-03-10,Wilderness Outfitters,camping gear
OutdoorGear Hammock,908,2024-09-01,Adventure Seekers Gear,mountain biking
OutdoorGear Hammock,670,2025-04-16,Outdoor Pursuits Co.,camping gear
OutdoorMaster Camping Stove,992,2025-02-21,Alpine Adventure Co.,skiing
TrailTracker GPS Device,97,2025-05-29,Backcountry Essentials,climbing
AdventurePro Backpack,916,2025-08-24,Explorers Equipment,hiking equipment
WildernessSurvivor Survival Kit,487,2024-01-03,Outdoor Gear Emporium,climbing
TrailBlazer Camping Tent,782,2024-06-17,Wilderness Wares,skiing
OutdoorMaster Camping Stove,324,2025-07-27,Nature's Best Gear,skiing
NatureSeeker Binoculars,937,2024-10-19,Nature's Edge Equipment,mountain biking
AdventurePro Backpack,799,2024-07-15,Outdoor Discovery Co.,fishing supplies
WildernessSurvivor Survival Kit,96,2024-03-13,Adventure Seekers Gear,skiing
NatureSeeker Binoculars,323,2024-03-17,Peak Performance Gear,backpacking
NatureSeeker Binoculars,688,2025-08-21,Explorer's Edge Equipment,hiking equipment
ExplorerX Hiking Boots,808,2025-04-14,Pioneer Gearworks,backpacking
HikePro Trekking Poles,466,2025-02-19,Wildland Gear,hiking equipment
OutdoorMaster Camping Stove,483,2024-10-21,Wildland Gear,climbing
TrailBlazer Camping Tent,369,2024-09-30,Trailblazer Outfitters,mountain biking
CampfirePro Cooking Set,561,2024-10-19,Summit Supplies,fishing supplies
AdventurePro Backpack,348,2025-08-10,Pioneer Gearworks,camping gear
OutdoorGear Hammock,381,2024-11-15,Outdoor Gear Emporium,fishing supplies
NatureSeeker Binoculars,194,2025-02-24,Backcountry Essentials,skiing
NatureSeeker Binoculars,932,2024-02-27,Trailblazer Gear,hiking equipment
NatureSeeker Binoculars,925,2024-05-04,Backcountry Bound,mountain biking
CampfirePro Cooking Set,855,2025-02-27,Alpine Adventure Co.,fishing supplies
OutdoorGear Hammock,116,2024-02-02,Summit Supplies,fishing supplies
OutdoorMaster Camping Stove,252,2025-03-14,Expedition Outfitters,hiking equipment
TrailTracker GPS Device,758,2025-02-16,Summit Supplies,backpacking
CampfirePro Cooking Set,548,2024-05-13,Trailblazer Outfitters,fishing supplies
WildernessSurvivor Survival Kit,673,2024-11-24,Trailblazer Supplies,mountain biking
AdventurePro Backpack,741,2025-03-21,Nature's Best Gear,camping gear
TrailTracker GPS Device,27,2024-04-06,Summit Supplies,mountain biking
AdventurePro Backpack,101,2024-04-10,Pioneer Gearworks,fishing supplies
TrailTracker GPS Device,57,2025-08-17,Outdoor Gear Emporium,climbing
TrailBlazer Camping Tent,974,2025-07-26,Backcountry Bound,hiking equipment
ExplorerX Hiking Boots,620,2024-12-05,Peak Performance Gear,skiing
CampfirePro Cooking Set,738,2025-06-28,Pioneer Gearworks,fishing supplies
HikePro Trekking Poles,641,2024-01-31,Wilderness Outfitters,backpacking
TrailTracker GPS Device,532,2025-09-22,Adventure Gear Co.,backpacking
OutdoorMaster Camping Stove,5,2024-04-23,Summit Supplies,skiing
NatureSeeker Binoculars,177,2025-06-18,Wilderness Wares,backpacking
OutdoorGear Hammock,568,2024-10-12,Alpine Adventure Co.,backpacking
AdventurePro Backpack,715,2025-07-23,Outdoor Discovery Co.,skiing
HikePro Trekking Poles,154,2024-09-02,Wildland Gear,backpacking
TrailTracker GPS Device,180,2024-05-09,Nature's Best Gear,mountain biking
NatureSeeker Binoculars,415,2025-05-30,Nature's Edge Equipment,fishing supplies
ExplorerX Hiking Boots,608,2024-10-23,Explorer's Edge Equipment,camping gear
TrailBlazer Camping Tent,800,2025-05-15,Outdoor Pursuits Co.,camping gear
TrailTracker GPS Device,513,2024-05-15,Nature's Best Gear,hiking equipment
TrailBlazer Camping Tent,602,2024-01-09,Nature's Trail Gear,fishing supplies
NatureSeeker Binoculars,116,2025-09-02,Alpine Adventure Co.,mountain biking
TrailTracker GPS Device,994,2025-09-08,Summit Supplies,climbing
CampfirePro Cooking Set,226,2025-08-21,Nature's Edge Equipment,skiing
OutdoorMaster Camping Stove,314,2024-03-29,Trailblazer Outfitters,camping gear
WildernessSurvivor Survival Kit,944,2024-12-27,Peak Performance Gear,climbing
OutdoorGear Hammock,764,2024-10-17,Nature's Best Gear,climbing
OutdoorMaster Camping Stove,38,2024-05-17,Wildland Gear,climbing
TrailBlazer Camping Tent,174,2025-04-25,Nature's Trail Gear,hiking equipment
CampfirePro Cooking Set,730,2025-04-08,Trailblazer Outfitters,mountain biking
ExplorerX Hiking Boots,964,2024-02-20,Trailblazer Gear,camping gear
TrailBlazer Camping Tent,849,2025-03-30,Summit Seekers,fishing supplies
HikePro Trekking Poles,500,2024-07-12,Backcountry Essentials,backpacking
AdventurePro Backpack,258,2025-04-07,Adventure Seekers Gear,skiing
ExplorerX Hiking Boots,482,2024-10-27,Trailblazer Supplies,skiing
TrailTracker GPS Device,865,2024-07-18,Summit Supplies,mountain biking
WildernessSurvivor Survival Kit,110,2024-05-11,Trailblazer Supplies,climbing
CampfirePro Cooking Set,257,2025-08-29,Summit Seekers,camping gear
HikePro Trekking Poles,118,2025-05-31,Summit Supplies,skiing
AdventurePro Backpack,641,2025-04-13,Outdoor Discovery Co.,hiking equipment
TrailBlazer Camping Tent,474,2025-07-15,Pioneer Gearworks,backpacking
WildernessSurvivor Survival Kit,515,2025-05-08,Alpine Adventure Co.,mountain biking
AdventurePro Backpack,585,2024-06-16,Backcountry Bound,hiking equipment
NatureSeeker Binoculars,314,2024-03-23,Adventure Seekers Gear,climbing
CampfirePro Cooking Set,16,2024-07-03,Wilderness Wares,backpacking
TrailBlazer Camping Tent,852,2024-07-13,Wilderness Outfitters,backpacking
HikePro Trekking Poles,232,2025-04-19,Summit Supplies,mountain biking
HikePro Trekking Poles,388,2024-08-13,Outdoor Pursuits Co.,skiing
CampfirePro Cooking Set,950,2025-06-29,Nature's Best Gear,mountain biking
ExplorerX Hiking Boots,786,2024-04-18,Backcountry Bound,hiking equipment
NatureSeeker Binoculars,73,2024-01-29,Wilderness Wares,backpacking
CampfirePro Cooking Set,664,2025-06-27,Wilderness Outfitters,camping gear
WildernessSurvivor Survival Kit,805,2025-07-10,Adventure Gear Co.,hiking equipment
OutdoorMaster Camping Stove,983,2024-02-06,Wildland Gear,fishing supplies
AdventurePro Backpack,923,2024-08-29,Outdoor Discovery Co.,mountain biking
AdventurePro Backpack,738,2024-11-07,Adventure Gear Co.,fishing supplies
HikePro Trekking Poles,367,2024-09-06,Wildland Gear,climbing
HikePro Trekking Poles,285,2024-04-01,Explorers Equipment,backpacking
HikePro Trekking Poles,37,2025-08-05,Explorers Equipment,camping gear
OutdoorMaster Camping Stove,197,2025-04-07,Backcountry Essentials,skiing
TrailTracker GPS Device,224,2024-10-24,Alpine Adventure Co.,fishing supplies
OutdoorMaster Camping Stove,400,2025-08-25,Backcountry Bound,climbing
ExplorerX Hiking Boots,376,2025-07-27,Wildland Gear,mountain biking
OutdoorGear Hammock,173,2024-05-21,Backcountry Essentials,backpacking
TrailBlazer Camping Tent,107,2025-01-25,Outdoor Pursuits Co.,camping gear
ExplorerX Hiking Boots,490,2024-03-06,Trailblazer Gear,climbing
AdventurePro Backpack,866,2025-07-30,Nature's Best Gear,skiing
ExplorerX Hiking Boots,728,2024-03-14,Nature's Trail Gear,skiing
AdventurePro Backpack,251,2024-06-10,Peak Performance Gear,backpacking
AdventurePro Backpack,376,2025-05-24,Nature's Trail Gear,camping gear
NatureSeeker Binoculars,98,2024-08-13,Trailblazer Supplies,mountain biking
ExplorerX Hiking Boots,656,2025-02-19,Trailblazer Outfitters,hiking equipment
HikePro Trekking Poles,697,2024-01-15,Nature's Best Gear,hiking equipment
ExplorerX Hiking Boots,716,2024-10-01,Pioneer Gearworks,camping gear
OutdoorMaster Camping Stove,665,2025-04-25,Trailblazer Gear,camping gear
WildernessSurvivor Survival Kit,713,2025-02-21,Peak Performance Gear,backpacking
AdventurePro Backpack,924,2024-01-25,Explorer's Edge Equipment,mountain biking
OutdoorGear Hammock,407,2024-10-14,Pioneer Gearworks,backpacking
CampfirePro Cooking Set,641,2025-01-26,Backcountry Bound,camping gear
TrailTracker GPS Device,319,2024-09-06,Backcountry Essentials,camping gear
ExplorerX Hiking Boots,418,2025-02-20,Adventure Gear Co.,camping gear
AdventurePro Backpack,108,2024-04-03,Trailblazer Supplies,climbing
OutdoorMaster Camping Stove,354,2024-11-06,Nature's Best Gear,camping gear
ExplorerX Hiking Boots,239,2024-08-29,Outdoor Provisions Ltd.,hiking equipment
TrailBlazer Camping Tent,394,2024-06-11,Expedition Outfitters,camping gear
HikePro Trekking Poles,357,2025-02-15,Wilderness Wares,climbing
HikePro Trekking Poles,488,2025-08-01,Pioneer Gearworks,fishing supplies
ExplorerX Hiking Boots,853,2024-05-26,Explorers Equipment,climbing
CampfirePro Cooking Set,678,2025-01-05,Wildland Gear,hiking equipment
HikePro Trekking Poles,438,2024-07-16,Trailblazer Outfitters,camping gear
CampfirePro Cooking Set,884,2024-07-10,Adventure Gear Co.,camping gear
ExplorerX Hiking Boots,229,2025-05-27,Backcountry Bound,backpacking
TrailBlazer Camping Tent,1000,2024-12-28,Nature's Best Gear,hiking equipment
OutdoorMaster Camping Stove,76,2025-06-15,Outdoor Pursuits Co.,skiing
CampfirePro Cooking Set,187,2024-05-31,Wilderness Outfitters,backpacking
CampfirePro Cooking Set,94,2025-04-07,Peak Performance Gear,hiking equipment
HikePro Trekking Poles,308,2025-04-12,Adventure Seekers Gear,hiking equipment
AdventurePro Backpack,518,2024-10-20,Backcountry Essentials,fishing supplies
AdventurePro Backpack,451,2025-08-04,Nature's Trail Gear,hiking equipment
NatureSeeker Binoculars,368,2024-09-30,Nature's Edge Equipment,climbing
HikePro Trekking Poles,514,2025-03-02,Explorers Equipment,fishing supplies
HikePro Trekking Poles,990,2024-06-11,Nature's Best Gear,camping gear
NatureSeeker Binoculars,32,2025-07-14,Nature's Trail Gear,climbing
TrailTracker GPS Device,75,2025-08-19,Explorer's Edge Equipment,camping gear
HikePro Trekking Poles,543,2025-07-18,Wilderness Outfitters,climbing
WildernessSurvivor Survival Kit,86,2025-01-16,Pioneer Gearworks,skiing
TrailTracker GPS Device,274,2024-03-18,Alpine Adventure Co.,hiking equipment
TrailTracker GPS Device,44,2024-01-26,Trailblazer Gear,backpacking
NatureSeeker Binoculars,251,2024-08-20,Backcountry Essentials,hiking equipment
AdventurePro Backpack,384,2025-05-18,Alpine Adventure Co.,fishing supplies
OutdoorGear Hammock,304,2024-04-05,Trailblazer Supplies,backpacking
OutdoorGear Hammock,236,2025-08-06,Wildland Gear,mountain biking
AdventurePro Backpack,682,2024-12-09,Wilderness Outfitters,camping gear
ExplorerX Hiking Boots,845,2025-04-01,Explorers Equipment,hiking equipment
WildernessSurvivor Survival Kit,151,2025-06-09,Outdoor Discovery Co.,climbing
ExplorerX Hiking Boots,337,2025-02-06,Trailblazer Outfitters,climbing
ExplorerX Hiking Boots,106,2025-01-28,Nature's Edge Equipment,skiing
NatureSeeker Binoculars,457,2024-12-04,Outdoor Gear Emporium,skiing
ExplorerX Hiking Boots,937,2025-08-22,Summit Seekers,mountain biking
HikePro Trekking Poles,355,2024-02-28,Trailblazer Gear,backpacking
AdventurePro Backpack,203,2024-06-15,Expedition Outfitters,skiing
OutdoorMaster Camping Stove,956,2024-12-07,Expedition Outfitters,camping gear
OutdoorGear Hammock,300,2025-06-16,Wildland Gear,backpacking
ExplorerX Hiking Boots,559,2024-01-15,Backcountry Bound,backpacking
CampfirePro Cooking Set,316,2025-04-30,Backcountry Essentials,camping gear
TrailTracker GPS Device,436,2024-05-29,Outdoor Gear Emporium,mountain biking
HikePro Trekking Poles,426,2025-03-22,Nature's Best Gear,climbing
HikePro Trekking Poles,272,2024-03-10,Alpine Adventure Co.,fishing supplies
TrailBlazer Camping Tent,300,2025-07-27,Peak Performance Gear,skiing
TrailTracker GPS Device,133,2025-03-06,Alpine Adventure Co.,climbing
WildernessSurvivor Survival Kit,353,2024-09-16,Nature's Best Gear,backpacking
TrailTracker GPS Device,767,2024-06-20,Trailblazer Gear,backpacking
HikePro Trekking Poles,664,2024-12-19,Outdoor Pursuits Co.,fishing supplies
TrailTracker GPS Device,415,2025-09-13,Explorer's Edge Equipment,backpacking
TrailTracker GPS Device,172,2024-10-07,Wilderness Outfitters,backpacking
OutdoorMaster Camping Stove,109,2024-02-02,Outdoor Provisions Ltd.,skiing
AdventurePro Backpack,176,2025-01-16,Explorers Equipment,mountain biking
HikePro Trekking Poles,172,2024-02-03,Backcountry Essentials,skiing
CampfirePro Cooking Set,671,2024-03-06,Outdoor Discovery Co.,hiking equipment
OutdoorMaster Camping Stove,456,2024-04-23,Outdoor Provisions Ltd.,camping gear
WildernessSurvivor Survival Kit,57,2024-12-14,Peak Performance Gear,backpacking
TrailBlazer Camping Tent,623,2024-04-12,Adventure Gear Co.,mountain biking
CampfirePro Cooking Set,389,2024-01-06,Backcountry Essentials,skiing
ExplorerX Hiking Boots,653,2025-07-25,Adventure Seekers Gear,hiking equipment
TrailBlazer Camping Tent,275,2024-03-24,Explorer's Edge Equipment,backpacking
AdventurePro Backpack,37,2025-09-17,Trailblazer Gear,skiing
OutdoorGear Hammock,155,2024-01-26,Summit Seekers,camping gear
WildernessSurvivor Survival Kit,114,2025-08-12,Outdoor Pursuits Co.,climbing
CampfirePro Cooking Set,653,2025-06-24,Trailblazer Supplies,mountain biking
ExplorerX Hiking Boots,545,2024-05-29,Adventure Seekers Gear,camping gear
TrailTracker GPS Device,12,2024-11-02,Wilderness Wares,climbing
TrailTracker GPS Device,74,2025-05-27,Trailblazer Gear,mountain biking
NatureSeeker Binoculars,952,2024-04-23,Trailblazer Supplies,climbing
WildernessSurvivor Survival Kit,896,2024-06-10,Trailblazer Supplies,climbing
ExplorerX Hiking Boots,69,2024-11-11,Summit Seekers,hiking equipment
AdventurePro Backpack,486,2025-08-30,Trailblazer Gear,fishing supplies
NatureSeeker Binoculars,810,2024-08-26,Summit Seekers,skiing
CampfirePro Cooking Set,821,2024-06-01,Trailblazer Supplies,camping gear
TrailTracker GPS Device,651,2025-06-01,Outdoor Provisions Ltd.,hiking equipment
HikePro Trekking Poles,67,2024-05-18,Trailblazer Supplies,fishing supplies
AdventurePro Backpack,798,2025-08-30,Trailblazer Outfitters,camping gear
AdventurePro Backpack,622,2024-01-18,Outdoor Pursuits Co.,backpacking
AdventurePro Backpack,59,2024-12-09,Backcountry Bound,climbing
ExplorerX Hiking Boots,808,2025-02-26,Pioneer Gearworks,camping gear
TrailTracker GPS Device,497,2024-06-05,Outdoor Discovery Co.,hiking equipment
ExplorerX Hiking Boots,940,2025-01-16,Wilderness Wares,climbing
HikePro Trekking Poles,512,2025-09-20,Trailblazer Supplies,backpacking
ExplorerX Hiking Boots,839,2025-01-03,Backcountry Essentials,hiking equipment
WildernessSurvivor Survival Kit,505,2025-01-26,Adventure Gear Co.,camping gear
OutdoorGear Hammock,907,2024-06-30,Alpine Adventure Co.,fishing supplies
TrailBlazer Camping Tent,948,2024-09-23,Trailblazer Outfitters,skiing
ExplorerX Hiking Boots,478,2024-09-13,Outdoor Discovery Co.,mountain biking
ExplorerX Hiking Boots,721,2024-03-19,Peak Performance Gear,backpacking
OutdoorGear Hammock,786,2025-07-25,Nature's Trail Gear,camping gear
OutdoorGear Hammock,304,2025-04-15,Trailblazer Outfitters,fishing supplies
TrailTracker GPS Device,901,2025-02-21,Expedition Outfitters,climbing
TrailBlazer Camping Tent,37,2024-02-18,Outdoor Discovery Co.,camping gear
OutdoorGear Hammock,148,2025-07-06,Outdoor Discovery Co.,camping gear
NatureSeeker Binoculars,887,2025-06-10,Outdoor Gear Emporium,hiking equipment
AdventurePro Backpack,455,2024-09-18,Alpine Adventure Co.,climbing
NatureSeeker Binoculars,191,2024-06-20,Nature's Best Gear,hiking equipment
ExplorerX Hiking Boots,395,2024-03-01,Trailblazer Outfitters,mountain biking
WildernessSurvivor Survival Kit,413,2024-06-21,Summit Seekers,backpacking
NatureSeeker Binoculars,581,2024-04-06,Outdoor Discovery Co.,hiking equipment
WildernessSurvivor Survival Kit,998,2025-08-12,Nature's Best Gear,fishing supplies
HikePro Trekking Poles,783,2024-01-13,Expedition Outfitters,hiking equipment
NatureSeeker Binoculars,366,2025-09-04,Wilderness Outfitters,skiing
TrailTracker GPS Device,263,2025-06-02,Summit Seekers,skiing
AdventurePro Backpack,495,2025-05-02,Outdoor Pursuits Co.,climbing
OutdoorMaster Camping Stove,4,2025-01-12,Nature's Edge Equipment,climbing
WildernessSurvivor Survival Kit,142,2025-03-03,Summit Supplies,camping gear
OutdoorMaster Camping Stove,681,2024-11-11,Nature's Trail Gear,skiing
WildernessSurvivor Survival Kit,779,2024-11-13,Expedition Outfitters,skiing
ExplorerX Hiking Boots,958,2024-09-08,Explorer's Edge Equipment,climbing
ExplorerX Hiking Boots,399,2025-01-13,Backcountry Bound,climbing
CampfirePro Cooking Set,402,2025-07-11,Outdoor Pursuits Co.,hiking equipment
TrailTracker GPS Device,653,2025-03-29,Outdoor Provisions Ltd.,mountain biking
AdventurePro Backpack,85,2025-04-27,Summit Supplies,camping gear
TrailTracker GPS Device,739,2025-08-08,Trailblazer Gear,climbing
OutdoorMaster Camping Stove,22,2024-12-20,Wildland Gear,fishing supplies
ExplorerX Hiking Boots,293,2025-05-09,Alpine Adventure Co.,hiking equipment
TrailTracker GPS Device,598,2024-01-03,Wilderness Wares,climbing
ExplorerX Hiking Boots,393,2024-04-30,Outdoor Discovery Co.,climbing
ExplorerX Hiking Boots,895,2024-04-12,Trailblazer Supplies,camping gear
CampfirePro Cooking Set,725,2024-04-09,Trailblazer Outfitters,backpacking
ExplorerX Hiking Boots,621,2024-12-27,Nature's Trail Gear,mountain biking
OutdoorGear Hammock,274,2024-11-29,Backcountry Bound,climbing
ExplorerX Hiking Boots,320,2024-06-13,Trailblazer Outfitters,hiking equipment
OutdoorMaster Camping Stove,299,2025-04-13,Summit Seekers,hiking equipment
NatureSeeker Binoculars,66,2024-01-06,Outdoor Provisions Ltd.,fishing supplies
HikePro Trekking Poles,731,2025-02-21,Wilderness Outfitters,backpacking
HikePro Trekking Poles,14,2025-05-23,Expedition Outfitters,skiing
WildernessSurvivor Survival Kit,36,2025-08-16,Outdoor Pursuits Co.,climbing
TrailTracker GPS Device,404,2024-05-09,Pioneer Gearworks,camping gear
NatureSeeker Binoculars,477,2024-05-03,Explorers Equipment,backpacking
WildernessSurvivor Survival Kit,598,2025-05-03,Nature's Trail Gear,climbing
HikePro Trekking Poles,102,2024-07-10,Adventure Seekers Gear,camping gear
OutdoorMaster Camping Stove,531,2024-11-10,Wilderness Outfitters,skiing
HikePro Trekking Poles,434,2024-02-12,Peak Performance Gear,backpacking
TrailBlazer Camping Tent,766,2024-01-18,Nature's Best Gear,camping gear
HikePro Trekking Poles,717,2025-04-27,Outdoor Provisions Ltd.,mountain biking
ExplorerX Hiking Boots,14,2024-07-23,Summit Supplies,climbing
TrailBlazer Camping Tent,532,2024-03-25,Alpine Adventure Co.,hiking equipment
AdventurePro Backpack,821,2024-03-01,Trailblazer Supplies,fishing supplies
OutdoorMaster Camping Stove,794,2025-02-20,Summit Seekers,hiking equipment
OutdoorMaster Camping Stove,1,2025-09-19,Backcountry Bound,hiking equipment
TrailBlazer Camping Tent,256,2024-05-10,Adventure Seekers Gear,climbing
WildernessSurvivor Survival Kit,393,2025-04-27,Outdoor Provisions Ltd.,climbing
CampfirePro Cooking Set,443,2024-07-17,Trailblazer Supplies,hiking equipment
NatureSeeker Binoculars,11,2025-07-14,Adventure Seekers Gear,skiing
TrailBlazer Camping Tent,478,2025-07-28,Adventure Seekers Gear,hiking equipment
HikePro Trekking Poles,136,2024-06-28,Wildland Gear,climbing
WildernessSurvivor Survival Kit,730,2024-10-29,Nature's Edge Equipment,climbing
TrailBlazer Camping Tent,391,2024-01-19,Trailblazer Gear,hiking equipment
AdventurePro Backpack,992,2025-05-22,Outdoor Provisions Ltd.,mountain biking
WildernessSurvivor Survival Kit,574,2024-07-30,Nature's Edge Equipment,skiing
NatureSeeker Binoculars,121,2025-05-19,Summit Supplies,backpacking
ExplorerX Hiking Boots,238,2025-03-29,Outdoor Pursuits Co.,camping gear
AdventurePro Backpack,788,2025-02-05,Wilderness Wares,backpacking
TrailTracker GPS Device,959,2025-02-18,Trailblazer Outfitters,backpacking
CampfirePro Cooking Set,444,2025-04-28,Wilderness Outfitters,mountain biking
ExplorerX Hiking Boots,228,2025-02-24,Trailblazer Supplies,backpacking
OutdoorMaster Camping Stove,822,2025-03-05,Alpine Adventure Co.,mountain biking
ExplorerX Hiking Boots,458,2025-03-14,Pioneer Gearworks,fishing supplies
HikePro Trekking Poles,494,2024-02-02,Explorer's Edge Equipment,hiking equipment
CampfirePro Cooking Set,92,2024-11-01,Trailblazer Supplies,fishing supplies
AdventurePro Backpack,180,2025-06-26,Backcountry Bound,skiing
NatureSeeker Binoculars,109,2024-03-23,Outdoor Gear Emporium,fishing supplies
OutdoorMaster Camping Stove,198,2024-10-05,Outdoor Provisions Ltd.,camping gear
WildernessSurvivor Survival Kit,955,2024-02-05,Expedition Outfitters,skiing
WildernessSurvivor Survival Kit,859,2024-11-10,Summit Supplies,backpacking
OutdoorMaster Camping Stove,902,2024-05-28,Backcountry Essentials,camping gear
WildernessSurvivor Survival Kit,292,2025-07-19,Trailblazer Gear,climbing
ExplorerX Hiking Boots,315,2025-07-18,Peak Performance Gear,fishing supplies
OutdoorGear Hammock,150,2024-07-22,Trailblazer Gear,backpacking
CampfirePro Cooking Set,935,2024-04-25,Wilderness Wares,climbing
WildernessSurvivor Survival Kit,977,2024-09-03,Wilderness Outfitters,fishing supplies
OutdoorMaster Camping Stove,995,2024-10-12,Peak Performance Gear,climbing
OutdoorMaster Camping Stove,858,2025-09-16,Adventure Gear Co.,fishing supplies
OutdoorGear Hammock,1000,2024-07-24,Trailblazer Gear,hiking equipment
NatureSeeker Binoculars,476,2025-03-05,Peak Performance Gear,backpacking
AdventurePro Backpack,331,2024-02-22,Wilderness Outfitters,skiing
TrailBlazer Camping Tent,445,2024-02-16,Outdoor Pursuits Co.,backpacking
OutdoorMaster Camping Stove,541,2025-08-14,Adventure Gear Co.,backpacking
OutdoorMaster Camping Stove,270,2025-08-11,Outdoor Discovery Co.,fishing supplies
TrailTracker GPS Device,939,2025-07-22,Trailblazer Outfitters,camping gear
WildernessSurvivor Survival Kit,540,2024-10-13,Nature's Edge Equipment,climbing
CampfirePro Cooking Set,818,2024-12-14,Expedition Outfitters,climbing
TrailTracker GPS Device,291,2024-06-17,Adventure Seekers Gear,skiing
HikePro Trekking Poles,908,2024-12-01,Adventure Seekers Gear,skiing
OutdoorMaster Camping Stove,286,2024-01-22,Nature's Trail Gear,climbing
OutdoorGear Hammock,7,2024-11-30,Backcountry Essentials,fishing supplies
ExplorerX Hiking Boots,298,2025-02-07,Nature's Edge Equipment,hiking equipment
CampfirePro Cooking Set,556,2024-05-07,Backcountry Bound,hiking equipment
NatureSeeker Binoculars,726,2025-08-25,Explorers Equipment,skiing
ExplorerX Hiking Boots,964,2024-09-17,Wilderness Outfitters,camping gear
WildernessSurvivor Survival Kit,534,2024-12-09,Backcountry Bound,mountain biking
AdventurePro Backpack,181,2024-02-25,Summit Supplies,hiking equipment
AdventurePro Backpack,639,2024-01-13,Outdoor Gear Emporium,mountain biking
HikePro Trekking Poles,490,2025-06-08,Explorer's Edge Equipment,hiking equipment
TrailBlazer Camping Tent,672,2025-08-22,Trailblazer Supplies,skiing
TrailTracker GPS Device,910,2024-02-01,Nature's Trail Gear,hiking equipment
HikePro Trekking Poles,560,2024-11-07,Nature's Trail Gear,hiking equipment
TrailTracker GPS Device,299,2024-11-02,Nature's Best Gear,backpacking
ExplorerX Hiking Boots,259,2025-01-03,Outdoor Pursuits Co.,climbing
TrailBlazer Camping Tent,411,2024-02-04,Explorers Equipment,climbing
OutdoorGear Hammock,521,2025-08-13,Expedition Outfitters,skiing
ExplorerX Hiking Boots,219,2025-01-12,Nature's Best Gear,hiking equipment
TrailTracker GPS Device,636,2024-06-16,Peak Performance Gear,skiing
WildernessSurvivor Survival Kit,567,2024-06-08,Nature's Edge Equipment,mountain biking
AdventurePro Backpack,770,2024-07-06,Outdoor Discovery Co.,climbing
ExplorerX Hiking Boots,727,2025-07-11,Outdoor Gear Emporium,camping gear
HikePro Trekking Poles,359,2024-09-29,Wilderness Wares,mountain biking
WildernessSurvivor Survival Kit,272,2024-04-17,Trailblazer Gear,skiing
ExplorerX Hiking Boots,189,2024-09-02,Outdoor Gear Emporium,hiking equipment
OutdoorGear Hammock,511,2025-03-06,Adventure Gear Co.,backpacking
NatureSeeker Binoculars,544,2024-08-18,Pioneer Gearworks,fishing supplies
NatureSeeker Binoculars,51,2025-01-20,Explorer's Edge Equipment,mountain biking
HikePro Trekking Poles,390,2025-07-18,Explorer's Edge Equipment,hiking equipment
ExplorerX Hiking Boots,578,2025-06-01,Wildland Gear,hiking equipment
TrailBlazer Camping Tent,654,2024-02-19,Trailblazer Outfitters,climbing
AdventurePro Backpack,844,2024-07-24,Trailblazer Gear,backpacking
OutdoorGear Hammock,122,2024-11-19,Backcountry Essentials,mountain biking
OutdoorGear Hammock,111,2024-01-27,Outdoor Discovery Co.,camping gear
ExplorerX Hiking Boots,640,2024-08-28,Nature's Best Gear,climbing
CampfirePro Cooking Set,783,2024-04-05,Explorer's Edge Equipment,camping gear
HikePro Trekking Poles,771,2025-03-02,Explorers Equipment,backpacking
WildernessSurvivor Survival Kit,316,2025-02-12,Trailblazer Supplies,camping gear
TrailBlazer Camping Tent,409,2025-03-21,Trailblazer Outfitters,climbing
AdventurePro Backpack,155,2025-05-08,Alpine Adventure Co.,hiking equipment
CampfirePro Cooking Set,115,2025-01-11,Wildland Gear,camping gear
NatureSeeker Binoculars,248,2024-06-15,Outdoor Provisions Ltd.,fishing supplies
NatureSeeker Binoculars,633,2025-07-30,Wilderness Wares,hiking equipment
NatureSeeker Binoculars,167,2025-08-28,Alpine Adventure Co.,backpacking
WildernessSurvivor Survival Kit,621,2024-12-19,Summit Seekers,backpacking
NatureSeeker Binoculars,78,2024-02-27,Peak Performance Gear,camping gear
OutdoorGear Hammock,495,2025-04-06,Outdoor Gear Emporium,climbing
NatureSeeker Binoculars,71,2024-10-19,Pioneer Gearworks,camping gear
TrailBlazer Camping Tent,550,2025-02-07,Adventure Seekers Gear,climbing
NatureSeeker Binoculars,804,2024-11-29,Nature's Trail Gear,climbing
TrailBlazer Camping Tent,215,2024-01-20,Adventure Gear Co.,mountain biking
OutdoorMaster Camping Stove,754,2024-09-02,Summit Supplies,skiing
HikePro Trekking Poles,272,2025-09-19,Trailblazer Supplies,skiing
CampfirePro Cooking Set,28,2024-08-18,Backcountry Bound,camping gear
HikePro Trekking Poles,751,2024-05-25,Adventure Gear Co.,backpacking
WildernessSurvivor Survival Kit,318,2024-11-13,Trailblazer Outfitters,camping gear
HikePro Trekking Poles,61,2025-08-25,Expedition Outfitters,backpacking
HikePro Trekking Poles,742,2025-03-30,Expedition Outfitters,backpacking
WildernessSurvivor Survival Kit,788,2024-02-24,Outdoor Provisions Ltd.,mountain biking
TrailTracker GPS Device,453,2025-01-09,Nature's Edge Equipment,hiking equipment
ExplorerX Hiking Boots,449,2025-07-10,Nature's Edge Equipment,mountain biking
NatureSeeker Binoculars,49,2025-05-30,Backcountry Essentials,hiking equipment
TrailBlazer Camping Tent,189,2024-06-15,Adventure Gear Co.,climbing
ExplorerX Hiking Boots,295,2025-07-12,Trailblazer Outfitters,mountain biking
TrailBlazer Camping Tent,353,2024-03-03,Expedition Outfitters,mountain biking
WildernessSurvivor Survival Kit,902,2025-08-24,Adventure Gear Co.,hiking equipment
AdventurePro Backpack,226,2024-10-10,Backcountry Bound,backpacking
OutdoorGear Hammock,85,2025-09-11,Outdoor Gear Emporium,camping gear
HikePro Trekking Poles,511,2025-01-12,Alpine Adventure Co.,mountain biking
OutdoorGear Hammock,664,2024-01-18,Backcountry Essentials,mountain biking
NatureSeeker Binoculars,618,2024-01-14,Summit Seekers,camping gear
WildernessSurvivor Survival Kit,687,2025-09-22,Peak Performance Gear,mountain biking
AdventurePro Backpack,684,2025-08-17,Adventure Seekers Gear,hiking equipment
TrailBlazer Camping Tent,117,2025-02-09,Nature's Best Gear,fishing supplies
CampfirePro Cooking Set,447,2025-06-15,Outdoor Provisions Ltd.,camping gear
CampfirePro Cooking Set,19,2025-06-23,Alpine Adventure Co.,mountain biking
ExplorerX Hiking Boots,753,2024-07-09,Nature's Edge Equipment,skiing
TrailTracker GPS Device,354,2025-01-05,Explorer's Edge Equipment,backpacking
CampfirePro Cooking Set,880,2025-08-20,Backcountry Essentials,fishing supplies
TrailBlazer Camping Tent,182,2025-01-31,Outdoor Provisions Ltd.,fishing supplies
OutdoorMaster Camping Stove,458,2024-08-22,Outdoor Gear Emporium,climbing
OutdoorGear Hammock,757,2024-10-01,Wilderness Outfitters,backpacking
AdventurePro Backpack,685,2024-07-15,Nature's Best Gear,skiing
WildernessSurvivor Survival Kit,258,2025-03-09,Adventure Gear Co.,backpacking
TrailBlazer Camping Tent,780,2025-07-15,Alpine Adventure Co.,fishing supplies
WildernessSurvivor Survival Kit,332,2024-04-03,Nature's Edge Equipment,mountain biking
OutdoorMaster Camping Stove,264,2024-11-17,Expedition Outfitters,hiking equipment
OutdoorGear Hammock,124,2024-10-22,Backcountry Essentials,mountain biking
CampfirePro Cooking Set,280,2024-05-30,Adventure Seekers Gear,climbing
OutdoorMaster Camping Stove,504,2024-12-25,Outdoor Provisions Ltd.,fishing supplies
NatureSeeker Binoculars,765,2024-07-23,Wilderness Wares,fishing supplies
TrailTracker GPS Device,501,2025-06-01,Backcountry Bound,backpacking
NatureSeeker Binoculars,356,2025-03-13,Nature's Best Gear,camping gear
AdventurePro Backpack,210,2025-01-10,Explorers Equipment,skiing
OutdoorMaster Camping Stove,968,2025-05-19,Pioneer Gearworks,camping gear
AdventurePro Backpack,952,2025-08-20,Backcountry Bound,backpacking
OutdoorMaster Camping Stove,936,2024-08-09,Wilderness Outfitters,camping gear
HikePro Trekking Poles,327,2025-07-29,Nature's Trail Gear,fishing supplies
CampfirePro Cooking Set,989,2024-08-09,Summit Supplies,skiing
CampfirePro Cooking Set,173,2025-05-03,Outdoor Pursuits Co.,skiing
NatureSeeker Binoculars,287,2025-06-29,Nature's Best Gear,hiking equipment
WildernessSurvivor Survival Kit,966,2024-11-07,Backcountry Bound,mountain biking
WildernessSurvivor Survival Kit,734,2025-02-01,Nature's Edge Equipment,mountain biking
ExplorerX Hiking Boots,238,2024-06-10,Summit Supplies,mountain biking
OutdoorMaster Camping Stove,492,2024-05-16,Nature's Trail Gear,backpacking
ExplorerX Hiking Boots,545,2025-04-29,Summit Supplies,camping gear
OutdoorMaster Camping Stove,367,2024-08-18,Outdoor Gear Emporium,backpacking
AdventurePro Backpack,458,2025-01-19,Trailblazer Gear,hiking equipment
NatureSeeker Binoculars,529,2024-10-11,Trailblazer Gear,skiing
HikePro Trekking Poles,228,2024-12-17,Summit Supplies,mountain biking
ExplorerX Hiking Boots,469,2025-06-14,Summit Seekers,camping gear
NatureSeeker Binoculars,765,2025-09-02,Nature's Best Gear,skiing
AdventurePro Backpack,223,2025-07-19,Summit Seekers,backpacking
CampfirePro Cooking Set,169,2025-02-09,Explorer's Edge Equipment,climbing
AdventurePro Backpack,494,2024-03-09,Nature's Best Gear,mountain biking
OutdoorGear Hammock,713,2025-02-28,Adventure Seekers Gear,skiing
AdventurePro Backpack,791,2025-09-08,Backcountry Bound,climbing
NatureSeeker Binoculars,652,2025-09-02,Trailblazer Gear,camping gear
TrailTracker GPS Device,628,2024-12-10,Expedition Outfitters,camping gear
NatureSeeker Binoculars,884,2024-03-17,Trailblazer Supplies,camping gear
WildernessSurvivor Survival Kit,473,2024-12-28,Outdoor Discovery Co.,fishing supplies
WildernessSurvivor Survival Kit,239,2024-09-22,Wilderness Outfitters,mountain biking
AdventurePro Backpack,66,2025-08-27,Explorers Equipment,mountain biking
AdventurePro Backpack,551,2025-02-21,Adventure Seekers Gear,skiing
AdventurePro Backpack,680,2024-02-16,Nature's Trail Gear,hiking equipment
OutdoorGear Hammock,700,2025-08-10,Outdoor Discovery Co.,backpacking
NatureSeeker Binoculars,122,2024-06-23,Wilderness Wares,fishing supplies
CampfirePro Cooking Set,3,2025-04-05,Nature's Best Gear,camping gear
HikePro Trekking Poles,321,2025-09-06,Outdoor Provisions Ltd.,skiing
OutdoorMaster Camping Stove,745,2025-03-07,Summit Seekers,backpacking
NatureSeeker Binoculars,275,2024-11-19,Backcountry Bound,camping gear
ExplorerX Hiking Boots,369,2025-06-22,Trailblazer Outfitters,fishing supplies
OutdoorGear Hammock,691,2024-11-24,Outdoor Provisions Ltd.,camping gear
OutdoorGear Hammock,797,2024-03-23,Trailblazer Gear,climbing
NatureSeeker Binoculars,757,2024-08-23,Explorer's Edge Equipment,camping gear
TrailTracker GPS Device,903,2025-09-18,Summit Supplies,camping gear
ExplorerX Hiking Boots,316,2024-02-25,Trailblazer Supplies,skiing
NatureSeeker Binoculars,81,2025-09-20,Summit Supplies,backpacking
WildernessSurvivor Survival Kit,615,2024-06-04,Explorer's Edge Equipment,mountain biking
NatureSeeker Binoculars,964,2025-07-13,Trailblazer Gear,fishing supplies
HikePro Trekking Poles,772,2025-04-03,Nature's Edge Equipment,skiing
AdventurePro Backpack,80,2025-04-05,Summit Seekers,backpacking
HikePro Trekking Poles,202,2024-05-05,Peak Performance Gear,hiking equipment
TrailTracker GPS Device,926,2025-03-30,Wilderness Outfitters,skiing
WildernessSurvivor Survival Kit,57,2024-09-14,Adventure Seekers Gear,hiking equipment
WildernessSurvivor Survival Kit,715,2024-01-17,Outdoor Gear Emporium,climbing
NatureSeeker Binoculars,163,2024-06-26,Explorers Equipment,fishing supplies
HikePro Trekking Poles,364,2024-01-27,Pioneer Gearworks,camping gear
WildernessSurvivor Survival Kit,232,2025-03-03,Trailblazer Outfitters,skiing
OutdoorGear Hammock,250,2024-05-15,Trailblazer Gear,fishing supplies
OutdoorMaster Camping Stove,332,2025-06-06,Outdoor Gear Emporium,camping gear
TrailTracker GPS Device,900,2025-07-22,Nature's Edge Equipment,climbing
TrailTracker GPS Device,872,2024-10-10,Backcountry Bound,camping gear
NatureSeeker Binoculars,129,2024-12-13,Nature's Edge Equipment,camping gear
WildernessSurvivor Survival Kit,849,2024-04-22,Trailblazer Gear,mountain biking
OutdoorMaster Camping Stove,343,2024-08-21,Backcountry Bound,camping gear
HikePro Trekking Poles,787,2025-06-25,Outdoor Gear Emporium,fishing supplies
WildernessSurvivor Survival Kit,840,2024-01-10,Outdoor Pursuits Co.,camping gear
NatureSeeker Binoculars,966,2025-05-06,Wilderness Wares,climbing
TrailBlazer Camping Tent,440,2025-01-28,Backcountry Bound,fishing supplies
HikePro Trekking Poles,999,2024-12-29,Wilderness Outfitters,hiking equipment
ExplorerX Hiking Boots,115,2024-12-30,Wildland Gear,climbing
AdventurePro Backpack,772,2025-06-27,Expedition Outfitters,fishing supplies
WildernessSurvivor Survival Kit,98,2025-07-29,Wilderness Wares,hiking equipment
OutdoorMaster Camping Stove,770,2024-07-19,Expedition Outfitters,hiking equipment
ExplorerX Hiking Boots,315,2024-02-16,Wilderness Outfitters,climbing
ExplorerX Hiking Boots,436,2024-06-15,Explorers Equipment,mountain biking
AdventurePro Backpack,943,2024-12-28,Outdoor Gear Emporium,camping gear
CampfirePro Cooking Set,495,2024-03-09,Outdoor Provisions Ltd.,mountain biking
NatureSeeker Binoculars,180,2025-04-05,Backcountry Bound,backpacking
OutdoorMaster Camping Stove,234,2024-03-28,Adventure Seekers Gear,camping gear
HikePro Trekking Poles,376,2025-08-06,Peak Performance Gear,fishing supplies
WildernessSurvivor Survival Kit,285,2025-06-09,Outdoor Gear Emporium,backpacking
OutdoorMaster Camping Stove,552,2024-05-14,Backcountry Bound,backpacking
TrailBlazer Camping Tent,348,2025-05-01,Outdoor Discovery Co.,fishing supplies
CampfirePro Cooking Set,285,2024-07-02,Summit Seekers,mountain biking
AdventurePro Backpack,324,2025-02-27,Wilderness Wares,climbing
WildernessSurvivor Survival Kit,31,2025-06-02,Backcountry Essentials,hiking equipment
ExplorerX Hiking Boots,719,2024-08-01,Outdoor Gear Emporium,hiking equipment
WildernessSurvivor Survival Kit,8,2025-02-06,Pioneer Gearworks,backpacking
NatureSeeker Binoculars,282,2025-08-01,Outdoor Pursuits Co.,climbing
OutdoorMaster Camping Stove,106,2024-10-31,Pioneer Gearworks,fishing supplies
CampfirePro Cooking Set,294,2024-11-08,Outdoor Provisions Ltd.,climbing
NatureSeeker Binoculars,602,2024-07-28,Explorer's Edge Equipment,climbing
CampfirePro Cooking Set,790,2024-11-02,Nature's Trail Gear,backpacking
OutdoorMaster Camping Stove,989,2024-10-16,Outdoor Provisions Ltd.,mountain biking
AdventurePro Backpack,179,2024-11-30,Outdoor Discovery Co.,climbing
AdventurePro Backpack,601,2025-05-28,Explorers Equipment,mountain biking
OutdoorMaster Camping Stove,606,2024-12-12,Outdoor Provisions Ltd.,backpacking
TrailBlazer Camping Tent,394,2025-02-13,Outdoor Provisions Ltd.,backpacking
OutdoorGear Hammock,972,2025-05-08,Nature's Trail Gear,backpacking
NatureSeeker Binoculars,559,2024-09-30,Nature's Trail Gear,camping gear
TrailBlazer Camping Tent,667,2024-01-09,Adventure Seekers Gear,climbing
AdventurePro Backpack,419,2025-02-28,Nature's Edge Equipment,climbing
TrailTracker GPS Device,89,2024-11-03,Explorers Equipment,skiing
WildernessSurvivor Survival Kit,43,2024-03-15,Outdoor Gear Emporium,camping gear
OutdoorMaster Camping Stove,379,2025-04-03,Backcountry Essentials,climbing
OutdoorMaster Camping Stove,630,2024-05-22,Outdoor Discovery Co.,skiing
OutdoorGear Hammock,95,2024-01-04,Summit Seekers,hiking equipment
NatureSeeker Binoculars,97,2024-09-23,Explorers Equipment,hiking equipment
ExplorerX Hiking Boots,506,2025-05-13,Outdoor Pursuits Co.,hiking equipment
OutdoorGear Hammock,487,2024-03-12,Expedition Outfitters,skiing
OutdoorMaster Camping Stove,83,2024-01-23,Nature's Edge Equipment,fishing supplies
TrailTracker GPS Device,950,2024-05-20,Trailblazer Supplies,hiking equipment
ExplorerX Hiking Boots,867,2024-09-28,Outdoor Provisions Ltd.,hiking equipment
OutdoorMaster Camping Stove,189,2025-03-23,Wilderness Outfitters,mountain biking
OutdoorMaster Camping Stove,625,2025-04-21,Expedition Outfitters,camping gear
TrailTracker GPS Device,446,2025-04-22,Outdoor Discovery Co.,mountain biking
AdventurePro Backpack,549,2024-12-03,Summit Seekers,hiking equipment
WildernessSurvivor Survival Kit,341,2024-01-27,Pioneer Gearworks,climbing
OutdoorMaster Camping Stove,313,2024-08-04,Backcountry Bound,backpacking
AdventurePro Backpack,63,2024-09-30,Wildland Gear,backpacking
CampfirePro Cooking Set,933,2025-09-24,Wildland Gear,climbing
OutdoorMaster Camping Stove,487,2024-12-02,Outdoor Pursuits Co.,fishing supplies
TrailBlazer Camping Tent,403,2024-12-26,Backcountry Essentials,climbing
TrailTracker GPS Device,182,2024-09-10,Outdoor Discovery Co.,hiking equipment
OutdoorGear Hammock,830,2024-04-13,Nature's Best Gear,backpacking
HikePro Trekking Poles,238,2024-02-21,Explorer's Edge Equipment,hiking equipment
ExplorerX Hiking Boots,825,2024-11-07,Explorers Equipment,climbing
TrailTracker GPS Device,390,2025-09-09,Explorers Equipment,skiing
HikePro Trekking Poles,830,2025-03-24,Trailblazer Outfitters,mountain biking
OutdoorMaster Camping Stove,718,2024-02-01,Explorers Equipment,skiing
OutdoorMaster Camping Stove,676,2025-09-02,Expedition Outfitters,mountain biking
AdventurePro Backpack,167,2025-07-28,Nature's Trail Gear,climbing
OutdoorMaster Camping Stove,60,2024-07-05,Alpine Adventure Co.,backpacking
OutdoorMaster Camping Stove,15,2024-08-21,Pioneer Gearworks,fishing supplies
TrailBlazer Camping Tent,845,2024-09-22,Outdoor Provisions Ltd.,skiing
ExplorerX Hiking Boots,208,2024-01-03,Peak Performance Gear,skiing
ExplorerX Hiking Boots,194,2025-02-02,Trailblazer Supplies,mountain biking
NatureSeeker Binoculars,292,2025-05-24,Outdoor Pursuits Co.,climbing
TrailBlazer Camping Tent,573,2025-01-24,Nature's Trail Gear,skiing
OutdoorGear Hammock,798,2024-06-14,Outdoor Pursuits Co.,mountain biking
CampfirePro Cooking Set,252,2024-01-25,Nature's Best Gear,fishing supplies
OutdoorMaster Camping Stove,942,2024-10-16,Nature's Best Gear,climbing
TrailBlazer Camping Tent,581,2024-11-16,Outdoor Provisions Ltd.,mountain biking
ExplorerX Hiking Boots,983,2025-07-01,Summit Seekers,camping gear
CampfirePro Cooking Set,114,2025-08-09,Peak Performance Gear,mountain biking
AdventurePro Backpack,632,2025-08-28,Backcountry Essentials,fishing supplies
OutdoorGear Hammock,467,2025-04-15,Trailblazer Outfitters,fishing supplies
OutdoorGear Hammock,116,2024-01-29,Backcountry Essentials,hiking equipment
AdventurePro Backpack,298,2024-07-09,Backcountry Bound,hiking equipment
OutdoorGear Hammock,630,2024-12-18,Wilderness Outfitters,hiking equipment
ExplorerX Hiking Boots,675,2024-02-18,Nature's Best Gear,hiking equipment
CampfirePro Cooking Set,630,2024-04-05,Nature's Trail Gear,skiing
TrailBlazer Camping Tent,120,2024-05-05,Adventure Seekers Gear,mountain biking
OutdoorGear Hammock,645,2024-08-08,Wildland Gear,camping gear
HikePro Trekking Poles,247,2025-01-24,Explorer's Edge Equipment,hiking equipment
TrailBlazer Camping Tent,915,2025-06-05,Trailblazer Supplies,mountain biking
OutdoorGear Hammock,616,2024-07-02,Nature's Edge Equipment,skiing
TrailBlazer Camping Tent,838,2024-11-19,Wilderness Outfitters,fishing supplies
OutdoorMaster Camping Stove,756,2025-05-07,Adventure Seekers Gear,climbing
AdventurePro Backpack,594,2024-08-31,Adventure Seekers Gear,mountain biking
OutdoorGear Hammock,777,2024-07-21,Trailblazer Gear,skiing
HikePro Trekking Poles,372,2024-10-03,Wilderness Wares,camping gear
TrailBlazer Camping Tent,846,2025-08-31,Outdoor Discovery Co.,mountain biking
OutdoorMaster Camping Stove,390,2025-07-02,Adventure Gear Co.,hiking equipment
WildernessSurvivor Survival Kit,337,2025-07-22,Peak Performance Gear,backpacking
TrailTracker GPS Device,815,2025-06-23,Wilderness Wares,skiing
WildernessSurvivor Survival Kit,403,2025-01-22,Trailblazer Gear,climbing
HikePro Trekking Poles,141,2024-03-21,Wildland Gear,backpacking
OutdoorMaster Camping Stove,185,2024-05-25,Outdoor Provisions Ltd.,backpacking
TrailBlazer Camping Tent,628,2025-05-02,Adventure Seekers Gear,skiing
HikePro Trekking Poles,600,2024-05-23,Nature's Trail Gear,camping gear
NatureSeeker Binoculars,959,2024-07-30,Summit Seekers,climbing
OutdoorGear Hammock,567,2025-02-22,Wildland Gear,fishing supplies
ExplorerX Hiking Boots,240,2024-07-09,Nature's Edge Equipment,mountain biking
HikePro Trekking Poles,95,2024-05-18,Trailblazer Supplies,mountain biking
CampfirePro Cooking Set,157,2025-02-17,Wildland Gear,backpacking
NatureSeeker Binoculars,898,2024-09-13,Pioneer Gearworks,skiing
OutdoorMaster Camping Stove,963,2025-06-22,Wildland Gear,hiking equipment
HikePro Trekking Poles,577,2025-02-05,Peak Performance Gear,fishing supplies
ExplorerX Hiking Boots,503,2025-07-29,Backcountry Essentials,fishing supplies
AdventurePro Backpack,451,2025-06-24,Outdoor Gear Emporium,hiking equipment
HikePro Trekking Poles,328,2024-04-16,Nature's Best Gear,hiking equipment
CampfirePro Cooking Set,214,2024-05-10,Alpine Adventure Co.,mountain biking
ExplorerX Hiking Boots,874,2024-02-26,Trailblazer Outfitters,skiing
OutdoorGear Hammock,263,2024-11-27,Wilderness Outfitters,climbing
HikePro Trekking Poles,523,2025-05-23,Wilderness Wares,hiking equipment
HikePro Trekking Poles,862,2025-07-23,Backcountry Essentials,hiking equipment
TrailTracker GPS Device,971,2024-05-23,Backcountry Bound,climbing
OutdoorMaster Camping Stove,572,2024-01-27,Pioneer Gearworks,fishing supplies
CampfirePro Cooking Set,113,2024-09-12,Explorers Equipment,fishing supplies
ExplorerX Hiking Boots,321,2025-06-29,Outdoor Pursuits Co.,mountain biking
TrailBlazer Camping Tent,141,2025-09-29,Outdoor Gear Emporium,camping gear
NatureSeeker Binoculars,930,2025-03-20,Expedition Outfitters,camping gear
ExplorerX Hiking Boots,748,2024-12-15,Backcountry Bound,climbing
OutdoorMaster Camping Stove,410,2024-06-24,Trailblazer Outfitters,fishing supplies
NatureSeeker Binoculars,155,2025-04-19,Trailblazer Supplies,backpacking
TrailBlazer Camping Tent,381,2024-11-14,Trailblazer Gear,skiing
OutdoorMaster Camping Stove,535,2024-07-27,Wildland Gear,camping gear
AdventurePro Backpack,930,2024-09-08,Peak Performance Gear,hiking equipment
WildernessSurvivor Survival Kit,42,2024-08-04,Trailblazer Outfitters,fishing supplies
NatureSeeker Binoculars,54,2025-04-29,Peak Performance Gear,fishing supplies
WildernessSurvivor Survival Kit,454,2024-02-03,Nature's Trail Gear,backpacking
ExplorerX Hiking Boots,415,2024-08-06,Trailblazer Outfitters,hiking equipment
OutdoorMaster Camping Stove,426,2024-05-31,Nature's Edge Equipment,backpacking
WildernessSurvivor Survival Kit,886,2025-04-21,Alpine Adventure Co.,mountain biking
NatureSeeker Binoculars,125,2025-04-05,Trailblazer Gear,backpacking
CampfirePro Cooking Set,579,2025-09-25,Backcountry Essentials,camping gear
ExplorerX Hiking Boots,321,2024-01-20,Trailblazer Gear,mountain biking
WildernessSurvivor Survival Kit,545,2025-08-28,Nature's Best Gear,skiing
AdventurePro Backpack,964,2024-05-04,Nature's Edge Equipment,mountain biking
CampfirePro Cooking Set,427,2024-03-26,Nature's Trail Gear,mountain biking
NatureSeeker Binoculars,256,2024-03-02,Explorers Equipment,camping gear
ExplorerX Hiking Boots,518,2024-01-20,Adventure Gear Co.,backpacking
CampfirePro Cooking Set,779,2025-08-30,Expedition Outfitters,hiking equipment
WildernessSurvivor Survival Kit,719,2024-05-13,Backcountry Essentials,climbing
CampfirePro Cooking Set,635,2024-07-29,Wilderness Wares,camping gear
OutdoorMaster Camping Stove,605,2024-11-03,Alpine Adventure Co.,camping gear
OutdoorMaster Camping Stove,610,2025-02-12,Outdoor Provisions Ltd.,camping gear
OutdoorMaster Camping Stove,821,2024-07-16,Wilderness Wares,hiking equipment
HikePro Trekking Poles,965,2024-03-05,Wilderness Outfitters,hiking equipment
TrailBlazer Camping Tent,164,2025-06-06,Adventure Seekers Gear,backpacking
WildernessSurvivor Survival Kit,10,2025-01-16,Outdoor Gear Emporium,hiking equipment
OutdoorGear Hammock,699,2024-07-17,Explorer's Edge Equipment,camping gear
NatureSeeker Binoculars,716,2024-09-05,Nature's Trail Gear,backpacking
CampfirePro Cooking Set,693,2024-11-28,Expedition Outfitters,hiking equipment
OutdoorMaster Camping Stove,302,2025-03-23,Summit Seekers,hiking equipment
WildernessSurvivor Survival Kit,75,2025-02-07,Explorers Equipment,skiing
AdventurePro Backpack,571,2025-05-30,Wilderness Wares,hiking equipment
ExplorerX Hiking Boots,365,2025-01-02,Summit Supplies,camping gear
WildernessSurvivor Survival Kit,959,2024-11-22,Pioneer Gearworks,mountain biking
ExplorerX Hiking Boots,36,2024-10-23,Trailblazer Outfitters,fishing supplies
NatureSeeker Binoculars,659,2025-06-24,Outdoor Discovery Co.,fishing supplies
HikePro Trekking Poles,291,2024-11-24,Outdoor Discovery Co.,fishing supplies
ExplorerX Hiking Boots,966,2025-02-21,Wilderness Outfitters,climbing
HikePro Trekking Poles,701,2024-07-03,Trailblazer Gear,skiing
TrailBlazer Camping Tent,8,2025-04-24,Expedition Outfitters,skiing
ExplorerX Hiking Boots,67,2025-06-09,Outdoor Pursuits Co.,hiking equipment
AdventurePro Backpack,341,2024-01-28,Wilderness Outfitters,fishing supplies
TrailBlazer Camping Tent,470,2024-06-24,Wildland Gear,fishing supplies
WildernessSurvivor Survival Kit,786,2025-04-27,Nature's Edge Equipment,climbing
CampfirePro Cooking Set,270,2024-05-10,Alpine Adventure Co.,backpacking
CampfirePro Cooking Set,77,2025-09-11,Outdoor Gear Emporium,camping gear
CampfirePro Cooking Set,147,2024-12-03,Trailblazer Supplies,hiking equipment
OutdoorMaster Camping Stove,71,2025-06-04,Summit Seekers,backpacking
TrailBlazer Camping Tent,61,2025-02-10,Alpine Adventure Co.,fishing supplies
OutdoorGear Hammock,439,2024-09-23,Nature's Edge Equipment,hiking equipment
OutdoorMaster Camping Stove,707,2024-09-16,Wilderness Wares,climbing
HikePro Trekking Poles,227,2025-02-19,Expedition Outfitters,fishing supplies
HikePro Trekking Poles,556,2024-11-03,Nature's Trail Gear,backpacking
ExplorerX Hiking Boots,643,2024-09-12,Explorers Equipment,mountain biking
TrailTracker GPS Device,761,2025-01-01,Backcountry Bound,camping gear
TrailTracker GPS Device,54,2024-05-24,Explorers Equipment,fishing supplies
OutdoorGear Hammock,837,2025-05-02,Trailblazer Supplies,backpacking
HikePro Trekking Poles,354,2025-03-24,Outdoor Discovery Co.,fishing supplies
OutdoorGear Hammock,378,2025-03-06,Backcountry Essentials,skiing
OutdoorMaster Camping Stove,253,2024-06-01,Nature's Best Gear,mountain biking
CampfirePro Cooking Set,881,2025-03-19,Wilderness Outfitters,mountain biking
OutdoorMaster Camping Stove,703,2025-09-17,Adventure Seekers Gear,camping gear
CampfirePro Cooking Set,319,2024-12-05,Explorers Equipment,fishing supplies
TrailTracker GPS Device,109,2025-02-22,Outdoor Discovery Co.,fishing supplies
NatureSeeker Binoculars,556,2024-02-27,Explorers Equipment,mountain biking
WildernessSurvivor Survival Kit,932,2025-03-30,Explorer's Edge Equipment,climbing
HikePro Trekking Poles,81,2024-02-07,Summit Supplies,fishing supplies
WildernessSurvivor Survival Kit,504,2024-01-14,Pioneer Gearworks,hiking equipment
TrailTracker GPS Device,106,2025-05-01,Wilderness Wares,fishing supplies
HikePro Trekking Poles,488,2024-10-19,Backcountry Bound,skiing
NatureSeeker Binoculars,295,2024-07-23,Wilderness Outfitters,fishing supplies
ExplorerX Hiking Boots,459,2024-11-18,Outdoor Discovery Co.,hiking equipment
OutdoorMaster Camping Stove,365,2024-01-19,Trailblazer Outfitters,climbing
TrailTracker GPS Device,546,2024-05-16,Outdoor Provisions Ltd.,mountain biking
AdventurePro Backpack,898,2025-01-24,Expedition Outfitters,fishing supplies
CampfirePro Cooking Set,636,2025-07-04,Wilderness Wares,climbing
ExplorerX Hiking Boots,801,2025-04-22,Summit Supplies,mountain biking
NatureSeeker Binoculars,517,2024-11-20,Trailblazer Supplies,mountain biking
ExplorerX Hiking Boots,44,2025-02-15,Trailblazer Outfitters,camping gear
TrailBlazer Camping Tent,731,2025-09-15,Expedition Outfitters,hiking equipment
TrailTracker GPS Device,293,2024-07-02,Explorer's Edge Equipment,hiking equipment
WildernessSurvivor Survival Kit,722,2024-05-03,Backcountry Bound,backpacking
OutdoorGear Hammock,751,2024-06-29,Peak Performance Gear,camping gear
CampfirePro Cooking Set,438,2025-03-08,Explorers Equipment,camping gear
WildernessSurvivor Survival Kit,136,2024-10-01,Outdoor Pursuits Co.,backpacking
TrailBlazer Camping Tent,769,2025-04-10,Expedition Outfitters,fishing supplies
WildernessSurvivor Survival Kit,483,2025-03-08,Explorers Equipment,hiking equipment
ExplorerX Hiking Boots,320,2024-10-24,Trailblazer Supplies,skiing
HikePro Trekking Poles,139,2025-04-30,Adventure Gear Co.,hiking equipment
OutdoorGear Hammock,918,2024-02-22,Explorers Equipment,camping gear
ExplorerX Hiking Boots,718,2025-06-04,Peak Performance Gear,fishing supplies
NatureSeeker Binoculars,851,2025-03-05,Expedition Outfitters,backpacking
OutdoorGear Hammock,582,2024-01-20,Wilderness Wares,camping gear
CampfirePro Cooking Set,527,2025-09-25,Pioneer Gearworks,camping gear
OutdoorMaster Camping Stove,559,2025-03-05,Explorer's Edge Equipment,skiing
AdventurePro Backpack,271,2025-01-31,Outdoor Gear Emporium,mountain biking
NatureSeeker Binoculars,268,2024-01-16,Explorer's Edge Equipment,camping gear
AdventurePro Backpack,586,2024-02-29,Trailblazer Outfitters,fishing supplies
WildernessSurvivor Survival Kit,174,2025-05-06,Wilderness Outfitters,climbing
OutdoorMaster Camping Stove,243,2024-06-12,Nature's Edge Equipment,climbing
ExplorerX Hiking Boots,65,2024-01-19,Adventure Gear Co.,fishing supplies
TrailTracker GPS Device,947,2024-09-15,Trailblazer Outfitters,skiing
TrailTracker GPS Device,582,2024-07-21,Wilderness Outfitters,fishing supplies
TrailBlazer Camping Tent,715,2024-01-21,Nature's Edge Equipment,hiking equipment
WildernessSurvivor Survival Kit,780,2025-02-26,Outdoor Provisions Ltd.,climbing
CampfirePro Cooking Set,265,2025-02-05,Nature's Trail Gear,fishing supplies
WildernessSurvivor Survival Kit,343,2025-03-22,Explorer's Edge Equipment,backpacking
WildernessSurvivor Survival Kit,92,2025-08-30,Alpine Adventure Co.,skiing
WildernessSurvivor Survival Kit,353,2025-06-23,Adventure Seekers Gear,hiking equipment
OutdoorGear Hammock,601,2024-11-06,Adventure Seekers Gear,fishing supplies
TrailBlazer Camping Tent,875,2024-02-19,Outdoor Discovery Co.,skiing
HikePro Trekking Poles,183,2025-04-17,Adventure Gear Co.,camping gear
TrailBlazer Camping Tent,674,2024-08-11,Backcountry Bound,mountain biking
TrailTracker GPS Device,966,2024-07-24,Expedition Outfitters,mountain biking
ExplorerX Hiking Boots,690,2024-06-01,Outdoor Gear Emporium,climbing
OutdoorGear Hammock,254,2025-07-16,Explorers Equipment,mountain biking
OutdoorGear Hammock,970,2024-03-28,Nature's Edge Equipment,mountain biking
HikePro Trekking Poles,207,2025-07-15,Summit Seekers,climbing
AdventurePro Backpack,561,2024-01-10,Alpine Adventure Co.,mountain biking
CampfirePro Cooking Set,908,2025-02-06,Trailblazer Supplies,backpacking
CampfirePro Cooking Set,978,2024-04-16,Outdoor Provisions Ltd.,backpacking
OutdoorGear Hammock,925,2024-02-03,Summit Seekers,backpacking
NatureSeeker Binoculars,730,2025-04-14,Wilderness Wares,fishing supplies
NatureSeeker Binoculars,183,2024-08-13,Nature's Edge Equipment,fishing supplies
NatureSeeker Binoculars,549,2025-09-27,Expedition Outfitters,backpacking
ExplorerX Hiking Boots,839,2024-11-15,Adventure Seekers Gear,hiking equipment
OutdoorMaster Camping Stove,92,2024-02-24,Wilderness Outfitters,climbing
CampfirePro Cooking Set,725,2024-03-25,Adventure Seekers Gear,climbing
NatureSeeker Binoculars,167,2024-11-16,Outdoor Gear Emporium,mountain biking
OutdoorMaster Camping Stove,434,2024-01-29,Outdoor Gear Emporium,hiking equipment
WildernessSurvivor Survival Kit,188,2024-03-02,Explorer's Edge Equipment,hiking equipment
CampfirePro Cooking Set,262,2025-05-15,Outdoor Pursuits Co.,hiking equipment
WildernessSurvivor Survival Kit,739,2025-05-02,Outdoor Gear Emporium,climbing
OutdoorMaster Camping Stove,918,2024-03-26,Trailblazer Gear,hiking equipment
NatureSeeker Binoculars,328,2024-02-15,Trailblazer Outfitters,skiing
OutdoorGear Hammock,565,2025-03-26,Trailblazer Outfitters,fishing supplies
ExplorerX Hiking Boots,47,2025-02-27,Adventure Seekers Gear,skiing
HikePro Trekking Poles,458,2025-01-24,Adventure Gear Co.,mountain biking
WildernessSurvivor Survival Kit,630,2024-02-02,Backcountry Essentials,fishing supplies
HikePro Trekking Poles,817,2024-12-05,Outdoor Pursuits Co.,skiing
CampfirePro Cooking Set,849,2024-08-21,Trailblazer Gear,climbing
OutdoorGear Hammock,804,2024-03-24,Summit Seekers,fishing supplies
TrailBlazer Camping Tent,721,2024-01-30,Trailblazer Outfitters,fishing supplies
ExplorerX Hiking Boots,798,2024-07-13,Wildland Gear,mountain biking
NatureSeeker Binoculars,222,2025-05-16,Outdoor Provisions Ltd.,hiking equipment
TrailBlazer Camping Tent,950,2025-04-17,Explorers Equipment,skiing
TrailTracker GPS Device,645,2025-09-13,Trailblazer Gear,fishing supplies
OutdoorGear Hammock,504,2024-12-29,Backcountry Essentials,fishing supplies
HikePro Trekking Poles,493,2024-09-19,Nature's Trail Gear,hiking equipment
WildernessSurvivor Survival Kit,384,2025-06-03,Outdoor Provisions Ltd.,skiing
WildernessSurvivor Survival Kit,995,2024-07-11,Alpine Adventure Co.,mountain biking
TrailBlazer Camping Tent,78,2025-06-09,Explorer's Edge Equipment,skiing
TrailTracker GPS Device,86,2024-05-06,Trailblazer Gear,camping gear
CampfirePro Cooking Set,851,2025-09-26,Nature's Best Gear,climbing
WildernessSurvivor Survival Kit,624,2024-10-10,Outdoor Provisions Ltd.,fishing supplies
TrailBlazer Camping Tent,811,2025-03-05,Explorer's Edge Equipment,climbing
OutdoorMaster Camping Stove,496,2024-01-25,Expedition Outfitters,backpacking
HikePro Trekking Poles,398,2024-11-07,Summit Supplies,climbing
OutdoorGear Hammock,33,2024-10-10,Backcountry Essentials,backpacking
ExplorerX Hiking Boots,257,2025-06-21,Alpine Adventure Co.,climbing
TrailBlazer Camping Tent,417,2025-02-13,Outdoor Pursuits Co.,fishing supplies
OutdoorGear Hammock,874,2025-01-12,Wildland Gear,camping gear
ExplorerX Hiking Boots,737,2025-02-25,Summit Supplies,backpacking
ExplorerX Hiking Boots,982,2025-08-13,Summit Supplies,climbing
WildernessSurvivor Survival Kit,736,2025-09-01,Outdoor Gear Emporium,hiking equipment
OutdoorMaster Camping Stove,752,2024-11-19,Backcountry Essentials,skiing
CampfirePro Cooking Set,50,2025-03-24,Outdoor Discovery Co.,climbing
CampfirePro Cooking Set,55,2025-02-23,Adventure Gear Co.,fishing supplies
WildernessSurvivor Survival Kit,648,2024-10-02,Backcountry Essentials,backpacking
CampfirePro Cooking Set,436,2024-10-08,Wilderness Outfitters,fishing supplies
CampfirePro Cooking Set,446,2024-05-14,Alpine Adventure Co.,hiking equipment
OutdoorMaster Camping Stove,364,2025-08-13,Trailblazer Outfitters,hiking equipment
NatureSeeker Binoculars,827,2025-04-20,Summit Supplies,camping gear
TrailTracker GPS Device,870,2025-02-08,Backcountry Bound,skiing
OutdoorGear Hammock,415,2025-04-27,Trailblazer Outfitters,fishing supplies
TrailBlazer Camping Tent,781,2024-12-29,Outdoor Gear Emporium,skiing
OutdoorGear Hammock,480,2024-04-24,Trailblazer Gear,camping gear
CampfirePro Cooking Set,257,2024-09-17,Adventure Seekers Gear,climbing
ExplorerX Hiking Boots,175,2024-04-19,Pioneer Gearworks,climbing
CampfirePro Cooking Set,828,2025-07-04,Outdoor Discovery Co.,fishing supplies
OutdoorGear Hammock,824,2025-07-21,Wilderness Wares,fishing supplies
TrailBlazer Camping Tent,547,2025-05-15,Backcountry Essentials,climbing
TrailBlazer Camping Tent,988,2024-07-17,Summit Supplies,skiing
TrailBlazer Camping Tent,846,2024-06-13,Nature's Trail Gear,climbing
OutdoorGear Hammock,672,2024-11-13,Explorer's Edge Equipment,camping gear
OutdoorGear Hammock,698,2024-02-28,Outdoor Pursuits Co.,camping gear
TrailBlazer Camping Tent,891,2024-10-01,Outdoor Discovery Co.,hiking equipment
TrailBlazer Camping Tent,514,2024-04-06,Trailblazer Outfitters,fishing supplies
OutdoorMaster Camping Stove,591,2024-09-06,Wildland Gear,skiing
CampfirePro Cooking Set,836,2025-09-19,Summit Supplies,skiing
WildernessSurvivor Survival Kit,457,2025-06-30,Peak Performance Gear,mountain biking
CampfirePro Cooking Set,42,2025-09-05,Expedition Outfitters,hiking equipment
CampfirePro Cooking Set,885,2024-12-27,Pioneer Gearworks,backpacking
CampfirePro Cooking Set,520,2024-03-08,Wilderness Wares,mountain biking
NatureSeeker Binoculars,789,2025-09-15,Pioneer Gearworks,hiking equipment
OutdoorGear Hammock,675,2024-04-08,Trailblazer Outfitters,backpacking
TrailBlazer Camping Tent,451,2024-10-16,Nature's Best Gear,climbing
NatureSeeker Binoculars,770,2024-11-20,Explorers Equipment,mountain biking
NatureSeeker Binoculars,837,2025-03-21,Adventure Seekers Gear,hiking equipment
TrailBlazer Camping Tent,510,2024-06-23,Wilderness Outfitters,mountain biking
HikePro Trekking Poles,421,2024-01-29,Peak Performance Gear,fishing supplies
TrailTracker GPS Device,59,2024-08-11,Nature's Edge Equipment,skiing
OutdoorGear Hammock,884,2024-05-16,Outdoor Pursuits Co.,camping gear
AdventurePro Backpack,212,2025-08-03,Wilderness Wares,backpacking
HikePro Trekking Poles,130,2025-02-16,Outdoor Discovery Co.,skiing
CampfirePro Cooking Set,581,2024-11-05,Wilderness Wares,climbing
TrailBlazer Camping Tent,857,2024-07-07,Explorer's Edge Equipment,fishing supplies
NatureSeeker Binoculars,434,2024-02-24,Outdoor Pursuits Co.,hiking equipment
HikePro Trekking Poles,635,2025-06-17,Nature's Best Gear,backpacking
OutdoorMaster Camping Stove,829,2024-07-11,Wildland Gear,mountain biking
ExplorerX Hiking Boots,688,2025-03-04,Explorers Equipment,fishing supplies
CampfirePro Cooking Set,192,2024-12-07,Outdoor Gear Emporium,climbing
HikePro Trekking Poles,264,2025-09-09,Summit Seekers,camping gear
OutdoorMaster Camping Stove,919,2025-06-27,Explorer's Edge Equipment,climbing
NatureSeeker Binoculars,927,2024-08-19,Trailblazer Outfitters,climbing
OutdoorMaster Camping Stove,653,2025-05-31,Explorers Equipment,camping gear
NatureSeeker Binoculars,155,2024-07-28,Explorers Equipment,backpacking
TrailBlazer Camping Tent,706,2024-09-29,Explorers Equipment,skiing
HikePro Trekking Poles,902,2024-12-12,Nature's Best Gear,camping gear
OutdoorMaster Camping Stove,766,2025-03-01,Backcountry Bound,mountain biking
TrailTracker GPS Device,565,2024-06-08,Adventure Gear Co.,climbing
ExplorerX Hiking Boots,762,2024-06-21,Backcountry Bound,hiking equipment
HikePro Trekking Poles,908,2024-08-20,Outdoor Pursuits Co.,hiking equipment
OutdoorGear Hammock,352,2024-12-08,Explorer's Edge Equipment,skiing
NatureSeeker Binoculars,883,2024-12-09,Trailblazer Outfitters,mountain biking
WildernessSurvivor Survival Kit,341,2024-07-08,Backcountry Bound,backpacking
WildernessSurvivor Survival Kit,191,2025-02-09,Wildland Gear,fishing supplies
HikePro Trekking Poles,874,2024-10-03,Summit Seekers,climbing
AdventurePro Backpack,732,2025-07-22,Trailblazer Outfitters,fishing supplies
AdventurePro Backpack,261,2024-02-20,Peak Performance Gear,camping gear
TrailBlazer Camping Tent,778,2025-04-13,Peak Performance Gear,camping gear
AdventurePro Backpack,597,2025-04-13,Alpine Adventure Co.,hiking equipment
ExplorerX Hiking Boots,442,2025-03-19,Backcountry Bound,camping gear
CampfirePro Cooking Set,910,2025-05-04,Nature's Best Gear,backpacking
OutdoorGear Hammock,558,2024-03-01,Backcountry Essentials,camping gear
TrailBlazer Camping Tent,467,2025-04-11,Expedition Outfitters,backpacking
CampfirePro Cooking Set,605,2025-07-05,Adventure Seekers Gear,mountain biking
OutdoorMaster Camping Stove,405,2024-03-08,Outdoor Provisions Ltd.,hiking equipment
ExplorerX Hiking Boots,717,2024-06-04,Expedition Outfitters,backpacking
OutdoorMaster Camping Stove,950,2024-12-29,Trailblazer Outfitters,mountain biking
OutdoorGear Hammock,615,2024-04-22,Wilderness Outfitters,hiking equipment
ExplorerX Hiking Boots,542,2024-05-09,Wilderness Outfitters,fishing supplies
NatureSeeker Binoculars,135,2025-04-17,Outdoor Gear Emporium,mountain biking
ExplorerX Hiking Boots,495,2024-10-15,Adventure Gear Co.,mountain biking
HikePro Trekking Poles,726,2024-09-09,Explorer's Edge Equipment,camping gear
OutdoorGear Hammock,943,2025-05-12,Expedition Outfitters,climbing
OutdoorMaster Camping Stove,88,2024-07-20,Trailblazer Outfitters,fishing supplies
HikePro Trekking Poles,728,2025-01-01,Wilderness Outfitters,fishing supplies
TrailBlazer Camping Tent,35,2024-01-26,Nature's Trail Gear,mountain biking
OutdoorGear Hammock,782,2025-07-19,Trailblazer Outfitters,fishing supplies
NatureSeeker Binoculars,150,2024-02-17,Wildland Gear,skiing
OutdoorGear Hammock,422,2024-10-15,Outdoor Pursuits Co.,climbing
HikePro Trekking Poles,234,2024-03-26,Trailblazer Outfitters,skiing
WildernessSurvivor Survival Kit,698,2025-09-04,Outdoor Discovery Co.,fishing supplies
OutdoorMaster Camping Stove,796,2025-08-09,Backcountry Essentials,climbing
NatureSeeker Binoculars,882,2025-07-05,Wilderness Outfitters,camping gear
ExplorerX Hiking Boots,129,2025-04-28,Explorers Equipment,backpacking
TrailBlazer Camping Tent,815,2025-01-04,Outdoor Discovery Co.,backpacking
CampfirePro Cooking Set,449,2024-06-13,Nature's Trail Gear,fishing supplies
HikePro Trekking Poles,340,2024-05-29,Trailblazer Gear,mountain biking
OutdoorGear Hammock,245,2024-03-02,Outdoor Provisions Ltd.,hiking equipment
OutdoorMaster Camping Stove,426,2025-06-30,Trailblazer Gear,hiking equipment
HikePro Trekking Poles,25,2024-07-06,Nature's Edge Equipment,mountain biking
OutdoorGear Hammock,402,2024-08-06,Outdoor Discovery Co.,skiing
NatureSeeker Binoculars,273,2024-03-16,Summit Seekers,climbing
ExplorerX Hiking Boots,62,2025-01-18,Trailblazer Gear,mountain biking
HikePro Trekking Poles,589,2024-09-17,Trailblazer Gear,skiing
TrailBlazer Camping Tent,656,2025-04-06,Peak Performance Gear,climbing
OutdoorMaster Camping Stove,508,2025-07-08,Peak Performance Gear,backpacking
NatureSeeker Binoculars,10,2025-07-23,Summit Supplies,climbing
OutdoorMaster Camping Stove,422,2024-12-21,Outdoor Gear Emporium,mountain biking
ExplorerX Hiking Boots,766,2024-10-21,Explorer's Edge Equipment,backpacking
AdventurePro Backpack,28,2025-06-03,Wildland Gear,camping gear
OutdoorMaster Camping Stove,398,2024-06-10,Alpine Adventure Co.,skiing
NatureSeeker Binoculars,117,2024-03-18,Trailblazer Supplies,fishing supplies
AdventurePro Backpack,7,2024-01-10,Trailblazer Supplies,fishing supplies
CampfirePro Cooking Set,945,2024-02-24,Wilderness Outfitters,climbing
OutdoorGear Hammock,615,2025-06-06,Outdoor Pursuits Co.,backpacking
WildernessSurvivor Survival Kit,442,2025-09-03,Adventure Gear Co.,skiing
TrailTracker GPS Device,56,2024-02-28,Trailblazer Outfitters,skiing
OutdoorGear Hammock,454,2024-08-07,Nature's Trail Gear,mountain biking
OutdoorMaster Camping Stove,258,2025-01-17,Outdoor Discovery Co.,mountain biking
HikePro Trekking Poles,475,2024-03-25,Outdoor Pursuits Co.,camping gear
OutdoorMaster Camping Stove,699,2025-05-06,Wildland Gear,mountain biking
TrailTracker GPS Device,535,2024-11-14,Alpine Adventure Co.,hiking equipment
AdventurePro Backpack,232,2025-03-29,Wildland Gear,skiing
TrailBlazer Camping Tent,86,2025-06-18,Alpine Adventure Co.,skiing
HikePro Trekking Poles,22,2024-04-22,Nature's Best Gear,mountain biking
OutdoorMaster Camping Stove,209,2024-07-10,Alpine Adventure Co.,fishing supplies
WildernessSurvivor Survival Kit,927,2025-09-22,Summit Seekers,climbing
TrailBlazer Camping Tent,605,2024-01-07,Nature's Edge Equipment,backpacking
ExplorerX Hiking Boots,813,2024-05-16,Trailblazer Supplies,backpacking
OutdoorGear Hammock,579,2024-09-24,Backcountry Essentials,climbing
TrailBlazer Camping Tent,750,2025-02-10,Wildland Gear,hiking equipment
HikePro Trekking Poles,122,2024-02-27,Summit Supplies,camping gear
AdventurePro Backpack,712,2024-04-14,Nature's Edge Equipment,backpacking
ExplorerX Hiking Boots,278,2024-09-15,Trailblazer Supplies,fishing supplies
AdventurePro Backpack,4,2025-09-22,Alpine Adventure Co.,backpacking
TrailBlazer Camping Tent,154,2024-07-12,Summit Supplies,camping gear
TrailBlazer Camping Tent,634,2024-07-13,Pioneer Gearworks,climbing
WildernessSurvivor Survival Kit,924,2024-11-26,Trailblazer Outfitters,camping gear
WildernessSurvivor Survival Kit,655,2024-02-23,Trailblazer Outfitters,fishing supplies
OutdoorMaster Camping Stove,196,2025-02-27,Backcountry Bound,backpacking
OutdoorGear Hammock,523,2025-01-13,Expedition Outfitters,skiing
WildernessSurvivor Survival Kit,649,2025-07-13,Nature's Trail Gear,hiking equipment
CampfirePro Cooking Set,176,2024-02-26,Trailblazer Supplies,hiking equipment
HikePro Trekking Poles,218,2024-11-24,Peak Performance Gear,mountain biking
OutdoorGear Hammock,114,2024-02-26,Nature's Edge Equipment,fishing supplies
OutdoorGear Hammock,586,2024-01-31,Outdoor Discovery Co.,fishing supplies
NatureSeeker Binoculars,623,2024-04-25,Outdoor Provisions Ltd.,climbing
CampfirePro Cooking Set,372,2025-05-16,Outdoor Gear Emporium,climbing
TrailBlazer Camping Tent,588,2025-05-11,Adventure Seekers Gear,mountain biking
TrailBlazer Camping Tent,560,2025-02-03,Backcountry Bound,backpacking
ExplorerX Hiking Boots,352,2025-04-06,Backcountry Bound,climbing
CampfirePro Cooking Set,478,2024-06-10,Wilderness Outfitters,hiking equipment
AdventurePro Backpack,156,2025-05-07,Explorers Equipment,skiing
ExplorerX Hiking Boots,29,2025-02-18,Outdoor Pursuits Co.,skiing
HikePro Trekking Poles,101,2025-08-18,Wilderness Outfitters,fishing supplies
OutdoorGear Hammock,758,2024-06-21,Backcountry Bound,backpacking
OutdoorGear Hammock,392,2024-09-12,Adventure Gear Co.,mountain biking
TrailBlazer Camping Tent,43,2025-06-06,Trailblazer Outfitters,mountain biking
ExplorerX Hiking Boots,246,2024-02-01,Nature's Trail Gear,climbing
NatureSeeker Binoculars,675,2025-09-27,Expedition Outfitters,camping gear
OutdoorGear Hammock,132,2024-11-14,Outdoor Provisions Ltd.,backpacking
TrailTracker GPS Device,920,2024-06-17,Backcountry Essentials,backpacking
OutdoorGear Hammock,192,2024-10-31,Trailblazer Gear,backpacking
ExplorerX Hiking Boots,914,2024-11-21,Summit Supplies,backpacking
ExplorerX Hiking Boots,497,2025-01-29,Wilderness Wares,skiing
HikePro Trekking Poles,845,2024-04-25,Nature's Best Gear,skiing
NatureSeeker Binoculars,683,2024-02-24,Summit Seekers,mountain biking
ExplorerX Hiking Boots,122,2024-03-18,Nature's Best Gear,fishing supplies
OutdoorGear Hammock,722,2024-09-04,Outdoor Provisions Ltd.,mountain biking
WildernessSurvivor Survival Kit,307,2025-02-19,Summit Seekers,hiking equipment
CampfirePro Cooking Set,454,2025-02-05,Nature's Best Gear,camping gear
HikePro Trekking Poles,673,2024-10-25,Wilderness Wares,hiking equipment
OutdoorGear Hammock,419,2024-10-02,Explorer's Edge Equipment,skiing
OutdoorMaster Camping Stove,153,2024-10-20,Outdoor Provisions Ltd.,camping gear
ExplorerX Hiking Boots,977,2025-04-18,Alpine Adventure Co.,backpacking
OutdoorGear Hammock,214,2024-08-18,Outdoor Gear Emporium,mountain biking
CampfirePro Cooking Set,374,2025-06-27,Pioneer Gearworks,backpacking
OutdoorGear Hammock,886,2024-05-27,Explorers Equipment,fishing supplies
ExplorerX Hiking Boots,236,2024-12-19,Pioneer Gearworks,skiing
WildernessSurvivor Survival Kit,110,2025-03-20,Outdoor Pursuits Co.,backpacking
AdventurePro Backpack,880,2024-01-11,Summit Supplies,mountain biking
ExplorerX Hiking Boots,61,2024-07-04,Backcountry Essentials,backpacking
NatureSeeker Binoculars,588,2024-03-14,Trailblazer Supplies,camping gear
HikePro Trekking Poles,584,2025-07-22,Backcountry Bound,climbing
CampfirePro Cooking Set,992,2024-10-09,Pioneer Gearworks,camping gear
TrailBlazer Camping Tent,320,2025-05-26,Alpine Adventure Co.,camping gear
WildernessSurvivor Survival Kit,228,2025-02-24,Backcountry Essentials,backpacking
WildernessSurvivor Survival Kit,915,2024-12-26,Nature's Best Gear,camping gear
AdventurePro Backpack,429,2024-01-04,Trailblazer Gear,skiing
CampfirePro Cooking Set,97,2025-01-20,Alpine Adventure Co.,mountain biking
TrailBlazer Camping Tent,193,2024-08-15,Outdoor Gear Emporium,backpacking
OutdoorMaster Camping Stove,808,2024-08-19,Outdoor Discovery Co.,backpacking
OutdoorGear Hammock,249,2025-04-28,Backcountry Essentials,fishing supplies
TrailTracker GPS Device,941,2024-12-15,Outdoor Provisions Ltd.,camping gear
OutdoorMaster Camping Stove,341,2024-06-15,Summit Seekers,skiing
TrailBlazer Camping Tent,828,2024-10-26,Peak Performance Gear,mountain biking
OutdoorMaster Camping Stove,67,2024-08-27,Adventure Gear Co.,mountain biking
OutdoorGear Hammock,736,2024-07-08,Outdoor Pursuits Co.,backpacking
TrailBlazer Camping Tent,51,2024-03-30,Alpine Adventure Co.,backpacking
WildernessSurvivor Survival Kit,302,2024-11-12,Pioneer Gearworks,mountain biking
AdventurePro Backpack,631,2024-07-08,Peak Performance Gear,mountain biking
OutdoorGear Hammock,384,2025-08-28,Adventure Gear Co.,climbing
TrailBlazer Camping Tent,337,2025-01-26,Outdoor Pursuits Co.,climbing
HikePro Trekking Poles,710,2024-07-19,Backcountry Bound,fishing supplies
WildernessSurvivor Survival Kit,166,2024-03-01,Summit Seekers,fishing supplies
WildernessSurvivor Survival Kit,529,2024-02-10,Outdoor Gear Emporium,climbing
WildernessSurvivor Survival Kit,135,2024-03-31,Explorers Equipment,skiing
ExplorerX Hiking Boots,470,2024-08-22,Adventure Seekers Gear,mountain biking
OutdoorGear Hammock,930,2024-06-24,Adventure Seekers Gear,backpacking
NatureSeeker Binoculars,149,2024-09-10,Wildland Gear,camping gear
CampfirePro Cooking Set,910,2024-06-14,Adventure Gear Co.,climbing
HikePro Trekking Poles,922,2024-05-17,Backcountry Bound,camping gear
NatureSeeker Binoculars,322,2025-07-18,Expedition Outfitters,backpacking
HikePro Trekking Poles,568,2024-10-11,Pioneer Gearworks,fishing supplies
WildernessSurvivor Survival Kit,139,2025-08-13,Trailblazer Gear,hiking equipment
CampfirePro Cooking Set,18,2025-06-07,Pioneer Gearworks,climbing
HikePro Trekking Poles,356,2024-08-24,Wilderness Outfitters,mountain biking
AdventurePro Backpack,458,2025-03-14,Nature's Best Gear,backpacking
HikePro Trekking Poles,700,2024-08-21,Wilderness Outfitters,hiking equipment
OutdoorGear Hammock,670,2024-10-23,Trailblazer Gear,climbing
TrailTracker GPS Device,607,2025-03-01,Outdoor Gear Emporium,fishing supplies
TrailBlazer Camping Tent,57,2024-11-19,Summit Seekers,backpacking
NatureSeeker Binoculars,969,2025-03-21,Nature's Edge Equipment,camping gear
TrailTracker GPS Device,420,2025-05-18,Alpine Adventure Co.,fishing supplies
TrailBlazer Camping Tent,618,2024-06-19,Nature's Edge Equipment,mountain biking
AdventurePro Backpack,655,2024-03-02,Backcountry Essentials,camping gear
WildernessSurvivor Survival Kit,597,2025-05-15,Summit Supplies,backpacking
NatureSeeker Binoculars,659,2025-04-24,Trailblazer Supplies,backpacking
CampfirePro Cooking Set,806,2025-02-17,Backcountry Bound,mountain biking
CampfirePro Cooking Set,946,2025-06-07,Expedition Outfitters,climbing
TrailBlazer Camping Tent,234,2024-03-17,Trailblazer Outfitters,backpacking
OutdoorGear Hammock,530,2025-09-09,Peak Performance Gear,mountain biking
NatureSeeker Binoculars,181,2025-05-10,Pioneer Gearworks,climbing
OutdoorGear Hammock,979,2024-07-30,Adventure Seekers Gear,skiing
AdventurePro Backpack,678,2025-04-12,Nature's Edge Equipment,backpacking
WildernessSurvivor Survival Kit,633,2025-01-15,Peak Performance Gear,backpacking
CampfirePro Cooking Set,791,2025-07-11,Nature's Edge Equipment,fishing supplies
TrailBlazer Camping Tent,541,2025-02-17,Wilderness Wares,mountain biking
OutdoorMaster Camping Stove,22,2024-06-25,Outdoor Provisions Ltd.,skiing
TrailBlazer Camping Tent,43,2024-11-09,Pioneer Gearworks,mountain biking
TrailTracker GPS Device,948,2024-05-03,Adventure Seekers Gear,camping gear
HikePro Trekking Poles,458,2024-09-26,Nature's Edge Equipment,camping gear
AdventurePro Backpack,909,2025-06-11,Pioneer Gearworks,mountain biking
TrailBlazer Camping Tent,458,2024-02-11,Explorers Equipment,climbing
OutdoorMaster Camping Stove,835,2025-02-13,Outdoor Provisions Ltd.,hiking equipment
CampfirePro Cooking Set,547,2024-08-13,Peak Performance Gear,fishing supplies
NatureSeeker Binoculars,344,2025-06-08,Wilderness Wares,fishing supplies
NatureSeeker Binoculars,589,2025-04-05,Peak Performance Gear,mountain biking
ExplorerX Hiking Boots,35,2025-03-13,Summit Seekers,skiing
HikePro Trekking Poles,416,2024-09-29,Explorer's Edge Equipment,skiing
HikePro Trekking Poles,925,2025-05-04,Trailblazer Gear,mountain biking
CampfirePro Cooking Set,865,2025-05-14,Summit Seekers,hiking equipment
OutdoorGear Hammock,262,2024-12-20,Backcountry Bound,climbing
HikePro Trekking Poles,167,2024-07-19,Adventure Gear Co.,backpacking
ExplorerX Hiking Boots,138,2025-06-10,Outdoor Provisions Ltd.,climbing
TrailBlazer Camping Tent,586,2025-08-31,Peak Performance Gear,fishing supplies
OutdoorGear Hammock,967,2024-09-12,Backcountry Essentials,camping gear
WildernessSurvivor Survival Kit,609,2024-05-08,Outdoor Pursuits Co.,camping gear
TrailTracker GPS Device,749,2025-08-24,Nature's Trail Gear,hiking equipment
NatureSeeker Binoculars,534,2025-09-17,Explorers Equipment,climbing
OutdoorMaster Camping Stove,721,2025-05-07,Outdoor Pursuits Co.,climbing
AdventurePro Backpack,984,2024-06-14,Expedition Outfitters,backpacking
HikePro Trekking Poles,285,2024-05-25,Trailblazer Outfitters,backpacking
OutdoorMaster Camping Stove,164,2024-03-20,Outdoor Gear Emporium,climbing
NatureSeeker Binoculars,766,2024-03-24,Explorers Equipment,fishing supplies
AdventurePro Backpack,699,2024-11-25,Adventure Gear Co.,fishing supplies
OutdoorMaster Camping Stove,239,2024-04-01,Adventure Seekers Gear,hiking equipment
NatureSeeker Binoculars,200,2024-12-27,Outdoor Gear Emporium,mountain biking
OutdoorMaster Camping Stove,655,2025-02-17,Outdoor Provisions Ltd.,mountain biking
NatureSeeker Binoculars,762,2025-07-19,Explorer's Edge Equipment,backpacking
TrailBlazer Camping Tent,702,2025-01-27,Explorer's Edge Equipment,climbing
WildernessSurvivor Survival Kit,799,2025-01-20,Nature's Best Gear,skiing
AdventurePro Backpack,494,2025-06-25,Outdoor Discovery Co.,backpacking
CampfirePro Cooking Set,861,2024-04-10,Summit Supplies,hiking equipment
TrailBlazer Camping Tent,786,2024-09-13,Pioneer Gearworks,hiking equipment
TrailBlazer Camping Tent,425,2024-07-01,Trailblazer Supplies,skiing
NatureSeeker Binoculars,732,2025-02-09,Backcountry Bound,backpacking
HikePro Trekking Poles,698,2024-09-27,Wildland Gear,camping gear
TrailBlazer Camping Tent,531,2024-05-02,Peak Performance Gear,fishing supplies
WildernessSurvivor Survival Kit,758,2024-11-19,Nature's Edge Equipment,climbing
AdventurePro Backpack,578,2024-06-28,Summit Supplies,camping gear
HikePro Trekking Poles,561,2025-04-03,Explorers Equipment,climbing
HikePro Trekking Poles,384,2024-12-01,Nature's Trail Gear,camping gear
OutdoorGear Hammock,563,2024-04-30,Nature's Edge Equipment,fishing supplies
TrailBlazer Camping Tent,797,2024-04-22,Outdoor Provisions Ltd.,camping gear
AdventurePro Backpack,534,2024-08-16,Summit Supplies,camping gear
OutdoorMaster Camping Stove,643,2025-09-05,Adventure Gear Co.,hiking equipment
TrailBlazer Camping Tent,202,2024-08-18,Explorers Equipment,hiking equipment
OutdoorGear Hammock,483,2025-01-19,Trailblazer Outfitters,fishing supplies
OutdoorGear Hammock,77,2025-06-06,Peak Performance Gear,backpacking
OutdoorMaster Camping Stove,14,2025-07-24,Backcountry Essentials,hiking equipment
WildernessSurvivor Survival Kit,575,2025-07-09,Wilderness Outfitters,camping gear
HikePro Trekking Poles,367,2025-04-21,Nature's Best Gear,skiing
TrailTracker GPS Device,662,2024-02-04,Wilderness Wares,skiing
CampfirePro Cooking Set,97,2024-04-28,Summit Supplies,climbing
TrailTracker GPS Device,241,2024-03-06,Pioneer Gearworks,skiing
TrailTracker GPS Device,238,2024-10-29,Outdoor Provisions Ltd.,fishing supplies
TrailBlazer Camping Tent,434,2025-08-29,Outdoor Pursuits Co.,mountain biking
AdventurePro Backpack,984,2024-09-27,Adventure Seekers Gear,hiking equipment
WildernessSurvivor Survival Kit,513,2024-12-13,Trailblazer Supplies,hiking equipment
AdventurePro Backpack,302,2025-06-13,Expedition Outfitters,camping gear
OutdoorGear Hammock,81,2025-02-02,Trailblazer Outfitters,climbing
HikePro Trekking Poles,17,2024-10-11,Outdoor Gear Emporium,skiing
OutdoorMaster Camping Stove,170,2024-03-30,Backcountry Essentials,skiing
AdventurePro Backpack,954,2024-08-30,Outdoor Discovery Co.,hiking equipment
OutdoorMaster Camping Stove,773,2024-06-22,Trailblazer Supplies,mountain biking
HikePro Trekking Poles,264,2025-04-17,Summit Seekers,mountain biking
OutdoorGear Hammock,849,2024-06-14,Trailblazer Outfitters,hiking equipment
OutdoorMaster Camping Stove,952,2025-03-22,Pioneer Gearworks,mountain biking
AdventurePro Backpack,150,2024-02-23,Outdoor Provisions Ltd.,mountain biking
NatureSeeker Binoculars,685,2024-07-29,Nature's Edge Equipment,camping gear
OutdoorGear Hammock,204,2025-07-29,Wilderness Wares,hiking equipment
OutdoorMaster Camping Stove,505,2025-05-08,Backcountry Essentials,backpacking
NatureSeeker Binoculars,245,2024-03-30,Summit Seekers,mountain biking
AdventurePro Backpack,914,2024-10-16,Explorer's Edge Equipment,fishing supplies
OutdoorGear Hammock,821,2025-08-14,Expedition Outfitters,climbing
HikePro Trekking Poles,870,2025-02-09,Summit Seekers,camping gear
OutdoorMaster Camping Stove,110,2024-04-17,Outdoor Pursuits Co.,climbing
ExplorerX Hiking Boots,92,2024-01-26,Explorers Equipment,mountain biking
TrailBlazer Camping Tent,717,2024-12-20,Explorer's Edge Equipment,backpacking
WildernessSurvivor Survival Kit,465,2024-03-08,Expedition Outfitters,skiing
CampfirePro Cooking Set,984,2025-06-11,Outdoor Provisions Ltd.,backpacking
TrailBlazer Camping Tent,285,2025-06-04,Summit Seekers,skiing
HikePro Trekking Poles,999,2024-08-25,Wilderness Outfitters,hiking equipment
TrailBlazer Camping Tent,71,2025-03-20,Explorer's Edge Equipment,climbing
OutdoorMaster Camping Stove,231,2025-09-03,Nature's Best Gear,mountain biking
WildernessSurvivor Survival Kit,351,2025-01-30,Trailblazer Outfitters,mountain biking
TrailBlazer Camping Tent,698,2024-10-12,Nature's Edge Equipment,backpacking
TrailTracker GPS Device,411,2025-01-15,Alpine Adventure Co.,climbing
OutdoorMaster Camping Stove,943,2025-05-03,Wilderness Outfitters,climbing
OutdoorMaster Camping Stove,858,2024-07-28,Outdoor Provisions Ltd.,mountain biking
CampfirePro Cooking Set,278,2024-10-08,Expedition Outfitters,skiing
OutdoorMaster Camping Stove,13,2025-01-06,Alpine Adventure Co.,mountain biking
TrailTracker GPS Device,502,2024-09-27,Summit Supplies,skiing
TrailTracker GPS Device,659,2025-04-05,Adventure Gear Co.,hiking equipment
OutdoorMaster Camping Stove,661,2024-05-15,Explorers Equipment,backpacking
HikePro Trekking Poles,969,2025-02-11,Outdoor Pursuits Co.,climbing
WildernessSurvivor Survival Kit,139,2025-09-22,Outdoor Pursuits Co.,camping gear
HikePro Trekking Poles,394,2025-09-22,Outdoor Discovery Co.,camping gear
NatureSeeker Binoculars,791,2024-05-24,Outdoor Pursuits Co.,skiing
TrailBlazer Camping Tent,445,2024-01-26,Outdoor Provisions Ltd.,backpacking
OutdoorGear Hammock,471,2024-09-17,Outdoor Gear Emporium,skiing
HikePro Trekking Poles,667,2024-05-27,Explorers Equipment,camping gear
OutdoorMaster Camping Stove,59,2025-02-07,Alpine Adventure Co.,camping gear
TrailBlazer Camping Tent,451,2025-03-06,Expedition Outfitters,backpacking
HikePro Trekking Poles,315,2025-09-28,Adventure Gear Co.,fishing supplies
NatureSeeker Binoculars,176,2024-01-01,Outdoor Provisions Ltd.,hiking equipment
HikePro Trekking Poles,40,2024-06-19,Outdoor Discovery Co.,fishing supplies
HikePro Trekking Poles,450,2024-03-10,Peak Performance Gear,camping gear
WildernessSurvivor Survival Kit,45,2024-11-25,Outdoor Discovery Co.,backpacking
HikePro Trekking Poles,654,2024-11-09,Trailblazer Outfitters,backpacking
HikePro Trekking Poles,7,2025-01-07,Adventure Gear Co.,mountain biking
HikePro Trekking Poles,140,2024-10-20,Outdoor Pursuits Co.,climbing
TrailTracker GPS Device,209,2025-04-20,Pioneer Gearworks,hiking equipment
TrailTracker GPS Device,300,2024-04-07,Nature's Best Gear,mountain biking
NatureSeeker Binoculars,666,2025-01-12,Nature's Trail Gear,camping gear
OutdoorGear Hammock,534,2025-05-05,Nature's Best Gear,skiing
OutdoorGear Hammock,892,2024-06-05,Expedition Outfitters,skiing
TrailBlazer Camping Tent,620,2024-10-08,Explorers Equipment,hiking equipment
OutdoorMaster Camping Stove,862,2024-07-05,Trailblazer Gear,skiing
ExplorerX Hiking Boots,306,2025-08-08,Wilderness Wares,skiing
TrailTracker GPS Device,831,2025-07-15,Nature's Best Gear,fishing supplies
HikePro Trekking Poles,382,2024-01-08,Explorer's Edge Equipment,mountain biking
TrailBlazer Camping Tent,900,2024-01-03,Nature's Trail Gear,camping gear
CampfirePro Cooking Set,508,2025-04-09,Wilderness Wares,hiking equipment
OutdoorGear Hammock,138,2024-10-01,Outdoor Provisions Ltd.,climbing
TrailBlazer Camping Tent,698,2024-10-14,Adventure Gear Co.,backpacking
HikePro Trekking Poles,324,2025-07-04,Outdoor Provisions Ltd.,climbing
TrailBlazer Camping Tent,928,2025-06-22,Summit Seekers,fishing supplies
HikePro Trekking Poles,59,2025-04-28,Peak Performance Gear,climbing
OutdoorGear Hammock,157,2025-04-19,Explorer's Edge Equipment,skiing
CampfirePro Cooking Set,153,2025-08-05,Trailblazer Outfitters,climbing
TrailTracker GPS Device,58,2024-05-18,Outdoor Provisions Ltd.,mountain biking
CampfirePro Cooking Set,948,2024-01-28,Wildland Gear,mountain biking
HikePro Trekking Poles,235,2024-03-02,Explorer's Edge Equipment,backpacking
TrailBlazer Camping Tent,849,2024-04-16,Summit Seekers,skiing
HikePro Trekking Poles,857,2024-08-30,Nature's Edge Equipment,camping gear
CampfirePro Cooking Set,382,2024-01-20,Wilderness Wares,camping gear
WildernessSurvivor Survival Kit,990,2024-04-08,Explorers Equipment,mountain biking
TrailTracker GPS Device,652,2025-09-20,Wilderness Outfitters,fishing supplies
OutdoorMaster Camping Stove,89,2024-10-29,Nature's Best Gear,climbing
AdventurePro Backpack,746,2025-01-20,Trailblazer Gear,mountain biking
AdventurePro Backpack,212,2024-10-27,Trailblazer Outfitters,fishing supplies
TrailBlazer Camping Tent,833,2025-03-15,Nature's Trail Gear,skiing
AdventurePro Backpack,707,2025-06-24,Explorers Equipment,camping gear
TrailTracker GPS Device,669,2025-03-03,Nature's Edge Equipment,camping gear
HikePro Trekking Poles,946,2025-02-23,Adventure Gear Co.,skiing
CampfirePro Cooking Set,858,2025-01-12,Adventure Gear Co.,backpacking
OutdoorGear Hammock,773,2025-04-15,Summit Supplies,fishing supplies
TrailTracker GPS Device,242,2024-08-05,Trailblazer Supplies,fishing supplies
TrailBlazer Camping Tent,387,2024-06-06,Explorers Equipment,hiking equipment
TrailBlazer Camping Tent,610,2024-12-10,Backcountry Bound,camping gear
WildernessSurvivor Survival Kit,85,2024-02-26,Adventure Seekers Gear,climbing
ExplorerX Hiking Boots,596,2025-05-16,Adventure Gear Co.,climbing
TrailTracker GPS Device,334,2024-06-05,Adventure Seekers Gear,skiing
TrailBlazer Camping Tent,718,2025-08-19,Adventure Gear Co.,hiking equipment
AdventurePro Backpack,731,2024-01-07,Nature's Best Gear,camping gear
OutdoorGear Hammock,576,2024-04-25,Adventure Gear Co.,climbing
NatureSeeker Binoculars,646,2025-07-23,Outdoor Provisions Ltd.,backpacking
WildernessSurvivor Survival Kit,621,2025-03-02,Backcountry Bound,backpacking
TrailTracker GPS Device,627,2024-08-27,Wilderness Outfitters,climbing
WildernessSurvivor Survival Kit,340,2024-01-02,Wilderness Wares,camping gear
OutdoorGear Hammock,808,2025-03-06,Outdoor Provisions Ltd.,backpacking
OutdoorGear Hammock,362,2025-05-26,Trailblazer Supplies,fishing supplies
TrailTracker GPS Device,315,2025-04-02,Wilderness Wares,fishing supplies
TrailTracker GPS Device,551,2025-04-03,Wilderness Wares,skiing
AdventurePro Backpack,346,2024-03-16,Explorer's Edge Equipment,fishing supplies
AdventurePro Backpack,195,2025-07-12,Nature's Trail Gear,mountain biking
WildernessSurvivor Survival Kit,63,2025-07-18,Adventure Seekers Gear,hiking equipment
TrailTracker GPS Device,32,2025-09-20,Nature's Trail Gear,camping gear
OutdoorGear Hammock,868,2024-05-08,Pioneer Gearworks,climbing
HikePro Trekking Poles,706,2024-09-18,Peak Performance Gear,mountain biking
AdventurePro Backpack,290,2025-02-11,Summit Seekers,climbing
HikePro Trekking Poles,296,2024-10-04,Nature's Trail Gear,backpacking
WildernessSurvivor Survival Kit,5,2025-03-05,Nature's Trail Gear,climbing
OutdoorGear Hammock,328,2024-11-09,Adventure Seekers Gear,backpacking
NatureSeeker Binoculars,720,2024-09-13,Outdoor Discovery Co.,mountain biking
HikePro Trekking Poles,758,2025-07-06,Wilderness Wares,hiking equipment
OutdoorGear Hammock,278,2025-07-17,Wildland Gear,climbing
HikePro Trekking Poles,633,2025-01-28,Outdoor Gear Emporium,skiing
HikePro Trekking Poles,130,2025-05-19,Nature's Edge Equipment,skiing
OutdoorGear Hammock,89,2024-02-18,Trailblazer Outfitters,fishing supplies
ExplorerX Hiking Boots,733,2024-09-04,Alpine Adventure Co.,climbing
TrailBlazer Camping Tent,953,2024-09-07,Outdoor Pursuits Co.,camping gear
AdventurePro Backpack,616,2024-05-19,Nature's Best Gear,skiing
ExplorerX Hiking Boots,207,2025-05-25,Trailblazer Outfitters,climbing
ExplorerX Hiking Boots,705,2024-06-01,Trailblazer Supplies,mountain biking
TrailTracker GPS Device,330,2024-06-16,Nature's Edge Equipment,backpacking
OutdoorGear Hammock,971,2024-04-28,Trailblazer Outfitters,camping gear
OutdoorMaster Camping Stove,938,2024-08-28,Trailblazer Gear,camping gear
HikePro Trekking Poles,640,2025-08-30,Wilderness Outfitters,camping gear
AdventurePro Backpack,134,2025-08-28,Nature's Trail Gear,backpacking
ExplorerX Hiking Boots,303,2025-02-05,Nature's Trail Gear,hiking equipment
NatureSeeker Binoculars,447,2024-04-11,Expedition Outfitters,mountain biking
CampfirePro Cooking Set,647,2024-07-31,Peak Performance Gear,fishing supplies
TrailBlazer Camping Tent,94,2024-07-07,Trailblazer Gear,mountain biking
WildernessSurvivor Survival Kit,859,2024-03-09,Wildland Gear,backpacking
OutdoorMaster Camping Stove,902,2024-07-03,Pioneer Gearworks,climbing
OutdoorGear Hammock,970,2025-01-21,Adventure Gear Co.,mountain biking
CampfirePro Cooking Set,143,2024-10-03,Backcountry Bound,climbing
WildernessSurvivor Survival Kit,907,2024-09-30,Nature's Best Gear,camping gear
OutdoorGear Hammock,934,2024-06-20,Outdoor Pursuits Co.,hiking equipment
TrailBlazer Camping Tent,395,2024-12-10,Wilderness Outfitters,fishing supplies
NatureSeeker Binoculars,788,2025-01-28,Adventure Gear Co.,backpacking
TrailBlazer Camping Tent,909,2024-06-15,Adventure Gear Co.,hiking equipment
HikePro Trekking Poles,87,2025-01-31,Explorers Equipment,backpacking
TrailBlazer Camping Tent,297,2024-08-22,Explorers Equipment,hiking equipment
NatureSeeker Binoculars,591,2024-02-21,Wilderness Wares,hiking equipment
OutdoorMaster Camping Stove,322,2025-06-08,Backcountry Bound,climbing
OutdoorMaster Camping Stove,210,2025-02-11,Summit Seekers,mountain biking
TrailBlazer Camping Tent,870,2025-08-08,Adventure Gear Co.,fishing supplies
NatureSeeker Binoculars,397,2024-05-02,Outdoor Discovery Co.,skiing
TrailTracker GPS Device,13,2024-06-08,Wilderness Wares,skiing
OutdoorGear Hammock,374,2025-09-29,Outdoor Provisions Ltd.,hiking equipment
AdventurePro Backpack,949,2024-05-06,Outdoor Pursuits Co.,skiing
CampfirePro Cooking Set,186,2024-03-01,Summit Supplies,skiing
HikePro Trekking Poles,64,2025-01-01,Backcountry Bound,camping gear
TrailTracker GPS Device,302,2025-08-22,Backcountry Essentials,backpacking
HikePro Trekking Poles,5,2024-04-27,Outdoor Provisions Ltd.,hiking equipment
NatureSeeker Binoculars,332,2025-08-17,Summit Seekers,climbing
AdventurePro Backpack,827,2024-12-28,Pioneer Gearworks,hiking equipment
ExplorerX Hiking Boots,193,2025-09-11,Wilderness Wares,hiking equipment
WildernessSurvivor Survival Kit,462,2024-04-19,Outdoor Pursuits Co.,mountain biking
ExplorerX Hiking Boots,444,2024-07-03,Outdoor Discovery Co.,mountain biking
NatureSeeker Binoculars,972,2025-03-26,Backcountry Essentials,skiing
TrailBlazer Camping Tent,197,2024-09-14,Trailblazer Gear,camping gear
ExplorerX Hiking Boots,914,2024-05-03,Summit Supplies,backpacking
OutdoorMaster Camping Stove,301,2024-11-24,Summit Seekers,backpacking
TrailBlazer Camping Tent,327,2025-09-07,Explorers Equipment,mountain biking
TrailTracker GPS Device,875,2025-08-27,Outdoor Discovery Co.,skiing
NatureSeeker Binoculars,419,2024-04-06,Outdoor Gear Emporium,backpacking
AdventurePro Backpack,374,2025-04-05,Adventure Gear Co.,mountain biking
CampfirePro Cooking Set,909,2024-07-31,Peak Performance Gear,skiing
HikePro Trekking Poles,379,2024-08-21,Expedition Outfitters,backpacking
OutdoorGear Hammock,122,2025-05-29,Adventure Gear Co.,backpacking
CampfirePro Cooking Set,380,2024-09-20,Explorers Equipment,backpacking
AdventurePro Backpack,614,2025-07-18,Trailblazer Gear,mountain biking
TrailTracker GPS Device,292,2025-02-11,Explorers Equipment,hiking equipment
HikePro Trekking Poles,910,2025-03-22,Outdoor Pursuits Co.,fishing supplies
NatureSeeker Binoculars,628,2024-01-15,Adventure Gear Co.,mountain biking
TrailTracker GPS Device,511,2025-03-24,Trailblazer Gear,mountain biking
WildernessSurvivor Survival Kit,605,2024-05-02,Outdoor Gear Emporium,backpacking
TrailTracker GPS Device,169,2024-03-20,Nature's Edge Equipment,backpacking
AdventurePro Backpack,789,2025-07-30,Pioneer Gearworks,hiking equipment
TrailTracker GPS Device,927,2025-04-27,Outdoor Discovery Co.,mountain biking
NatureSeeker Binoculars,92,2024-10-02,Nature's Best Gear,climbing
OutdoorMaster Camping Stove,275,2025-04-10,Summit Seekers,hiking equipment
WildernessSurvivor Survival Kit,803,2024-03-25,Alpine Adventure Co.,hiking equipment
WildernessSurvivor Survival Kit,252,2025-04-16,Nature's Edge Equipment,mountain biking
CampfirePro Cooking Set,720,2025-06-05,Trailblazer Outfitters,camping gear
NatureSeeker Binoculars,900,2024-10-26,Adventure Gear Co.,mountain biking
NatureSeeker Binoculars,465,2024-04-21,Adventure Gear Co.,fishing supplies
TrailTracker GPS Device,843,2025-03-27,Outdoor Provisions Ltd.,skiing
TrailBlazer Camping Tent,993,2025-02-24,Alpine Adventure Co.,climbing
NatureSeeker Binoculars,568,2024-11-11,Explorers Equipment,backpacking
HikePro Trekking Poles,306,2024-05-17,Wilderness Wares,climbing
TrailTracker GPS Device,60,2024-11-16,Trailblazer Gear,fishing supplies
OutdoorMaster Camping Stove,290,2025-05-12,Adventure Seekers Gear,skiing
ExplorerX Hiking Boots,694,2024-09-05,Outdoor Pursuits Co.,climbing
TrailTracker GPS Device,516,2024-12-17,Nature's Trail Gear,climbing
AdventurePro Backpack,652,2025-01-25,Wilderness Outfitters,backpacking
ExplorerX Hiking Boots,332,2025-04-03,Alpine Adventure Co.,mountain biking
OutdoorGear Hammock,172,2025-06-04,Outdoor Pursuits Co.,backpacking
ExplorerX Hiking Boots,611,2025-01-10,Summit Seekers,hiking equipment
AdventurePro Backpack,644,2025-04-08,Trailblazer Gear,mountain biking
AdventurePro Backpack,141,2025-07-17,Adventure Seekers Gear,backpacking
AdventurePro Backpack,915,2025-04-02,Nature's Trail Gear,backpacking
ExplorerX Hiking Boots,750,2024-09-03,Explorer's Edge Equipment,skiing
OutdoorGear Hammock,858,2024-06-13,Expedition Outfitters,climbing
OutdoorGear Hammock,84,2024-05-19,Peak Performance Gear,mountain biking
HikePro Trekking Poles,877,2024-09-06,Trailblazer Supplies,camping gear
OutdoorGear Hammock,915,2025-01-01,Trailblazer Gear,mountain biking
NatureSeeker Binoculars,599,2025-05-16,Trailblazer Gear,mountain biking
AdventurePro Backpack,991,2024-04-19,Nature's Best Gear,climbing
NatureSeeker Binoculars,559,2024-05-10,Backcountry Essentials,fishing supplies
AdventurePro Backpack,397,2024-02-05,Trailblazer Outfitters,camping gear
ExplorerX Hiking Boots,491,2024-11-19,Adventure Seekers Gear,fishing supplies
NatureSeeker Binoculars,787,2025-01-23,Explorer's Edge Equipment,fishing supplies
OutdoorMaster Camping Stove,376,2024-08-22,Outdoor Provisions Ltd.,camping gear
ExplorerX Hiking Boots,919,2025-01-12,Peak Performance Gear,backpacking
AdventurePro Backpack,319,2025-03-09,Outdoor Gear Emporium,backpacking
HikePro Trekking Poles,351,2024-12-05,Outdoor Gear Emporium,skiing
TrailTracker GPS Device,759,2025-04-30,Trailblazer Outfitters,fishing supplies
OutdoorGear Hammock,423,2024-10-29,Adventure Gear Co.,skiing
WildernessSurvivor Survival Kit,214,2024-02-10,Outdoor Pursuits Co.,mountain biking
OutdoorMaster Camping Stove,924,2024-01-08,Explorers Equipment,backpacking
OutdoorGear Hammock,398,2025-04-25,Peak Performance Gear,climbing
CampfirePro Cooking Set,967,2024-07-01,Outdoor Discovery Co.,fishing supplies
TrailBlazer Camping Tent,350,2025-09-19,Outdoor Pursuits Co.,backpacking
AdventurePro Backpack,145,2025-01-10,Summit Seekers,hiking equipment
AdventurePro Backpack,701,2024-10-24,Wilderness Outfitters,skiing
AdventurePro Backpack,939,2025-04-03,Wilderness Wares,fishing supplies
ExplorerX Hiking Boots,828,2024-09-21,Pioneer Gearworks,backpacking
NatureSeeker Binoculars,580,2024-09-11,Explorer's Edge Equipment,hiking equipment
ExplorerX Hiking Boots,316,2024-01-04,Summit Seekers,camping gear
TrailBlazer Camping Tent,377,2025-04-21,Peak Performance Gear,skiing
AdventurePro Backpack,585,2024-12-16,Outdoor Discovery Co.,camping gear
AdventurePro Backpack,497,2024-03-25,Trailblazer Supplies,camping gear
TrailTracker GPS Device,910,2025-01-06,Backcountry Bound,backpacking
TrailBlazer Camping Tent,37,2024-11-09,Outdoor Provisions Ltd.,backpacking
CampfirePro Cooking Set,583,2025-09-24,Wildland Gear,camping gear
TrailBlazer Camping Tent,356,2024-08-10,Expedition Outfitters,skiing
HikePro Trekking Poles,261,2024-01-03,Outdoor Provisions Ltd.,backpacking
NatureSeeker Binoculars,94,2024-07-20,Explorer's Edge Equipment,climbing
ExplorerX Hiking Boots,778,2025-01-24,Backcountry Essentials,mountain biking
WildernessSurvivor Survival Kit,550,2024-05-12,Backcountry Essentials,skiing
OutdoorMaster Camping Stove,424,2024-07-17,Wilderness Wares,climbing
AdventurePro Backpack,207,2024-11-01,Nature's Edge Equipment,hiking equipment
ExplorerX Hiking Boots,168,2024-10-08,Summit Seekers,backpacking
TrailBlazer Camping Tent,380,2024-02-07,Expedition Outfitters,hiking equipment
OutdoorMaster Camping Stove,259,2024-02-20,Expedition Outfitters,backpacking
HikePro Trekking Poles,674,2024-06-08,Backcountry Bound,mountain biking
WildernessSurvivor Survival Kit,320,2025-04-02,Trailblazer Gear,hiking equipment
WildernessSurvivor Survival Kit,879,2025-01-04,Outdoor Pursuits Co.,mountain biking
WildernessSurvivor Survival Kit,930,2025-01-31,Explorers Equipment,backpacking
TrailBlazer Camping Tent,682,2024-10-28,Summit Seekers,mountain biking
CampfirePro Cooking Set,241,2024-07-13,Trailblazer Supplies,fishing supplies
NatureSeeker Binoculars,254,2024-07-20,Trailblazer Gear,camping gear
HikePro Trekking Poles,544,2024-07-15,Nature's Best Gear,skiing
AdventurePro Backpack,129,2024-05-30,Trailblazer Gear,skiing
NatureSeeker Binoculars,580,2025-03-30,Wilderness Outfitters,climbing
AdventurePro Backpack,959,2025-05-26,Expedition Outfitters,hiking equipment
TrailBlazer Camping Tent,385,2024-05-13,Trailblazer Gear,hiking equipment
OutdoorGear Hammock,91,2024-05-26,Wilderness Wares,backpacking
CampfirePro Cooking Set,94,2024-02-13,Wilderness Wares,skiing
OutdoorGear Hammock,927,2025-08-27,Summit Supplies,fishing supplies
WildernessSurvivor Survival Kit,930,2024-12-07,Peak Performance Gear,fishing supplies
OutdoorGear Hammock,669,2024-01-14,Explorer's Edge Equipment,skiing
HikePro Trekking Poles,550,2025-03-16,Nature's Best Gear,skiing
TrailBlazer Camping Tent,428,2024-01-16,Nature's Edge Equipment,hiking equipment
CampfirePro Cooking Set,63,2024-10-18,Adventure Seekers Gear,backpacking
TrailTracker GPS Device,572,2024-01-14,Alpine Adventure Co.,mountain biking
CampfirePro Cooking Set,135,2024-04-04,Expedition Outfitters,camping gear
AdventurePro Backpack,245,2024-05-10,Summit Seekers,mountain biking
OutdoorMaster Camping Stove,365,2024-10-16,Adventure Seekers Gear,hiking equipment
CampfirePro Cooking Set,14,2024-04-26,Explorer's Edge Equipment,hiking equipment
TrailTracker GPS Device,259,2024-05-28,Outdoor Discovery Co.,climbing
HikePro Trekking Poles,638,2024-06-10,Wilderness Outfitters,fishing supplies
AdventurePro Backpack,180,2025-01-30,Trailblazer Gear,climbing
NatureSeeker Binoculars,569,2024-11-19,Expedition Outfitters,hiking equipment
HikePro Trekking Poles,227,2024-10-20,Adventure Gear Co.,mountain biking
AdventurePro Backpack,762,2024-08-20,Expedition Outfitters,hiking equipment
TrailBlazer Camping Tent,805,2025-02-18,Wildland Gear,skiing
TrailTracker GPS Device,283,2025-06-13,Backcountry Essentials,climbing
TrailBlazer Camping Tent,635,2025-02-25,Adventure Seekers Gear,mountain biking
OutdoorMaster Camping Stove,56,2024-11-06,Pioneer Gearworks,skiing
OutdoorMaster Camping Stove,683,2024-01-21,Explorers Equipment,hiking equipment
AdventurePro Backpack,402,2025-03-31,Outdoor Pursuits Co.,backpacking
TrailTracker GPS Device,836,2024-02-09,Backcountry Essentials,camping gear
OutdoorMaster Camping Stove,331,2025-01-17,Trailblazer Supplies,mountain biking
CampfirePro Cooking Set,691,2025-05-14,Adventure Gear Co.,skiing
HikePro Trekking Poles,48,2025-06-20,Peak Performance Gear,mountain biking
WildernessSurvivor Survival Kit,73,2024-12-10,Outdoor Provisions Ltd.,skiing
TrailBlazer Camping Tent,161,2025-07-05,Outdoor Discovery Co.,fishing supplies
WildernessSurvivor Survival Kit,494,2024-07-06,Wilderness Wares,backpacking
HikePro Trekking Poles,206,2024-12-04,Outdoor Pursuits Co.,fishing supplies
OutdoorGear Hammock,666,2025-02-25,Explorer's Edge Equipment,camping gear
HikePro Trekking Poles,94,2025-04-19,Wildland Gear,fishing supplies
HikePro Trekking Poles,948,2024-11-11,Explorer's Edge Equipment,fishing supplies
ExplorerX Hiking Boots,382,2024-09-18,Summit Supplies,climbing
TrailTracker GPS Device,541,2024-06-13,Backcountry Essentials,climbing
NatureSeeker Binoculars,252,2025-03-03,Nature's Edge Equipment,hiking equipment
CampfirePro Cooking Set,708,2024-03-04,Wilderness Wares,skiing
WildernessSurvivor Survival Kit,240,2024-06-10,Explorers Equipment,hiking equipment
OutdoorMaster Camping Stove,53,2025-08-05,Explorer's Edge Equipment,camping gear
TrailTracker GPS Device,508,2024-02-05,Summit Supplies,camping gear
NatureSeeker Binoculars,890,2025-02-18,Adventure Seekers Gear,fishing supplies
CampfirePro Cooking Set,577,2025-08-12,Backcountry Bound,climbing
TrailTracker GPS Device,799,2025-07-02,Nature's Best Gear,skiing
TrailTracker GPS Device,302,2024-02-22,Trailblazer Supplies,skiing
ExplorerX Hiking Boots,620,2025-06-17,Wilderness Outfitters,hiking equipment
TrailBlazer Camping Tent,966,2024-10-26,Wilderness Outfitters,camping gear
TrailBlazer Camping Tent,651,2024-12-16,Trailblazer Supplies,backpacking
NatureSeeker Binoculars,395,2025-08-19,Outdoor Provisions Ltd.,fishing supplies
OutdoorMaster Camping Stove,240,2024-04-16,Trailblazer Supplies,skiing
OutdoorMaster Camping Stove,323,2024-06-12,Peak Performance Gear,hiking equipment
OutdoorMaster Camping Stove,696,2025-05-08,Alpine Adventure Co.,camping gear
OutdoorMaster Camping Stove,556,2024-05-03,Peak Performance Gear,backpacking
HikePro Trekking Poles,913,2024-05-30,Summit Seekers,hiking equipment
AdventurePro Backpack,276,2024-06-24,Nature's Best Gear,climbing
OutdoorMaster Camping Stove,537,2024-12-18,Backcountry Bound,backpacking
AdventurePro Backpack,564,2025-04-01,Wilderness Wares,climbing
OutdoorMaster Camping Stove,623,2024-07-22,Explorers Equipment,mountain biking
TrailBlazer Camping Tent,727,2024-08-28,Summit Supplies,hiking equipment
OutdoorMaster Camping Stove,628,2025-05-08,Backcountry Bound,mountain biking
AdventurePro Backpack,797,2025-04-24,Nature's Best Gear,hiking equipment
AdventurePro Backpack,28,2025-08-04,Summit Seekers,mountain biking
TrailTracker GPS Device,537,2024-08-07,Backcountry Bound,backpacking
TrailTracker GPS Device,15,2024-08-30,Outdoor Discovery Co.,backpacking
WildernessSurvivor Survival Kit,206,2024-05-19,Peak Performance Gear,climbing
AdventurePro Backpack,463,2024-04-08,Pioneer Gearworks,backpacking
NatureSeeker Binoculars,234,2025-06-03,Outdoor Provisions Ltd.,climbing
CampfirePro Cooking Set,27,2024-03-22,Nature's Best Gear,climbing
OutdoorMaster Camping Stove,2,2024-11-17,Pioneer Gearworks,camping gear
TrailTracker GPS Device,298,2024-01-11,Outdoor Provisions Ltd.,hiking equipment
WildernessSurvivor Survival Kit,481,2025-07-01,Nature's Edge Equipment,climbing
AdventurePro Backpack,734,2024-09-19,Trailblazer Outfitters,backpacking
ExplorerX Hiking Boots,308,2024-06-23,Pioneer Gearworks,skiing
WildernessSurvivor Survival Kit,153,2024-03-21,Nature's Trail Gear,camping gear
OutdoorGear Hammock,69,2024-04-07,Trailblazer Supplies,hiking equipment
AdventurePro Backpack,664,2025-07-27,Nature's Edge Equipment,skiing
WildernessSurvivor Survival Kit,338,2025-09-03,Nature's Edge Equipment,camping gear
CampfirePro Cooking Set,960,2025-08-11,Summit Supplies,mountain biking
TrailTracker GPS Device,815,2025-04-19,Wildland Gear,fishing supplies
HikePro Trekking Poles,264,2025-02-18,Summit Seekers,hiking equipment
ExplorerX Hiking Boots,849,2024-05-14,Backcountry Bound,fishing supplies
OutdoorMaster Camping Stove,690,2024-01-02,Adventure Gear Co.,climbing
HikePro Trekking Poles,827,2024-03-27,Backcountry Essentials,fishing supplies
WildernessSurvivor Survival Kit,590,2025-08-08,Trailblazer Outfitters,backpacking
OutdoorMaster Camping Stove,892,2024-01-26,Wildland Gear,backpacking
TrailBlazer Camping Tent,522,2025-06-19,Explorer's Edge Equipment,camping gear
AdventurePro Backpack,299,2024-09-26,Summit Seekers,mountain biking
WildernessSurvivor Survival Kit,798,2024-04-03,Outdoor Pursuits Co.,backpacking
OutdoorMaster Camping Stove,735,2025-06-21,Wildland Gear,fishing supplies
ExplorerX Hiking Boots,979,2024-09-26,Wilderness Outfitters,backpacking
OutdoorGear Hammock,900,2024-11-27,Trailblazer Supplies,fishing supplies
CampfirePro Cooking Set,465,2025-05-18,Pioneer Gearworks,camping gear
WildernessSurvivor Survival Kit,608,2024-12-06,Backcountry Essentials,fishing supplies
WildernessSurvivor Survival Kit,930,2024-04-15,Explorer's Edge Equipment,hiking equipment
OutdoorGear Hammock,481,2024-03-06,Wilderness Outfitters,mountain biking
TrailBlazer Camping Tent,781,2025-01-05,Explorers Equipment,hiking equipment
CampfirePro Cooking Set,998,2025-06-11,Expedition Outfitters,fishing supplies
WildernessSurvivor Survival Kit,524,2024-08-18,Pioneer Gearworks,backpacking
AdventurePro Backpack,315,2024-04-05,Nature's Best Gear,fishing supplies
HikePro Trekking Poles,178,2025-07-12,Adventure Gear Co.,fishing supplies
TrailTracker GPS Device,145,2024-12-21,Backcountry Essentials,camping gear
HikePro Trekking Poles,291,2025-03-24,Explorers Equipment,mountain biking
HikePro Trekking Poles,895,2024-11-14,Outdoor Provisions Ltd.,hiking equipment
OutdoorMaster Camping Stove,789,2024-01-11,Summit Seekers,camping gear
AdventurePro Backpack,507,2025-03-10,Trailblazer Gear,climbing
CampfirePro Cooking Set,110,2024-11-30,Wildland Gear,climbing
CampfirePro Cooking Set,603,2025-03-05,Expedition Outfitters,hiking equipment
TrailTracker GPS Device,297,2025-04-16,Expedition Outfitters,fishing supplies
TrailTracker GPS Device,821,2024-12-16,Adventure Seekers Gear,backpacking
NatureSeeker Binoculars,809,2024-06-10,Trailblazer Supplies,hiking equipment
HikePro Trekking Poles,810,2024-04-10,Wildland Gear,skiing
OutdoorMaster Camping Stove,217,2024-03-01,Outdoor Gear Emporium,climbing
WildernessSurvivor Survival Kit,666,2025-08-16,Alpine Adventure Co.,mountain biking
OutdoorGear Hammock,944,2024-12-12,Alpine Adventure Co.,hiking equipment
TrailBlazer Camping Tent,278,2025-03-19,Trailblazer Outfitters,fishing supplies
NatureSeeker Binoculars,505,2025-09-02,Adventure Seekers Gear,fishing supplies
NatureSeeker Binoculars,37,2025-09-23,Trailblazer Supplies,backpacking
ExplorerX Hiking Boots,980,2024-09-15,Adventure Gear Co.,backpacking
ExplorerX Hiking Boots,971,2024-07-30,Summit Supplies,hiking equipment
OutdoorGear Hammock,606,2025-02-17,Wilderness Wares,skiing
OutdoorGear Hammock,203,2024-06-30,Outdoor Discovery Co.,backpacking
AdventurePro Backpack,339,2025-04-15,Peak Performance Gear,mountain biking
HikePro Trekking Poles,808,2024-10-28,Trailblazer Gear,climbing
WildernessSurvivor Survival Kit,371,2025-04-11,Trailblazer Gear,camping gear
AdventurePro Backpack,773,2025-01-07,Backcountry Bound,backpacking
OutdoorMaster Camping Stove,264,2025-02-14,Nature's Best Gear,skiing
OutdoorMaster Camping Stove,746,2025-05-26,Nature's Edge Equipment,camping gear
CampfirePro Cooking Set,314,2025-09-29,Summit Seekers,backpacking
OutdoorMaster Camping Stove,704,2025-01-07,Outdoor Pursuits Co.,skiing
HikePro Trekking Poles,943,2025-08-07,Summit Seekers,camping gear
OutdoorMaster Camping Stove,347,2024-12-04,Summit Supplies,camping gear
OutdoorMaster Camping Stove,384,2024-03-03,Nature's Trail Gear,hiking equipment
HikePro Trekking Poles,503,2024-01-18,Outdoor Discovery Co.,climbing
WildernessSurvivor Survival Kit,680,2025-07-31,Backcountry Essentials,backpacking
OutdoorMaster Camping Stove,366,2024-10-28,Peak Performance Gear,mountain biking
TrailTracker GPS Device,266,2025-01-14,Adventure Seekers Gear,skiing
ExplorerX Hiking Boots,698,2025-02-16,Expedition Outfitters,climbing
WildernessSurvivor Survival Kit,942,2024-11-02,Outdoor Provisions Ltd.,skiing
TrailTracker GPS Device,119,2025-02-12,Alpine Adventure Co.,backpacking
WildernessSurvivor Survival Kit,847,2024-08-13,Explorers Equipment,mountain biking
OutdoorGear Hammock,521,2025-04-30,Explorer's Edge Equipment,hiking equipment
AdventurePro Backpack,127,2025-04-14,Trailblazer Gear,mountain biking
AdventurePro Backpack,328,2024-07-09,Backcountry Bound,backpacking
CampfirePro Cooking Set,986,2025-04-14,Outdoor Discovery Co.,camping gear
OutdoorGear Hammock,739,2025-02-04,Trailblazer Gear,camping gear
ExplorerX Hiking Boots,707,2025-01-22,Outdoor Provisions Ltd.,hiking equipment
ExplorerX Hiking Boots,919,2024-10-23,Alpine Adventure Co.,hiking equipment
CampfirePro Cooking Set,251,2024-10-12,Nature's Edge Equipment,hiking equipment
CampfirePro Cooking Set,250,2024-02-23,Wildland Gear,skiing
TrailTracker GPS Device,31,2024-01-25,Backcountry Bound,backpacking
HikePro Trekking Poles,558,2025-08-06,Adventure Seekers Gear,backpacking
ExplorerX Hiking Boots,224,2024-08-30,Summit Supplies,camping gear
HikePro Trekking Poles,253,2025-07-30,Pioneer Gearworks,climbing
WildernessSurvivor Survival Kit,371,2025-06-02,Summit Supplies,mountain biking
OutdoorGear Hammock,314,2025-06-07,Peak Performance Gear,backpacking
TrailTracker GPS Device,955,2025-09-03,Summit Seekers,skiing
ExplorerX Hiking Boots,143,2024-08-11,Wilderness Outfitters,camping gear
WildernessSurvivor Survival Kit,334,2025-07-26,Pioneer Gearworks,hiking equipment
OutdoorMaster Camping Stove,223,2024-01-11,Outdoor Discovery Co.,fishing supplies
TrailTracker GPS Device,987,2025-06-22,Explorers Equipment,camping gear
OutdoorGear Hammock,779,2024-05-21,Adventure Gear Co.,backpacking
AdventurePro Backpack,1000,2024-11-16,Peak Performance Gear,skiing
CampfirePro Cooking Set,893,2024-12-16,Alpine Adventure Co.,fishing supplies
AdventurePro Backpack,730,2024-05-01,Outdoor Provisions Ltd.,fishing supplies
TrailTracker GPS Device,2,2025-07-24,Backcountry Essentials,backpacking
ExplorerX Hiking Boots,965,2025-05-14,Explorer's Edge Equipment,camping gear
AdventurePro Backpack,86,2025-06-25,Adventure Seekers Gear,mountain biking
WildernessSurvivor Survival Kit,690,2024-03-24,Alpine Adventure Co.,skiing
OutdoorMaster Camping Stove,908,2024-07-01,Peak Performance Gear,camping gear
AdventurePro Backpack,767,2024-06-09,Nature's Trail Gear,hiking equipment
HikePro Trekking Poles,809,2024-01-05,Explorers Equipment,climbing
OutdoorGear Hammock,630,2024-07-04,Adventure Gear Co.,backpacking
TrailBlazer Camping Tent,6,2024-02-02,Wilderness Wares,climbing
TrailBlazer Camping Tent,156,2024-07-14,Wildland Gear,mountain biking
NatureSeeker Binoculars,638,2025-06-09,Outdoor Provisions Ltd.,fishing supplies
TrailBlazer Camping Tent,735,2024-04-28,Outdoor Pursuits Co.,climbing
TrailBlazer Camping Tent,78,2024-03-18,Trailblazer Supplies,fishing supplies
TrailBlazer Camping Tent,860,2024-09-27,Backcountry Bound,backpacking
OutdoorGear Hammock,965,2025-02-09,Outdoor Discovery Co.,camping gear
WildernessSurvivor Survival Kit,9,2024-03-13,Nature's Trail Gear,skiing
HikePro Trekking Poles,637,2025-08-25,Alpine Adventure Co.,fishing supplies
AdventurePro Backpack,885,2024-06-06,Trailblazer Outfitters,mountain biking
NatureSeeker Binoculars,540,2024-05-15,Wilderness Wares,mountain biking
OutdoorGear Hammock,733,2024-05-03,Trailblazer Supplies,camping gear
AdventurePro Backpack,604,2024-09-15,Adventure Gear Co.,hiking equipment
WildernessSurvivor Survival Kit,357,2024-06-25,Outdoor Gear Emporium,climbing
WildernessSurvivor Survival Kit,980,2025-01-03,Outdoor Provisions Ltd.,camping gear
OutdoorMaster Camping Stove,1,2024-03-17,Pioneer Gearworks,skiing
OutdoorGear Hammock,951,2025-01-21,Explorer's Edge Equipment,backpacking
AdventurePro Backpack,667,2025-05-19,Adventure Gear Co.,camping gear
OutdoorMaster Camping Stove,479,2024-02-03,Summit Seekers,mountain biking
NatureSeeker Binoculars,518,2024-07-22,Outdoor Gear Emporium,fishing supplies
CampfirePro Cooking Set,806,2025-05-08,Nature's Best Gear,skiing
NatureSeeker Binoculars,199,2025-04-01,Summit Supplies,backpacking
ExplorerX Hiking Boots,249,2025-01-23,Adventure Gear Co.,skiing
OutdoorMaster Camping Stove,636,2024-05-28,Nature's Trail Gear,skiing
HikePro Trekking Poles,856,2024-01-14,Backcountry Essentials,backpacking
NatureSeeker Binoculars,506,2024-05-26,Adventure Gear Co.,backpacking
WildernessSurvivor Survival Kit,779,2025-09-23,Explorer's Edge Equipment,backpacking
TrailTracker GPS Device,968,2024-01-12,Wilderness Wares,skiing
WildernessSurvivor Survival Kit,957,2025-06-29,Summit Supplies,hiking equipment
AdventurePro Backpack,58,2024-08-08,Pioneer Gearworks,mountain biking
OutdoorGear Hammock,935,2024-01-26,Trailblazer Supplies,hiking equipment
AdventurePro Backpack,202,2025-03-25,Outdoor Provisions Ltd.,backpacking
TrailTracker GPS Device,788,2024-11-06,Adventure Seekers Gear,fishing supplies
CampfirePro Cooking Set,447,2024-03-08,Expedition Outfitters,mountain biking
ExplorerX Hiking Boots,490,2024-12-04,Outdoor Gear Emporium,fishing supplies
HikePro Trekking Poles,586,2024-05-31,Outdoor Gear Emporium,fishing supplies
NatureSeeker Binoculars,468,2024-03-08,Nature's Best Gear,mountain biking
TrailTracker GPS Device,569,2024-11-21,Summit Seekers,backpacking
NatureSeeker Binoculars,493,2024-06-29,Wilderness Wares,fishing supplies
TrailBlazer Camping Tent,405,2025-01-08,Summit Supplies,fishing supplies
HikePro Trekking Poles,683,2024-04-12,Nature's Edge Equipment,camping gear
WildernessSurvivor Survival Kit,775,2025-09-20,Outdoor Discovery Co.,hiking equipment
OutdoorMaster Camping Stove,667,2024-04-30,Pioneer Gearworks,climbing
OutdoorGear Hammock,616,2024-12-12,Trailblazer Gear,skiing
HikePro Trekking Poles,712,2024-10-17,Trailblazer Gear,fishing supplies
TrailBlazer Camping Tent,218,2024-04-02,Wilderness Wares,camping gear
NatureSeeker Binoculars,833,2025-02-23,Wilderness Outfitters,skiing
NatureSeeker Binoculars,93,2024-03-06,Alpine Adventure Co.,skiing
CampfirePro Cooking Set,830,2024-08-19,Adventure Seekers Gear,mountain biking
OutdoorGear Hammock,486,2024-02-02,Wildland Gear,camping gear
NatureSeeker Binoculars,490,2024-01-31,Backcountry Essentials,fishing supplies
OutdoorMaster Camping Stove,480,2024-03-16,Explorer's Edge Equipment,camping gear
OutdoorMaster Camping Stove,222,2024-09-01,Wilderness Wares,skiing
AdventurePro Backpack,894,2025-01-03,Alpine Adventure Co.,backpacking
TrailTracker GPS Device,963,2024-05-14,Alpine Adventure Co.,mountain biking
WildernessSurvivor Survival Kit,576,2024-02-22,Outdoor Gear Emporium,mountain biking
OutdoorGear Hammock,115,2024-06-06,Trailblazer Gear,skiing
OutdoorGear Hammock,836,2024-11-26,Backcountry Bound,mountain biking
TrailBlazer Camping Tent,87,2024-09-29,Backcountry Bound,mountain biking
OutdoorGear Hammock,259,2025-02-09,Peak Performance Gear,backpacking
NatureSeeker Binoculars,390,2024-07-21,Outdoor Pursuits Co.,hiking equipment
AdventurePro Backpack,113,2024-10-12,Backcountry Essentials,mountain biking
TrailTracker GPS Device,708,2025-07-04,Backcountry Essentials,camping gear
AdventurePro Backpack,409,2024-05-31,Explorer's Edge Equipment,mountain biking
TrailTracker GPS Device,482,2024-06-28,Outdoor Pursuits Co.,backpacking
OutdoorMaster Camping Stove,596,2025-06-10,Backcountry Essentials,climbing
AdventurePro Backpack,456,2025-08-24,Nature's Best Gear,backpacking
AdventurePro Backpack,152,2024-02-20,Backcountry Essentials,hiking equipment
NatureSeeker Binoculars,932,2025-05-14,Trailblazer Gear,backpacking
OutdoorMaster Camping Stove,290,2025-06-15,Adventure Gear Co.,camping gear
HikePro Trekking Poles,425,2024-06-18,Summit Seekers,camping gear
OutdoorMaster Camping Stove,419,2024-02-13,Outdoor Gear Emporium,climbing
TrailTracker GPS Device,241,2025-08-30,Nature's Trail Gear,climbing
HikePro Trekking Poles,454,2024-01-24,Outdoor Pursuits Co.,backpacking
ExplorerX Hiking Boots,836,2025-08-29,Outdoor Provisions Ltd.,camping gear
HikePro Trekking Poles,998,2025-03-08,Alpine Adventure Co.,mountain biking
OutdoorGear Hammock,186,2024-02-08,Expedition Outfitters,backpacking
AdventurePro Backpack,688,2025-09-26,Backcountry Bound,backpacking
ExplorerX Hiking Boots,641,2025-01-28,Backcountry Bound,camping gear
TrailTracker GPS Device,869,2024-09-27,Trailblazer Gear,backpacking
CampfirePro Cooking Set,772,2024-04-28,Trailblazer Outfitters,fishing supplies
ExplorerX Hiking Boots,140,2024-08-26,Adventure Gear Co.,skiing
NatureSeeker Binoculars,751,2024-09-24,Adventure Seekers Gear,skiing
TrailBlazer Camping Tent,688,2024-07-08,Nature's Edge Equipment,fishing supplies
CampfirePro Cooking Set,92,2024-03-30,Outdoor Gear Emporium,skiing
HikePro Trekking Poles,918,2024-11-01,Outdoor Pursuits Co.,backpacking
HikePro Trekking Poles,379,2024-04-16,Adventure Seekers Gear,climbing
WildernessSurvivor Survival Kit,572,2024-06-02,Adventure Gear Co.,mountain biking
OutdoorGear Hammock,349,2025-09-05,Adventure Gear Co.,hiking equipment
AdventurePro Backpack,850,2024-10-31,Trailblazer Supplies,hiking equipment
ExplorerX Hiking Boots,310,2024-04-07,Summit Supplies,skiing
TrailBlazer Camping Tent,714,2025-07-31,Outdoor Provisions Ltd.,skiing
TrailTracker GPS Device,550,2024-09-09,Wilderness Outfitters,camping gear
OutdoorMaster Camping Stove,480,2024-05-14,Nature's Edge Equipment,camping gear
AdventurePro Backpack,608,2024-02-11,Wilderness Wares,fishing supplies
AdventurePro Backpack,52,2025-04-27,Backcountry Essentials,mountain biking
TrailTracker GPS Device,848,2025-04-25,Outdoor Pursuits Co.,climbing
ExplorerX Hiking Boots,415,2024-09-14,Summit Seekers,mountain biking
WildernessSurvivor Survival Kit,156,2024-09-01,Backcountry Bound,climbing
OutdoorMaster Camping Stove,602,2025-04-07,Wilderness Outfitters,climbing
OutdoorGear Hammock,663,2024-02-13,Adventure Gear Co.,mountain biking
AdventurePro Backpack,181,2024-02-28,Expedition Outfitters,fishing supplies
AdventurePro Backpack,363,2024-06-10,Outdoor Gear Emporium,climbing
WildernessSurvivor Survival Kit,667,2024-01-18,Outdoor Gear Emporium,fishing supplies
OutdoorGear Hammock,177,2025-02-12,Summit Seekers,climbing
NatureSeeker Binoculars,463,2024-01-31,Adventure Gear Co.,backpacking
OutdoorGear Hammock,35,2024-12-04,Summit Seekers,skiing
TrailBlazer Camping Tent,852,2024-09-26,Expedition Outfitters,fishing supplies
OutdoorGear Hammock,905,2024-05-14,Summit Seekers,backpacking
WildernessSurvivor Survival Kit,459,2025-09-25,Peak Performance Gear,mountain biking
CampfirePro Cooking Set,233,2024-07-06,Nature's Edge Equipment,backpacking
AdventurePro Backpack,578,2025-01-03,Summit Supplies,mountain biking
OutdoorGear Hammock,594,2024-05-20,Peak Performance Gear,camping gear
NatureSeeker Binoculars,381,2024-05-20,Wildland Gear,backpacking
ExplorerX Hiking Boots,129,2024-05-30,Wildland Gear,climbing
WildernessSurvivor Survival Kit,736,2025-01-07,Pioneer Gearworks,skiing
OutdoorGear Hammock,622,2025-08-03,Backcountry Essentials,backpacking
CampfirePro Cooking Set,165,2025-04-15,Trailblazer Supplies,climbing
HikePro Trekking Poles,969,2025-04-09,Adventure Gear Co.,hiking equipment
CampfirePro Cooking Set,727,2025-03-07,Wilderness Outfitters,backpacking
AdventurePro Backpack,235,2025-02-03,Adventure Seekers Gear,climbing
AdventurePro Backpack,639,2025-03-21,Outdoor Discovery Co.,mountain biking
HikePro Trekking Poles,760,2025-07-15,Expedition Outfitters,climbing
TrailTracker GPS Device,128,2024-04-04,Alpine Adventure Co.,camping gear
TrailTracker GPS Device,780,2025-02-15,Backcountry Essentials,climbing
TrailTracker GPS Device,95,2025-05-13,Outdoor Gear Emporium,fishing supplies
TrailBlazer Camping Tent,956,2025-05-26,Trailblazer Outfitters,skiing
OutdoorGear Hammock,426,2025-08-31,Trailblazer Supplies,camping gear
ExplorerX Hiking Boots,459,2025-08-19,Adventure Gear Co.,hiking equipment
OutdoorMaster Camping Stove,936,2025-05-20,Explorers Equipment,climbing
OutdoorMaster Camping Stove,143,2025-08-25,Wilderness Wares,climbing
WildernessSurvivor Survival Kit,380,2024-09-24,Outdoor Gear Emporium,backpacking
NatureSeeker Binoculars,992,2025-06-01,Trailblazer Outfitters,mountain biking
TrailBlazer Camping Tent,419,2024-07-30,Wilderness Wares,backpacking
TrailBlazer Camping Tent,259,2024-07-05,Outdoor Discovery Co.,mountain biking
OutdoorGear Hammock,927,2024-06-10,Outdoor Pursuits Co.,backpacking
NatureSeeker Binoculars,268,2025-08-22,Summit Supplies,fishing supplies
NatureSeeker Binoculars,853,2024-10-28,Expedition Outfitters,camping gear
ExplorerX Hiking Boots,723,2024-11-15,Trailblazer Supplies,backpacking
OutdoorGear Hammock,145,2025-04-30,Wilderness Outfitters,mountain biking
OutdoorGear Hammock,968,2025-07-28,Outdoor Provisions Ltd.,mountain biking
TrailTracker GPS Device,465,2025-02-08,Nature's Edge Equipment,skiing
HikePro Trekking Poles,19,2024-04-01,Backcountry Bound,backpacking
OutdoorGear Hammock,392,2025-07-09,Outdoor Gear Emporium,mountain biking
NatureSeeker Binoculars,811,2025-05-19,Backcountry Essentials,fishing supplies
TrailBlazer Camping Tent,176,2025-02-19,Peak Performance Gear,backpacking
NatureSeeker Binoculars,921,2024-05-04,Peak Performance Gear,camping gear
OutdoorGear Hammock,364,2024-12-27,Nature's Trail Gear,skiing
CampfirePro Cooking Set,25,2024-11-08,Alpine Adventure Co.,fishing supplies
AdventurePro Backpack,354,2024-08-20,Outdoor Discovery Co.,camping gear
CampfirePro Cooking Set,508,2024-04-16,Summit Seekers,backpacking
TrailBlazer Camping Tent,50,2024-06-03,Peak Performance Gear,hiking equipment
TrailBlazer Camping Tent,420,2024-01-10,Trailblazer Supplies,fishing supplies
HikePro Trekking Poles,222,2025-09-09,Pioneer Gearworks,fishing supplies
NatureSeeker Binoculars,590,2025-05-16,Wildland Gear,climbing
CampfirePro Cooking Set,129,2025-03-09,Alpine Adventure Co.,hiking equipment
ExplorerX Hiking Boots,450,2024-10-23,Explorers Equipment,skiing
AdventurePro Backpack,241,2024-12-02,Wilderness Wares,hiking equipment
CampfirePro Cooking Set,123,2024-09-30,Trailblazer Supplies,fishing supplies
HikePro Trekking Poles,34,2024-08-04,Trailblazer Gear,climbing
TrailBlazer Camping Tent,307,2025-08-08,Alpine Adventure Co.,climbing
TrailTracker GPS Device,540,2025-02-05,Expedition Outfitters,fishing supplies
TrailBlazer Camping Tent,807,2025-08-17,Trailblazer Outfitters,skiing
OutdoorGear Hammock,314,2024-05-03,Trailblazer Supplies,skiing
OutdoorMaster Camping Stove,98,2025-05-27,Wildland Gear,skiing
CampfirePro Cooking Set,164,2025-01-10,Wilderness Outfitters,camping gear
TrailBlazer Camping Tent,950,2024-03-30,Trailblazer Supplies,hiking equipment
AdventurePro Backpack,533,2024-06-17,Nature's Best Gear,hiking equipment
AdventurePro Backpack,532,2025-01-31,Backcountry Essentials,camping gear
WildernessSurvivor Survival Kit,880,2025-09-22,Outdoor Gear Emporium,camping gear
AdventurePro Backpack,916,2024-01-12,Nature's Best Gear,backpacking
AdventurePro Backpack,430,2024-03-24,Trailblazer Outfitters,climbing
HikePro Trekking Poles,276,2024-07-25,Summit Supplies,camping gear
CampfirePro Cooking Set,873,2025-02-04,Expedition Outfitters,skiing
AdventurePro Backpack,515,2025-03-29,Outdoor Gear Emporium,climbing
HikePro Trekking Poles,461,2025-01-30,Adventure Gear Co.,climbing
NatureSeeker Binoculars,706,2024-11-23,Nature's Edge Equipment,mountain biking
OutdoorMaster Camping Stove,144,2025-02-22,Nature's Best Gear,fishing supplies
ExplorerX Hiking Boots,995,2025-03-12,Pioneer Gearworks,hiking equipment
TrailTracker GPS Device,690,2024-04-02,Outdoor Gear Emporium,climbing
OutdoorGear Hammock,587,2024-02-06,Wilderness Wares,camping gear
OutdoorGear Hammock,885,2025-09-11,Pioneer Gearworks,climbing
WildernessSurvivor Survival Kit,195,2025-09-13,Explorers Equipment,backpacking
OutdoorGear Hammock,164,2024-01-17,Trailblazer Outfitters,hiking equipment
TrailBlazer Camping Tent,408,2025-05-11,Adventure Gear Co.,hiking equipment
AdventurePro Backpack,234,2025-03-13,Trailblazer Supplies,skiing
CampfirePro Cooking Set,717,2024-09-22,Explorers Equipment,skiing
CampfirePro Cooking Set,988,2025-05-04,Nature's Trail Gear,camping gear
OutdoorGear Hammock,550,2025-02-28,Trailblazer Gear,skiing
NatureSeeker Binoculars,359,2024-03-13,Wildland Gear,hiking equipment
TrailBlazer Camping Tent,231,2025-03-27,Nature's Edge Equipment,hiking equipment
WildernessSurvivor Survival Kit,194,2025-02-10,Summit Seekers,mountain biking
TrailTracker GPS Device,150,2024-09-07,Outdoor Pursuits Co.,backpacking
OutdoorMaster Camping Stove,695,2024-10-09,Outdoor Discovery Co.,fishing supplies
TrailBlazer Camping Tent,325,2025-07-04,Pioneer Gearworks,camping gear
HikePro Trekking Poles,768,2024-12-19,Trailblazer Gear,hiking equipment
TrailBlazer Camping Tent,730,2025-04-02,Nature's Trail Gear,hiking equipment
NatureSeeker Binoculars,264,2025-03-04,Summit Seekers,fishing supplies
ExplorerX Hiking Boots,234,2024-02-21,Peak Performance Gear,backpacking
OutdoorGear Hammock,943,2025-08-23,Trailblazer Supplies,fishing supplies
OutdoorMaster Camping Stove,220,2025-04-06,Pioneer Gearworks,hiking equipment
TrailTracker GPS Device,553,2024-05-04,Peak Performance Gear,climbing
ExplorerX Hiking Boots,827,2024-05-02,Nature's Best Gear,fishing supplies
OutdoorGear Hammock,141,2024-10-19,Wilderness Wares,camping gear
OutdoorMaster Camping Stove,164,2024-06-29,Outdoor Pursuits Co.,fishing supplies
TrailBlazer Camping Tent,260,2025-06-04,Outdoor Provisions Ltd.,skiing
TrailTracker GPS Device,527,2024-04-15,Backcountry Essentials,climbing
HikePro Trekking Poles,255,2024-05-04,Peak Performance Gear,backpacking
CampfirePro Cooking Set,419,2024-04-11,Nature's Best Gear,hiking equipment
CampfirePro Cooking Set,703,2024-12-18,Summit Seekers,fishing supplies
NatureSeeker Binoculars,256,2025-08-08,Explorers Equipment,backpacking
WildernessSurvivor Survival Kit,807,2024-11-08,Outdoor Pursuits Co.,skiing
ExplorerX Hiking Boots,544,2024-07-14,Summit Supplies,backpacking
OutdoorMaster Camping Stove,59,2024-11-18,Adventure Seekers Gear,hiking equipment
TrailBlazer Camping Tent,501,2024-05-18,Nature's Best Gear,fishing supplies
CampfirePro Cooking Set,493,2024-03-30,Outdoor Gear Emporium,skiing
CampfirePro Cooking Set,229,2024-07-28,Nature's Trail Gear,hiking equipment
ExplorerX Hiking Boots,94,2025-06-19,Outdoor Pursuits Co.,hiking equipment
WildernessSurvivor Survival Kit,59,2024-10-24,Pioneer Gearworks,skiing
OutdoorMaster Camping Stove,339,2024-01-05,Wilderness Outfitters,mountain biking
CampfirePro Cooking Set,251,2024-05-18,Nature's Best Gear,fishing supplies
OutdoorGear Hammock,418,2025-02-25,Summit Supplies,fishing supplies
AdventurePro Backpack,735,2024-04-26,Adventure Seekers Gear,backpacking
TrailBlazer Camping Tent,304,2024-08-02,Outdoor Provisions Ltd.,hiking equipment
TrailBlazer Camping Tent,891,2025-08-30,Expedition Outfitters,hiking equipment
TrailTracker GPS Device,694,2024-12-03,Pioneer Gearworks,hiking equipment
TrailBlazer Camping Tent,214,2025-02-08,Wildland Gear,backpacking
ExplorerX Hiking Boots,950,2024-01-24,Alpine Adventure Co.,hiking equipment
OutdoorGear Hammock,643,2024-12-11,Alpine Adventure Co.,hiking equipment
AdventurePro Backpack,764,2024-11-30,Adventure Gear Co.,mountain biking
NatureSeeker Binoculars,642,2025-06-19,Outdoor Gear Emporium,climbing
TrailTracker GPS Device,142,2024-02-28,Adventure Seekers Gear,climbing
ExplorerX Hiking Boots,629,2024-09-19,Adventure Seekers Gear,backpacking
AdventurePro Backpack,945,2025-08-04,Trailblazer Gear,climbing
HikePro Trekking Poles,419,2024-03-29,Adventure Seekers Gear,camping gear
OutdoorGear Hammock,552,2024-12-25,Alpine Adventure Co.,fishing supplies
OutdoorGear Hammock,792,2025-04-27,Summit Seekers,skiing
OutdoorMaster Camping Stove,168,2025-09-21,Alpine Adventure Co.,backpacking
ExplorerX Hiking Boots,444,2025-08-03,Adventure Gear Co.,skiing
HikePro Trekking Poles,723,2024-12-13,Outdoor Discovery Co.,skiing
TrailBlazer Camping Tent,173,2025-03-06,Backcountry Bound,camping gear
TrailBlazer Camping Tent,529,2025-09-19,Nature's Edge Equipment,skiing
TrailBlazer Camping Tent,819,2025-08-20,Wildland Gear,camping gear
CampfirePro Cooking Set,218,2025-03-14,Backcountry Essentials,mountain biking
NatureSeeker Binoculars,855,2025-06-29,Nature's Edge Equipment,hiking equipment
OutdoorMaster Camping Stove,987,2024-02-03,Summit Supplies,camping gear
OutdoorGear Hammock,778,2024-08-24,Explorer's Edge Equipment,climbing
WildernessSurvivor Survival Kit,420,2024-08-05,Wilderness Wares,backpacking
AdventurePro Backpack,820,2025-02-28,Wildland Gear,hiking equipment
TrailBlazer Camping Tent,257,2024-06-29,Backcountry Bound,climbing
WildernessSurvivor Survival Kit,796,2025-09-09,Wildland Gear,skiing
TrailTracker GPS Device,212,2024-08-13,Peak Performance Gear,fishing supplies
ExplorerX Hiking Boots,436,2024-03-04,Outdoor Provisions Ltd.,climbing
OutdoorGear Hammock,188,2024-07-03,Explorers Equipment,skiing
TrailBlazer Camping Tent,340,2024-02-28,Trailblazer Gear,backpacking
CampfirePro Cooking Set,978,2024-06-02,Explorer's Edge Equipment,camping gear
NatureSeeker Binoculars,845,2025-03-30,Backcountry Bound,camping gear
CampfirePro Cooking Set,103,2024-08-01,Backcountry Essentials,skiing
ExplorerX Hiking Boots,468,2025-07-03,Wildland Gear,camping gear
HikePro Trekking Poles,972,2024-05-02,Wilderness Wares,skiing
OutdoorMaster Camping Stove,527,2025-07-01,Trailblazer Outfitters,skiing
ExplorerX Hiking Boots,942,2025-07-16,Wilderness Wares,camping gear
HikePro Trekking Poles,960,2024-04-11,Wilderness Outfitters,hiking equipment
WildernessSurvivor Survival Kit,562,2025-08-05,Pioneer Gearworks,fishing supplies
WildernessSurvivor Survival Kit,950,2024-04-16,Explorers Equipment,mountain biking
TrailBlazer Camping Tent,27,2024-06-30,Trailblazer Gear,fishing supplies
OutdoorGear Hammock,371,2024-09-22,Explorer's Edge Equipment,mountain biking
WildernessSurvivor Survival Kit,76,2024-06-13,Backcountry Bound,climbing
TrailBlazer Camping Tent,261,2024-04-07,Adventure Gear Co.,fishing supplies
WildernessSurvivor Survival Kit,45,2024-01-04,Summit Seekers,fishing supplies
WildernessSurvivor Survival Kit,766,2025-08-15,Adventure Gear Co.,mountain biking
CampfirePro Cooking Set,234,2024-08-26,Peak Performance Gear,fishing supplies
WildernessSurvivor Survival Kit,901,2024-12-06,Trailblazer Outfitters,climbing
TrailTracker GPS Device,92,2024-09-05,Adventure Seekers Gear,skiing
TrailBlazer Camping Tent,590,2025-07-14,Adventure Seekers Gear,fishing supplies
NatureSeeker Binoculars,640,2024-03-21,Outdoor Pursuits Co.,climbing
TrailTracker GPS Device,778,2025-04-13,Summit Supplies,skiing
CampfirePro Cooking Set,13,2025-02-28,Summit Supplies,mountain biking
OutdoorMaster Camping Stove,60,2025-01-23,Peak Performance Gear,camping gear
ExplorerX Hiking Boots,73,2024-04-12,Backcountry Bound,skiing
ExplorerX Hiking Boots,686,2025-08-30,Summit Seekers,mountain biking
ExplorerX Hiking Boots,390,2024-01-17,Peak Performance Gear,hiking equipment
OutdoorGear Hammock,159,2024-07-06,Wilderness Wares,mountain biking
TrailBlazer Camping Tent,988,2024-03-20,Backcountry Essentials,mountain biking
ExplorerX Hiking Boots,263,2025-08-16,Summit Supplies,mountain biking
NatureSeeker Binoculars,729,2024-03-15,Expedition Outfitters,hiking equipment
WildernessSurvivor Survival Kit,560,2024-03-26,Explorer's Edge Equipment,skiing
OutdoorMaster Camping Stove,710,2024-04-01,Nature's Edge Equipment,camping gear
WildernessSurvivor Survival Kit,343,2025-03-17,Adventure Seekers Gear,hiking equipment
CampfirePro Cooking Set,440,2024-05-24,Nature's Edge Equipment,skiing
TrailTracker GPS Device,581,2024-02-26,Expedition Outfitters,climbing
TrailBlazer Camping Tent,131,2024-09-04,Expedition Outfitters,backpacking
HikePro Trekking Poles,380,2024-08-12,Nature's Best Gear,hiking equipment
HikePro Trekking Poles,703,2024-08-07,Trailblazer Supplies,skiing
WildernessSurvivor Survival Kit,998,2024-04-26,Outdoor Gear Emporium,skiing
ExplorerX Hiking Boots,469,2024-06-17,Trailblazer Gear,skiing
AdventurePro Backpack,854,2024-04-10,Trailblazer Outfitters,mountain biking
OutdoorMaster Camping Stove,899,2025-08-31,Wilderness Wares,backpacking
TrailTracker GPS Device,661,2025-05-21,Adventure Seekers Gear,hiking equipment
WildernessSurvivor Survival Kit,268,2025-08-08,Nature's Trail Gear,fishing supplies
CampfirePro Cooking Set,458,2024-12-29,Wilderness Outfitters,backpacking
TrailTracker GPS Device,407,2024-11-15,Expedition Outfitters,fishing supplies
TrailBlazer Camping Tent,570,2024-06-09,Backcountry Bound,backpacking
TrailTracker GPS Device,232,2024-07-27,Wilderness Outfitters,hiking equipment
HikePro Trekking Poles,863,2024-12-04,Adventure Seekers Gear,hiking equipment
ExplorerX Hiking Boots,451,2024-01-09,Nature's Edge Equipment,mountain biking
OutdoorGear Hammock,863,2025-09-03,Wilderness Outfitters,camping gear
CampfirePro Cooking Set,457,2025-08-05,Summit Supplies,hiking equipment
ExplorerX Hiking Boots,802,2024-02-16,Outdoor Pursuits Co.,skiing
HikePro Trekking Poles,251,2025-08-11,Nature's Best Gear,hiking equipment
ExplorerX Hiking Boots,41,2024-10-11,Pioneer Gearworks,backpacking
CampfirePro Cooking Set,829,2024-07-22,Outdoor Pursuits Co.,backpacking
ExplorerX Hiking Boots,227,2025-09-24,Wilderness Outfitters,fishing supplies
TrailBlazer Camping Tent,380,2025-08-28,Trailblazer Gear,backpacking
ExplorerX Hiking Boots,297,2025-06-22,Summit Supplies,climbing
TrailTracker GPS Device,110,2025-06-11,Outdoor Gear Emporium,climbing
CampfirePro Cooking Set,191,2025-02-11,Nature's Best Gear,hiking equipment
ExplorerX Hiking Boots,356,2024-12-26,Wilderness Outfitters,mountain biking
CampfirePro Cooking Set,129,2024-05-30,Backcountry Essentials,mountain biking
AdventurePro Backpack,82,2024-02-16,Trailblazer Supplies,hiking equipment
ExplorerX Hiking Boots,821,2025-09-29,Pioneer Gearworks,fishing supplies
TrailTracker GPS Device,636,2025-08-04,Peak Performance Gear,skiing
HikePro Trekking Poles,324,2025-04-22,Outdoor Pursuits Co.,climbing
OutdoorMaster Camping Stove,5,2024-01-20,Wilderness Wares,camping gear
OutdoorGear Hammock,197,2025-01-12,Expedition Outfitters,camping gear
HikePro Trekking Poles,629,2024-11-07,Summit Seekers,mountain biking
ExplorerX Hiking Boots,433,2025-03-24,Alpine Adventure Co.,hiking equipment
WildernessSurvivor Survival Kit,473,2025-03-21,Summit Seekers,mountain biking
OutdoorMaster Camping Stove,361,2024-07-18,Trailblazer Supplies,skiing
TrailBlazer Camping Tent,23,2024-07-16,Outdoor Gear Emporium,backpacking
AdventurePro Backpack,347,2025-09-09,Summit Supplies,fishing supplies
OutdoorMaster Camping Stove,195,2024-05-18,Summit Seekers,fishing supplies
OutdoorMaster Camping Stove,642,2024-04-24,Adventure Gear Co.,mountain biking
OutdoorMaster Camping Stove,826,2024-11-06,Wilderness Wares,camping gear
OutdoorMaster Camping Stove,811,2025-05-09,Wildland Gear,camping gear
NatureSeeker Binoculars,764,2025-06-13,Adventure Seekers Gear,camping gear
HikePro Trekking Poles,494,2024-08-14,Backcountry Bound,camping gear
HikePro Trekking Poles,821,2024-08-06,Outdoor Provisions Ltd.,mountain biking
OutdoorGear Hammock,473,2024-02-07,Outdoor Pursuits Co.,mountain biking
TrailTracker GPS Device,468,2025-08-04,Summit Seekers,mountain biking
OutdoorGear Hammock,530,2025-06-02,Pioneer Gearworks,backpacking
CampfirePro Cooking Set,78,2024-09-30,Nature's Edge Equipment,mountain biking
AdventurePro Backpack,197,2024-06-03,Nature's Edge Equipment,fishing supplies
CampfirePro Cooking Set,197,2024-06-24,Nature's Best Gear,mountain biking
CampfirePro Cooking Set,298,2025-06-27,Trailblazer Outfitters,fishing supplies
HikePro Trekking Poles,453,2025-07-20,Wildland Gear,hiking equipment
TrailTracker GPS Device,448,2025-03-22,Nature's Edge Equipment,camping gear
ExplorerX Hiking Boots,948,2025-04-19,Trailblazer Supplies,hiking equipment
NatureSeeker Binoculars,916,2024-10-23,Wildland Gear,fishing supplies
AdventurePro Backpack,615,2024-07-23,Summit Supplies,camping gear
OutdoorMaster Camping Stove,69,2024-12-04,Peak Performance Gear,backpacking
TrailBlazer Camping Tent,473,2024-12-09,Summit Seekers,mountain biking
OutdoorMaster Camping Stove,602,2025-03-22,Outdoor Pursuits Co.,fishing supplies
OutdoorMaster Camping Stove,628,2025-06-16,Nature's Best Gear,hiking equipment
NatureSeeker Binoculars,738,2024-05-18,Adventure Seekers Gear,hiking equipment
OutdoorGear Hammock,596,2025-05-27,Summit Supplies,skiing
TrailBlazer Camping Tent,571,2025-08-11,Expedition Outfitters,mountain biking
AdventurePro Backpack,606,2025-05-02,Outdoor Discovery Co.,camping gear
WildernessSurvivor Survival Kit,148,2025-09-19,Nature's Best Gear,climbing
OutdoorMaster Camping Stove,612,2024-05-10,Backcountry Essentials,climbing
AdventurePro Backpack,217,2024-08-02,Wildland Gear,hiking equipment
AdventurePro Backpack,721,2024-02-17,Wildland Gear,camping gear
CampfirePro Cooking Set,658,2025-08-27,Pioneer Gearworks,mountain biking
NatureSeeker Binoculars,450,2025-08-22,Adventure Seekers Gear,camping gear
OutdoorMaster Camping Stove,132,2025-03-31,Wilderness Wares,mountain biking
WildernessSurvivor Survival Kit,300,2024-02-27,Nature's Best Gear,backpacking
OutdoorMaster Camping Stove,34,2025-07-05,Nature's Edge Equipment,mountain biking
AdventurePro Backpack,517,2025-06-29,Wildland Gear,camping gear
AdventurePro Backpack,417,2024-10-02,Adventure Seekers Gear,mountain biking
OutdoorMaster Camping Stove,457,2025-05-22,Peak Performance Gear,camping gear
OutdoorMaster Camping Stove,563,2025-01-19,Pioneer Gearworks,backpacking
NatureSeeker Binoculars,406,2024-10-24,Outdoor Gear Emporium,backpacking
WildernessSurvivor Survival Kit,886,2024-12-14,Summit Supplies,camping gear
OutdoorMaster Camping Stove,628,2024-12-14,Trailblazer Outfitters,skiing
TrailBlazer Camping Tent,816,2025-03-11,Pioneer Gearworks,mountain biking
TrailBlazer Camping Tent,140,2024-04-08,Outdoor Provisions Ltd.,backpacking
ExplorerX Hiking Boots,615,2025-05-21,Summit Seekers,fishing supplies
NatureSeeker Binoculars,352,2024-01-06,Summit Seekers,mountain biking
TrailBlazer Camping Tent,244,2024-04-05,Pioneer Gearworks,camping gear
HikePro Trekking Poles,113,2024-06-19,Explorer's Edge Equipment,hiking equipment
NatureSeeker Binoculars,513,2024-01-23,Pioneer Gearworks,camping gear
TrailTracker GPS Device,125,2025-02-15,Backcountry Bound,camping gear
OutdoorGear Hammock,488,2024-04-29,Trailblazer Outfitters,fishing supplies
WildernessSurvivor Survival Kit,349,2024-11-18,Explorers Equipment,backpacking
OutdoorGear Hammock,786,2025-09-01,Alpine Adventure Co.,camping gear
TrailTracker GPS Device,914,2024-03-30,Outdoor Pursuits Co.,camping gear
TrailTracker GPS Device,380,2025-01-23,Adventure Gear Co.,fishing supplies
OutdoorGear Hammock,575,2024-12-28,Trailblazer Gear,camping gear
AdventurePro Backpack,104,2024-06-16,Explorers Equipment,backpacking
WildernessSurvivor Survival Kit,122,2025-03-14,Trailblazer Supplies,skiing
NatureSeeker Binoculars,578,2024-07-17,Adventure Gear Co.,climbing
AdventurePro Backpack,377,2025-03-02,Outdoor Gear Emporium,climbing
CampfirePro Cooking Set,448,2025-05-26,Outdoor Pursuits Co.,mountain biking
TrailTracker GPS Device,473,2024-04-17,Wilderness Wares,fishing supplies
TrailBlazer Camping Tent,505,2024-02-24,Expedition Outfitters,fishing supplies
OutdoorGear Hammock,788,2024-02-21,Trailblazer Supplies,backpacking
ExplorerX Hiking Boots,111,2025-02-11,Adventure Gear Co.,skiing
HikePro Trekking Poles,495,2025-03-04,Nature's Trail Gear,hiking equipment
OutdoorGear Hammock,468,2024-04-27,Pioneer Gearworks,climbing
OutdoorGear Hammock,167,2025-02-12,Wildland Gear,camping gear
OutdoorGear Hammock,441,2025-04-27,Backcountry Essentials,skiing
OutdoorGear Hammock,965,2024-01-29,Nature's Edge Equipment,backpacking
CampfirePro Cooking Set,9,2025-01-27,Trailblazer Supplies,mountain biking
ExplorerX Hiking Boots,34,2025-01-01,Nature's Trail Gear,hiking equipment
OutdoorGear Hammock,420,2025-01-30,Adventure Gear Co.,backpacking
TrailBlazer Camping Tent,132,2024-06-18,Peak Performance Gear,skiing
CampfirePro Cooking Set,490,2025-02-11,Alpine Adventure Co.,backpacking
WildernessSurvivor Survival Kit,628,2024-12-26,Summit Seekers,fishing supplies
AdventurePro Backpack,560,2024-11-28,Alpine Adventure Co.,climbing
TrailTracker GPS Device,295,2025-02-27,Outdoor Pursuits Co.,fishing supplies
WildernessSurvivor Survival Kit,862,2024-04-30,Outdoor Provisions Ltd.,hiking equipment
OutdoorMaster Camping Stove,149,2024-09-13,Outdoor Discovery Co.,climbing
ExplorerX Hiking Boots,946,2024-03-20,Explorer's Edge Equipment,backpacking
HikePro Trekking Poles,943,2024-06-03,Wilderness Wares,skiing
OutdoorMaster Camping Stove,454,2025-05-07,Nature's Trail Gear,climbing
ExplorerX Hiking Boots,571,2025-01-22,Outdoor Pursuits Co.,hiking equipment
WildernessSurvivor Survival Kit,204,2025-09-08,Outdoor Discovery Co.,climbing
TrailBlazer Camping Tent,428,2024-04-02,Trailblazer Supplies,skiing
HikePro Trekking Poles,837,2024-12-20,Explorers Equipment,hiking equipment
AdventurePro Backpack,542,2024-10-10,Nature's Best Gear,camping gear
OutdoorMaster Camping Stove,550,2024-04-22,Outdoor Gear Emporium,climbing
TrailTracker GPS Device,859,2025-06-22,Wildland Gear,mountain biking
TrailTracker GPS Device,606,2024-12-30,Wildland Gear,hiking equipment
TrailBlazer Camping Tent,682,2024-11-11,Outdoor Provisions Ltd.,climbing
CampfirePro Cooking Set,919,2024-07-07,Alpine Adventure Co.,hiking equipment
TrailBlazer Camping Tent,303,2024-09-23,Peak Performance Gear,fishing supplies
TrailTracker GPS Device,725,2025-09-17,Outdoor Pursuits Co.,fishing supplies
WildernessSurvivor Survival Kit,225,2024-07-02,Adventure Seekers Gear,climbing
TrailTracker GPS Device,462,2024-02-07,Trailblazer Outfitters,skiing
OutdoorGear Hammock,831,2025-02-10,Nature's Trail Gear,mountain biking
HikePro Trekking Poles,369,2025-07-17,Nature's Best Gear,camping gear
TrailTracker GPS Device,32,2024-10-16,Summit Supplies,fishing supplies
CampfirePro Cooking Set,388,2024-11-21,Outdoor Provisions Ltd.,backpacking
WildernessSurvivor Survival Kit,294,2024-03-21,Outdoor Discovery Co.,skiing
HikePro Trekking Poles,420,2025-09-05,Alpine Adventure Co.,climbing
ExplorerX Hiking Boots,71,2024-05-08,Nature's Trail Gear,backpacking
HikePro Trekking Poles,415,2024-06-11,Outdoor Gear Emporium,camping gear
OutdoorGear Hammock,273,2025-02-15,Trailblazer Supplies,climbing
AdventurePro Backpack,511,2024-01-28,Pioneer Gearworks,hiking equipment
WildernessSurvivor Survival Kit,519,2024-12-06,Wilderness Wares,hiking equipment
TrailTracker GPS Device,725,2025-07-25,Nature's Trail Gear,mountain biking
TrailTracker GPS Device,2,2024-07-18,Explorers Equipment,mountain biking
ExplorerX Hiking Boots,64,2024-12-23,Outdoor Provisions Ltd.,hiking equipment
CampfirePro Cooking Set,187,2024-03-28,Explorer's Edge Equipment,climbing
TrailBlazer Camping Tent,337,2025-08-13,Trailblazer Outfitters,camping gear
AdventurePro Backpack,676,2024-07-28,Outdoor Provisions Ltd.,skiing
NatureSeeker Binoculars,390,2025-04-19,Wilderness Wares,camping gear
TrailBlazer Camping Tent,786,2024-02-09,Peak Performance Gear,mountain biking
HikePro Trekking Poles,505,2024-11-25,Outdoor Provisions Ltd.,camping gear
NatureSeeker Binoculars,447,2024-09-09,Wilderness Wares,camping gear
HikePro Trekking Poles,390,2024-03-12,Summit Supplies,mountain biking
OutdoorMaster Camping Stove,819,2024-02-28,Backcountry Bound,fishing supplies
TrailBlazer Camping Tent,980,2024-01-25,Trailblazer Supplies,camping gear
WildernessSurvivor Survival Kit,47,2024-04-10,Outdoor Pursuits Co.,backpacking
AdventurePro Backpack,896,2025-01-28,Backcountry Essentials,skiing
ExplorerX Hiking Boots,758,2025-03-20,Trailblazer Outfitters,climbing
HikePro Trekking Poles,634,2025-03-23,Wildland Gear,fishing supplies
TrailTracker GPS Device,757,2024-07-08,Alpine Adventure Co.,climbing
OutdoorGear Hammock,913,2024-04-22,Summit Seekers,backpacking
WildernessSurvivor Survival Kit,416,2024-05-15,Adventure Seekers Gear,backpacking
ExplorerX Hiking Boots,685,2024-01-10,Explorers Equipment,hiking equipment
OutdoorMaster Camping Stove,128,2024-03-30,Nature's Best Gear,hiking equipment
OutdoorMaster Camping Stove,289,2025-08-09,Wilderness Outfitters,skiing
TrailTracker GPS Device,713,2024-11-04,Outdoor Pursuits Co.,backpacking
TrailBlazer Camping Tent,706,2024-01-26,Expedition Outfitters,skiing
OutdoorGear Hammock,505,2024-07-02,Expedition Outfitters,backpacking
NatureSeeker Binoculars,649,2025-06-02,Summit Seekers,climbing
ExplorerX Hiking Boots,69,2025-05-10,Wilderness Outfitters,climbing
AdventurePro Backpack,917,2024-10-26,Outdoor Gear Emporium,hiking equipment
ExplorerX Hiking Boots,735,2025-02-06,Pioneer Gearworks,camping gear
WildernessSurvivor Survival Kit,594,2024-05-18,Nature's Trail Gear,climbing
TrailTracker GPS Device,984,2025-04-04,Trailblazer Outfitters,camping gear
OutdoorGear Hammock,882,2025-02-28,Wilderness Wares,backpacking
CampfirePro Cooking Set,325,2024-04-27,Adventure Seekers Gear,climbing
AdventurePro Backpack,354,2024-07-23,Trailblazer Outfitters,hiking equipment
TrailTracker GPS Device,869,2024-05-22,Wilderness Outfitters,skiing
OutdoorGear Hammock,712,2024-07-25,Summit Supplies,climbing
WildernessSurvivor Survival Kit,472,2025-09-29,Summit Seekers,backpacking
TrailBlazer Camping Tent,614,2024-06-23,Outdoor Provisions Ltd.,fishing supplies
CampfirePro Cooking Set,218,2024-09-21,Nature's Best Gear,hiking equipment
NatureSeeker Binoculars,837,2024-09-08,Adventure Seekers Gear,skiing
OutdoorGear Hammock,545,2024-09-04,Backcountry Bound,backpacking
TrailTracker GPS Device,826,2025-09-08,Wilderness Wares,backpacking
TrailTracker GPS Device,151,2024-04-12,Wilderness Outfitters,mountain biking
TrailTracker GPS Device,858,2025-05-16,Outdoor Pursuits Co.,camping gear
CampfirePro Cooking Set,767,2024-04-17,Nature's Trail Gear,fishing supplies
OutdoorMaster Camping Stove,230,2025-05-13,Nature's Edge Equipment,fishing supplies
WildernessSurvivor Survival Kit,229,2025-06-24,Nature's Edge Equipment,skiing
ExplorerX Hiking Boots,770,2024-05-31,Outdoor Discovery Co.,skiing
NatureSeeker Binoculars,5,2025-05-14,Wilderness Outfitters,mountain biking
TrailTracker GPS Device,156,2025-02-06,Outdoor Pursuits Co.,backpacking
NatureSeeker Binoculars,727,2024-05-19,Trailblazer Supplies,hiking equipment
ExplorerX Hiking Boots,786,2024-12-23,Trailblazer Gear,camping gear
NatureSeeker Binoculars,785,2024-05-21,Trailblazer Outfitters,backpacking
TrailBlazer Camping Tent,655,2024-08-03,Explorers Equipment,fishing supplies
ExplorerX Hiking Boots,24,2024-01-17,Explorers Equipment,backpacking
OutdoorGear Hammock,757,2024-01-25,Summit Supplies,backpacking
NatureSeeker Binoculars,578,2025-09-18,Nature's Best Gear,climbing
NatureSeeker Binoculars,409,2025-01-19,Pioneer Gearworks,backpacking
ExplorerX Hiking Boots,784,2024-03-28,Backcountry Essentials,backpacking
HikePro Trekking Poles,887,2024-07-30,Summit Seekers,camping gear
TrailTracker GPS Device,950,2024-11-28,Summit Seekers,skiing
OutdoorMaster Camping Stove,580,2024-11-02,Trailblazer Supplies,camping gear
TrailTracker GPS Device,40,2025-05-14,Wilderness Outfitters,climbing
ExplorerX Hiking Boots,640,2024-06-08,Expedition Outfitters,climbing
TrailTracker GPS Device,493,2025-03-21,Outdoor Gear Emporium,mountain biking
ExplorerX Hiking Boots,292,2025-05-04,Pioneer Gearworks,backpacking
TrailBlazer Camping Tent,392,2024-07-15,Trailblazer Outfitters,fishing supplies
CampfirePro Cooking Set,528,2024-07-08,Summit Supplies,fishing supplies
CampfirePro Cooking Set,879,2024-07-02,Pioneer Gearworks,fishing supplies
OutdoorMaster Camping Stove,123,2024-04-17,Summit Seekers,backpacking
ExplorerX Hiking Boots,564,2024-10-20,Nature's Best Gear,hiking equipment
CampfirePro Cooking Set,221,2025-01-25,Explorer's Edge Equipment,backpacking
HikePro Trekking Poles,893,2024-05-09,Outdoor Provisions Ltd.,camping gear
ExplorerX Hiking Boots,253,2024-06-06,Adventure Seekers Gear,climbing
CampfirePro Cooking Set,248,2024-03-09,Nature's Edge Equipment,camping gear
OutdoorMaster Camping Stove,943,2024-09-23,Summit Supplies,climbing
AdventurePro Backpack,109,2024-08-15,Outdoor Provisions Ltd.,mountain biking
ExplorerX Hiking Boots,460,2025-04-25,Alpine Adventure Co.,climbing
TrailTracker GPS Device,229,2024-04-22,Nature's Edge Equipment,camping gear
ExplorerX Hiking Boots,124,2024-08-11,Outdoor Discovery Co.,hiking equipment
NatureSeeker Binoculars,612,2024-09-09,Explorers Equipment,hiking equipment
ExplorerX Hiking Boots,863,2025-05-06,Peak Performance Gear,hiking equipment
AdventurePro Backpack,891,2025-08-31,Nature's Best Gear,climbing
CampfirePro Cooking Set,580,2024-04-02,Summit Supplies,camping gear
AdventurePro Backpack,747,2025-01-15,Peak Performance Gear,backpacking
TrailBlazer Camping Tent,623,2025-01-28,Outdoor Gear Emporium,skiing
OutdoorMaster Camping Stove,227,2025-07-06,Wilderness Outfitters,fishing supplies
WildernessSurvivor Survival Kit,207,2025-04-22,Adventure Gear Co.,mountain biking
OutdoorGear Hammock,901,2024-06-04,Trailblazer Gear,skiing
CampfirePro Cooking Set,326,2025-02-22,Trailblazer Supplies,skiing
OutdoorGear Hammock,12,2025-07-26,Wilderness Outfitters,hiking equipment
OutdoorMaster Camping Stove,586,2024-11-24,Wilderness Outfitters,backpacking
HikePro Trekking Poles,349,2024-10-26,Trailblazer Supplies,climbing
TrailTracker GPS Device,714,2024-12-23,Outdoor Gear Emporium,skiing
WildernessSurvivor Survival Kit,161,2025-04-05,Outdoor Gear Emporium,hiking equipment
OutdoorGear Hammock,707,2024-11-14,Alpine Adventure Co.,climbing
CampfirePro Cooking Set,58,2025-05-07,Nature's Best Gear,fishing supplies
NatureSeeker Binoculars,499,2025-02-24,Summit Supplies,hiking equipment
AdventurePro Backpack,682,2024-07-24,Explorer's Edge Equipment,backpacking
CampfirePro Cooking Set,902,2025-04-25,Outdoor Gear Emporium,backpacking
WildernessSurvivor Survival Kit,341,2025-03-14,Explorers Equipment,mountain biking
OutdoorMaster Camping Stove,473,2025-01-17,Alpine Adventure Co.,camping gear
NatureSeeker Binoculars,390,2025-02-09,Nature's Edge Equipment,climbing
OutdoorGear Hammock,642,2024-09-17,Nature's Trail Gear,backpacking
TrailTracker GPS Device,138,2024-05-19,Wildland Gear,camping gear
ExplorerX Hiking Boots,617,2025-02-21,Explorers Equipment,mountain biking
CampfirePro Cooking Set,317,2025-07-11,Pioneer Gearworks,skiing
AdventurePro Backpack,277,2024-09-24,Peak Performance Gear,climbing
CampfirePro Cooking Set,568,2024-02-01,Outdoor Provisions Ltd.,camping gear
TrailTracker GPS Device,343,2024-07-31,Expedition Outfitters,skiing
OutdoorGear Hammock,828,2024-12-29,Nature's Best Gear,camping gear
HikePro Trekking Poles,921,2025-05-09,Alpine Adventure Co.,backpacking
TrailBlazer Camping Tent,906,2024-01-17,Outdoor Discovery Co.,camping gear
TrailTracker GPS Device,511,2025-02-16,Wilderness Wares,mountain biking
OutdoorMaster Camping Stove,757,2024-04-20,Nature's Edge Equipment,backpacking
OutdoorMaster Camping Stove,708,2024-03-15,Expedition Outfitters,camping gear
CampfirePro Cooking Set,309,2025-07-31,Outdoor Discovery Co.,backpacking
NatureSeeker Binoculars,843,2024-10-28,Wilderness Outfitters,hiking equipment
WildernessSurvivor Survival Kit,647,2024-03-14,Outdoor Discovery Co.,mountain biking
AdventurePro Backpack,29,2024-10-08,Alpine Adventure Co.,camping gear
ExplorerX Hiking Boots,186,2025-05-21,Summit Seekers,climbing
NatureSeeker Binoculars,797,2024-01-25,Adventure Seekers Gear,fishing supplies
OutdoorGear Hammock,16,2024-08-08,Nature's Edge Equipment,camping gear
TrailBlazer Camping Tent,357,2024-05-02,Adventure Gear Co.,climbing
TrailTracker GPS Device,908,2024-03-07,Pioneer Gearworks,mountain biking
OutdoorGear Hammock,974,2025-07-03,Nature's Trail Gear,climbing
AdventurePro Backpack,850,2024-12-25,Alpine Adventure Co.,hiking equipment
OutdoorMaster Camping Stove,125,2025-02-14,Expedition Outfitters,climbing
ExplorerX Hiking Boots,574,2025-07-25,Explorers Equipment,hiking equipment
ExplorerX Hiking Boots,315,2025-09-12,Nature's Best Gear,fishing supplies
OutdoorMaster Camping Stove,62,2024-10-16,Trailblazer Supplies,hiking equipment
OutdoorMaster Camping Stove,632,2024-07-16,Outdoor Pursuits Co.,hiking equipment
OutdoorMaster Camping Stove,568,2025-01-06,Expedition Outfitters,hiking equipment
ExplorerX Hiking Boots,364,2025-08-30,Alpine Adventure Co.,camping gear
TrailBlazer Camping Tent,622,2024-02-29,Outdoor Pursuits Co.,hiking equipment
AdventurePro Backpack,439,2024-10-04,Outdoor Gear Emporium,mountain biking
AdventurePro Backpack,333,2024-05-04,Wilderness Wares,climbing
ExplorerX Hiking Boots,859,2024-10-31,Trailblazer Outfitters,camping gear
OutdoorGear Hammock,647,2024-10-21,Trailblazer Gear,backpacking
AdventurePro Backpack,24,2024-07-01,Adventure Seekers Gear,climbing
TrailBlazer Camping Tent,630,2024-12-14,Alpine Adventure Co.,backpacking
HikePro Trekking Poles,528,2024-03-30,Nature's Best Gear,hiking equipment
NatureSeeker Binoculars,763,2024-09-07,Explorer's Edge Equipment,skiing
WildernessSurvivor Survival Kit,903,2024-11-05,Summit Supplies,fishing supplies
NatureSeeker Binoculars,503,2024-03-26,Nature's Edge Equipment,backpacking
HikePro Trekking Poles,297,2024-03-19,Outdoor Gear Emporium,skiing
WildernessSurvivor Survival Kit,420,2024-04-23,Outdoor Gear Emporium,mountain biking
AdventurePro Backpack,569,2024-08-20,Outdoor Pursuits Co.,backpacking
AdventurePro Backpack,343,2025-09-09,Wilderness Wares,camping gear
HikePro Trekking Poles,231,2025-02-09,Summit Seekers,skiing
OutdoorGear Hammock,973,2024-01-28,Wildland Gear,backpacking
CampfirePro Cooking Set,983,2024-07-03,Adventure Gear Co.,climbing
TrailBlazer Camping Tent,69,2025-07-24,Explorer's Edge Equipment,hiking equipment
CampfirePro Cooking Set,714,2025-05-11,Trailblazer Outfitters,backpacking
CampfirePro Cooking Set,920,2025-01-07,Outdoor Discovery Co.,climbing
CampfirePro Cooking Set,120,2024-10-04,Explorer's Edge Equipment,mountain biking
OutdoorMaster Camping Stove,91,2024-01-31,Wilderness Outfitters,mountain biking
WildernessSurvivor Survival Kit,953,2024-08-10,Wildland Gear,skiing
ExplorerX Hiking Boots,275,2024-08-18,Backcountry Essentials,camping gear
OutdoorMaster Camping Stove,417,2025-04-15,Wilderness Wares,camping gear
OutdoorGear Hammock,679,2024-11-14,Pioneer Gearworks,mountain biking
WildernessSurvivor Survival Kit,636,2024-07-17,Outdoor Provisions Ltd.,climbing
ExplorerX Hiking Boots,853,2024-05-24,Nature's Edge Equipment,backpacking
OutdoorGear Hammock,284,2025-01-06,Trailblazer Supplies,climbing
OutdoorGear Hammock,568,2024-03-11,Adventure Gear Co.,fishing supplies
ExplorerX Hiking Boots,979,2025-07-12,Summit Supplies,skiing
WildernessSurvivor Survival Kit,262,2025-02-02,Adventure Gear Co.,skiing
ExplorerX Hiking Boots,264,2024-02-12,Outdoor Provisions Ltd.,hiking equipment
CampfirePro Cooking Set,127,2024-08-31,Outdoor Discovery Co.,camping gear
TrailTracker GPS Device,697,2024-09-17,Alpine Adventure Co.,fishing supplies
NatureSeeker Binoculars,466,2024-09-12,Backcountry Essentials,camping gear
OutdoorGear Hammock,155,2024-07-17,Backcountry Essentials,skiing
TrailTracker GPS Device,755,2025-08-03,Nature's Best Gear,camping gear
NatureSeeker Binoculars,90,2025-09-04,Outdoor Provisions Ltd.,skiing
ExplorerX Hiking Boots,466,2024-11-16,Expedition Outfitters,climbing
OutdoorGear Hammock,306,2025-04-16,Outdoor Discovery Co.,mountain biking
CampfirePro Cooking Set,449,2024-07-13,Summit Supplies,hiking equipment
WildernessSurvivor Survival Kit,146,2024-12-18,Alpine Adventure Co.,camping gear
WildernessSurvivor Survival Kit,363,2024-10-02,Backcountry Essentials,hiking equipment
ExplorerX Hiking Boots,856,2024-07-22,Outdoor Pursuits Co.,hiking equipment
OutdoorMaster Camping Stove,153,2025-01-17,Outdoor Gear Emporium,skiing
OutdoorGear Hammock,727,2025-04-01,Wildland Gear,climbing
OutdoorMaster Camping Stove,367,2024-03-26,Trailblazer Gear,hiking equipment
TrailBlazer Camping Tent,597,2025-02-15,Nature's Best Gear,hiking equipment
HikePro Trekking Poles,324,2024-10-28,Backcountry Essentials,backpacking
NatureSeeker Binoculars,789,2025-04-16,Nature's Best Gear,camping gear
AdventurePro Backpack,273,2024-12-04,Pioneer Gearworks,fishing supplies
TrailBlazer Camping Tent,465,2025-08-08,Nature's Trail Gear,skiing
NatureSeeker Binoculars,902,2024-12-31,Nature's Best Gear,climbing
OutdoorGear Hammock,448,2024-09-07,Nature's Best Gear,camping gear
AdventurePro Backpack,926,2024-06-14,Expedition Outfitters,hiking equipment
AdventurePro Backpack,750,2025-03-09,Pioneer Gearworks,climbing
CampfirePro Cooking Set,403,2025-01-02,Adventure Gear Co.,climbing
ExplorerX Hiking Boots,402,2025-02-15,Trailblazer Gear,camping gear
ExplorerX Hiking Boots,865,2025-06-02,Adventure Gear Co.,skiing
OutdoorMaster Camping Stove,526,2024-07-10,Outdoor Gear Emporium,backpacking
HikePro Trekking Poles,693,2025-07-20,Trailblazer Gear,climbing
OutdoorMaster Camping Stove,838,2025-04-05,Summit Supplies,hiking equipment
OutdoorGear Hammock,646,2024-12-16,Trailblazer Supplies,fishing supplies
OutdoorGear Hammock,353,2025-05-13,Adventure Gear Co.,hiking equipment
NatureSeeker Binoculars,174,2025-06-12,Backcountry Essentials,climbing
HikePro Trekking Poles,795,2025-09-25,Trailblazer Outfitters,hiking equipment
NatureSeeker Binoculars,403,2024-06-18,Adventure Gear Co.,hiking equipment
ExplorerX Hiking Boots,355,2024-03-15,Nature's Best Gear,backpacking
ExplorerX Hiking Boots,11,2025-07-29,Explorer's Edge Equipment,climbing
WildernessSurvivor Survival Kit,557,2024-03-27,Backcountry Bound,climbing
AdventurePro Backpack,127,2024-10-24,Wildland Gear,climbing
TrailBlazer Camping Tent,19,2025-06-04,Nature's Trail Gear,skiing
CampfirePro Cooking Set,758,2024-02-20,Nature's Best Gear,climbing
OutdoorMaster Camping Stove,119,2024-07-24,Trailblazer Gear,camping gear
TrailBlazer Camping Tent,150,2024-07-09,Outdoor Pursuits Co.,fishing supplies
AdventurePro Backpack,611,2025-08-22,Outdoor Gear Emporium,camping gear
OutdoorGear Hammock,627,2024-11-28,Wilderness Outfitters,skiing
ExplorerX Hiking Boots,681,2024-09-13,Outdoor Pursuits Co.,hiking equipment
HikePro Trekking Poles,360,2025-04-04,Trailblazer Gear,skiing
OutdoorMaster Camping Stove,963,2024-11-14,Backcountry Bound,mountain biking
AdventurePro Backpack,622,2024-01-25,Outdoor Discovery Co.,backpacking
HikePro Trekking Poles,724,2025-08-07,Expedition Outfitters,mountain biking
WildernessSurvivor Survival Kit,924,2024-03-03,Wildland Gear,mountain biking
CampfirePro Cooking Set,332,2025-07-06,Outdoor Provisions Ltd.,climbing
ExplorerX Hiking Boots,88,2024-08-24,Outdoor Pursuits Co.,fishing supplies
HikePro Trekking Poles,678,2024-03-09,Outdoor Provisions Ltd.,skiing
ExplorerX Hiking Boots,471,2025-05-14,Summit Supplies,camping gear
WildernessSurvivor Survival Kit,926,2024-03-17,Peak Performance Gear,backpacking
TrailTracker GPS Device,377,2025-06-29,Peak Performance Gear,camping gear
WildernessSurvivor Survival Kit,757,2024-02-08,Adventure Gear Co.,skiing
OutdoorGear Hammock,439,2025-03-30,Adventure Seekers Gear,camping gear
CampfirePro Cooking Set,22,2024-10-16,Pioneer Gearworks,climbing
OutdoorGear Hammock,507,2024-10-31,Backcountry Essentials,backpacking
TrailTracker GPS Device,125,2025-03-10,Summit Seekers,hiking equipment
WildernessSurvivor Survival Kit,719,2024-03-28,Explorer's Edge Equipment,climbing
TrailTracker GPS Device,857,2024-09-18,Pioneer Gearworks,fishing supplies
AdventurePro Backpack,164,2024-01-07,Nature's Best Gear,hiking equipment
TrailBlazer Camping Tent,343,2024-02-25,Summit Seekers,climbing
TrailBlazer Camping Tent,962,2024-10-09,Nature's Edge Equipment,hiking equipment
ExplorerX Hiking Boots,451,2024-01-20,Adventure Gear Co.,fishing supplies
HikePro Trekking Poles,372,2025-07-18,Summit Seekers,fishing supplies
OutdoorMaster Camping Stove,878,2025-01-14,Pioneer Gearworks,climbing
CampfirePro Cooking Set,213,2025-08-12,Explorers Equipment,climbing
WildernessSurvivor Survival Kit,62,2024-10-13,Outdoor Discovery Co.,fishing supplies
HikePro Trekking Poles,689,2025-08-27,Outdoor Pursuits Co.,fishing supplies
TrailTracker GPS Device,934,2024-07-21,Peak Performance Gear,mountain biking
NatureSeeker Binoculars,818,2025-05-17,Peak Performance Gear,mountain biking
TrailBlazer Camping Tent,919,2024-07-18,Backcountry Essentials,camping gear
HikePro Trekking Poles,517,2024-02-09,Nature's Best Gear,camping gear
CampfirePro Cooking Set,69,2024-03-12,Outdoor Gear Emporium,backpacking
WildernessSurvivor Survival Kit,371,2025-01-12,Backcountry Bound,skiing
CampfirePro Cooking Set,932,2025-01-31,Outdoor Gear Emporium,skiing
TrailBlazer Camping Tent,444,2024-07-16,Expedition Outfitters,skiing
TrailTracker GPS Device,578,2024-12-06,Backcountry Essentials,skiing
CampfirePro Cooking Set,465,2025-06-30,Backcountry Bound,climbing
OutdoorMaster Camping Stove,848,2024-01-13,Trailblazer Gear,mountain biking
HikePro Trekking Poles,510,2024-07-09,Wilderness Outfitters,fishing supplies
OutdoorMaster Camping Stove,516,2024-06-05,Summit Supplies,fishing supplies
NatureSeeker Binoculars,463,2024-09-30,Summit Seekers,fishing supplies
NatureSeeker Binoculars,900,2025-01-06,Trailblazer Supplies,backpacking
WildernessSurvivor Survival Kit,952,2025-02-19,Outdoor Discovery Co.,fishing supplies
OutdoorMaster Camping Stove,343,2024-06-01,Explorers Equipment,backpacking
OutdoorGear Hammock,867,2025-02-10,Nature's Trail Gear,backpacking
AdventurePro Backpack,517,2024-03-30,Adventure Seekers Gear,mountain biking
TrailTracker GPS Device,880,2025-09-12,Explorers Equipment,mountain biking
TrailBlazer Camping Tent,266,2024-03-22,Peak Performance Gear,climbing
AdventurePro Backpack,69,2025-07-22,Expedition Outfitters,hiking equipment
OutdoorMaster Camping Stove,804,2025-04-11,Outdoor Gear Emporium,climbing
TrailBlazer Camping Tent,470,2024-06-19,Outdoor Discovery Co.,backpacking
AdventurePro Backpack,852,2024-05-19,Wilderness Wares,fishing supplies
CampfirePro Cooking Set,179,2024-07-12,Summit Seekers,skiing
TrailTracker GPS Device,34,2024-08-03,Alpine Adventure Co.,camping gear
CampfirePro Cooking Set,953,2025-03-10,Alpine Adventure Co.,skiing
TrailTracker GPS Device,233,2025-02-07,Wilderness Outfitters,camping gear
NatureSeeker Binoculars,642,2024-05-13,Trailblazer Gear,mountain biking
WildernessSurvivor Survival Kit,514,2024-02-14,Trailblazer Outfitters,hiking equipment
OutdoorGear Hammock,721,2024-04-09,Wilderness Wares,hiking equipment
OutdoorGear Hammock,136,2025-09-10,Alpine Adventure Co.,hiking equipment
OutdoorMaster Camping Stove,336,2024-07-24,Explorers Equipment,skiing
TrailTracker GPS Device,180,2024-10-24,Trailblazer Outfitters,hiking equipment
AdventurePro Backpack,953,2025-03-02,Outdoor Provisions Ltd.,mountain biking
HikePro Trekking Poles,867,2024-02-14,Nature's Best Gear,hiking equipment
TrailTracker GPS Device,981,2025-04-22,Outdoor Provisions Ltd.,backpacking
CampfirePro Cooking Set,20,2024-06-16,Trailblazer Gear,fishing supplies
NatureSeeker Binoculars,509,2025-03-13,Backcountry Bound,hiking equipment
OutdoorGear Hammock,150,2025-02-16,Wilderness Wares,skiing
OutdoorGear Hammock,13,2025-05-30,Outdoor Provisions Ltd.,hiking equipment
OutdoorGear Hammock,543,2024-09-30,Outdoor Pursuits Co.,fishing supplies
TrailTracker GPS Device,813,2024-08-16,Alpine Adventure Co.,mountain biking
TrailTracker GPS Device,158,2025-07-31,Wildland Gear,camping gear
HikePro Trekking Poles,929,2024-07-07,Trailblazer Supplies,climbing
AdventurePro Backpack,133,2024-11-11,Wildland Gear,skiing
TrailBlazer Camping Tent,890,2025-03-30,Trailblazer Supplies,skiing
CampfirePro Cooking Set,283,2025-07-08,Backcountry Essentials,skiing
CampfirePro Cooking Set,663,2024-09-09,Backcountry Bound,mountain biking
HikePro Trekking Poles,131,2025-04-23,Nature's Best Gear,climbing
ExplorerX Hiking Boots,456,2024-09-21,Pioneer Gearworks,climbing
OutdoorGear Hammock,594,2025-08-27,Adventure Seekers Gear,hiking equipment
CampfirePro Cooking Set,98,2025-01-19,Wildland Gear,camping gear
OutdoorGear Hammock,850,2025-01-19,Alpine Adventure Co.,skiing
ExplorerX Hiking Boots,542,2025-09-04,Nature's Best Gear,skiing
OutdoorMaster Camping Stove,386,2024-01-15,Wilderness Wares,hiking equipment
NatureSeeker Binoculars,455,2024-06-27,Explorer's Edge Equipment,hiking equipment
TrailTracker GPS Device,505,2024-06-16,Outdoor Pursuits Co.,backpacking
TrailBlazer Camping Tent,323,2024-04-26,Explorer's Edge Equipment,mountain biking
TrailBlazer Camping Tent,520,2025-06-14,Trailblazer Gear,climbing
HikePro Trekking Poles,488,2025-01-27,Pioneer Gearworks,fishing supplies
CampfirePro Cooking Set,733,2024-04-28,Pioneer Gearworks,fishing supplies
ExplorerX Hiking Boots,410,2024-03-22,Alpine Adventure Co.,climbing
OutdoorMaster Camping Stove,280,2024-03-12,Wildland Gear,camping gear
ExplorerX Hiking Boots,662,2025-07-12,Summit Seekers,fishing supplies
TrailTracker GPS Device,888,2025-01-02,Backcountry Essentials,mountain biking
WildernessSurvivor Survival Kit,651,2025-01-27,Adventure Gear Co.,climbing
TrailBlazer Camping Tent,28,2025-06-13,Peak Performance Gear,skiing
AdventurePro Backpack,189,2024-03-08,Trailblazer Supplies,hiking equipment
OutdoorGear Hammock,34,2024-02-08,Trailblazer Supplies,climbing
CampfirePro Cooking Set,902,2025-07-31,Wildland Gear,mountain biking
OutdoorGear Hammock,853,2024-10-04,Outdoor Gear Emporium,hiking equipment
ExplorerX Hiking Boots,380,2025-01-27,Explorers Equipment,backpacking
ExplorerX Hiking Boots,358,2025-07-07,Nature's Edge Equipment,camping gear
TrailBlazer Camping Tent,945,2024-11-23,Nature's Trail Gear,climbing
TrailTracker GPS Device,425,2025-09-11,Nature's Edge Equipment,climbing
AdventurePro Backpack,761,2024-05-27,Summit Supplies,skiing
OutdoorMaster Camping Stove,296,2024-04-13,Peak Performance Gear,skiing
NatureSeeker Binoculars,758,2025-01-18,Outdoor Discovery Co.,mountain biking
AdventurePro Backpack,538,2025-03-14,Wildland Gear,fishing supplies
AdventurePro Backpack,216,2025-06-30,Expedition Outfitters,skiing
TrailTracker GPS Device,482,2024-08-18,Backcountry Essentials,mountain biking
TrailBlazer Camping Tent,148,2025-04-29,Expedition Outfitters,mountain biking
CampfirePro Cooking Set,295,2024-01-02,Trailblazer Gear,backpacking
TrailBlazer Camping Tent,252,2024-05-17,Backcountry Bound,mountain biking
CampfirePro Cooking Set,32,2024-11-07,Adventure Gear Co.,mountain biking
TrailTracker GPS Device,554,2024-09-28,Wilderness Wares,climbing
OutdoorGear Hammock,625,2024-10-05,Wilderness Wares,climbing
AdventurePro Backpack,37,2025-07-08,Wilderness Wares,hiking equipment
TrailTracker GPS Device,137,2025-09-27,Backcountry Essentials,fishing supplies
OutdoorGear Hammock,147,2024-10-22,Outdoor Provisions Ltd.,mountain biking
HikePro Trekking Poles,394,2024-12-22,Nature's Trail Gear,hiking equipment
CampfirePro Cooking Set,400,2024-12-15,Outdoor Gear Emporium,hiking equipment
ExplorerX Hiking Boots,980,2025-04-14,Trailblazer Gear,fishing supplies
TrailTracker GPS Device,838,2024-12-22,Nature's Trail Gear,mountain biking
CampfirePro Cooking Set,438,2025-05-18,Adventure Seekers Gear,backpacking
WildernessSurvivor Survival Kit,667,2024-11-29,Summit Supplies,backpacking
CampfirePro Cooking Set,585,2025-06-18,Trailblazer Supplies,mountain biking
WildernessSurvivor Survival Kit,717,2025-04-02,Adventure Seekers Gear,backpacking
TrailBlazer Camping Tent,463,2024-06-15,Nature's Best Gear,fishing supplies
ExplorerX Hiking Boots,499,2024-09-16,Adventure Seekers Gear,hiking equipment
ExplorerX Hiking Boots,560,2024-10-28,Wilderness Outfitters,mountain biking
AdventurePro Backpack,184,2024-05-08,Explorer's Edge Equipment,hiking equipment
ExplorerX Hiking Boots,534,2024-07-23,Backcountry Essentials,backpacking
HikePro Trekking Poles,876,2024-08-13,Expedition Outfitters,mountain biking
CampfirePro Cooking Set,474,2024-09-12,Alpine Adventure Co.,backpacking
HikePro Trekking Poles,110,2024-04-29,Alpine Adventure Co.,fishing supplies
TrailTracker GPS Device,444,2024-01-12,Wilderness Outfitters,mountain biking
NatureSeeker Binoculars,516,2024-09-25,Wilderness Wares,skiing
OutdoorMaster Camping Stove,428,2025-02-27,Peak Performance Gear,camping gear
AdventurePro Backpack,308,2024-10-10,Peak Performance Gear,climbing
OutdoorGear Hammock,524,2024-03-02,Peak Performance Gear,hiking equipment
ExplorerX Hiking Boots,278,2025-08-15,Summit Seekers,hiking equipment
HikePro Trekking Poles,123,2025-09-12,Summit Supplies,mountain biking
OutdoorGear Hammock,391,2024-11-15,Trailblazer Gear,mountain biking
OutdoorMaster Camping Stove,495,2024-12-20,Backcountry Bound,camping gear
WildernessSurvivor Survival Kit,77,2025-01-10,Wilderness Outfitters,hiking equipment
ExplorerX Hiking Boots,864,2024-05-15,Trailblazer Outfitters,mountain biking
OutdoorMaster Camping Stove,177,2024-12-29,Expedition Outfitters,mountain biking
NatureSeeker Binoculars,75,2024-08-19,Expedition Outfitters,fishing supplies
ExplorerX Hiking Boots,273,2025-01-27,Nature's Trail Gear,fishing supplies
TrailBlazer Camping Tent,241,2025-01-30,Outdoor Discovery Co.,mountain biking
AdventurePro Backpack,34,2024-10-04,Backcountry Essentials,camping gear
CampfirePro Cooking Set,490,2025-07-04,Backcountry Bound,fishing supplies
HikePro Trekking Poles,768,2024-02-03,Expedition Outfitters,climbing
NatureSeeker Binoculars,901,2025-04-15,Adventure Seekers Gear,climbing
HikePro Trekking Poles,209,2025-09-14,Outdoor Pursuits Co.,skiing
TrailBlazer Camping Tent,844,2024-06-18,Outdoor Provisions Ltd.,skiing
OutdoorMaster Camping Stove,815,2024-07-12,Trailblazer Gear,climbing
NatureSeeker Binoculars,710,2025-09-21,Explorers Equipment,skiing
CampfirePro Cooking Set,777,2025-07-10,Pioneer Gearworks,skiing
NatureSeeker Binoculars,365,2024-04-21,Wildland Gear,fishing supplies
CampfirePro Cooking Set,206,2024-09-09,Outdoor Pursuits Co.,mountain biking
HikePro Trekking Poles,282,2024-01-02,Explorer's Edge Equipment,mountain biking
AdventurePro Backpack,946,2025-01-26,Nature's Trail Gear,hiking equipment
OutdoorMaster Camping Stove,603,2024-04-28,Nature's Edge Equipment,hiking equipment
WildernessSurvivor Survival Kit,792,2024-04-08,Nature's Trail Gear,hiking equipment
OutdoorMaster Camping Stove,990,2024-12-19,Wilderness Wares,fishing supplies
TrailTracker GPS Device,240,2024-08-12,Nature's Trail Gear,skiing
HikePro Trekking Poles,806,2025-03-25,Adventure Seekers Gear,backpacking
CampfirePro Cooking Set,556,2025-05-01,Summit Seekers,mountain biking
TrailTracker GPS Device,633,2025-03-23,Explorers Equipment,hiking equipment
TrailBlazer Camping Tent,935,2025-08-11,Wildland Gear,backpacking
CampfirePro Cooking Set,235,2024-11-11,Pioneer Gearworks,mountain biking
OutdoorGear Hammock,704,2024-06-30,Trailblazer Supplies,skiing
OutdoorGear Hammock,600,2024-02-01,Summit Seekers,fishing supplies
AdventurePro Backpack,608,2025-07-27,Trailblazer Supplies,skiing
OutdoorGear Hammock,147,2025-05-04,Summit Seekers,fishing supplies
OutdoorMaster Camping Stove,848,2025-09-14,Trailblazer Gear,mountain biking
TrailTracker GPS Device,68,2024-04-01,Summit Supplies,hiking equipment
HikePro Trekking Poles,782,2024-07-11,Wilderness Outfitters,hiking equipment
NatureSeeker Binoculars,236,2025-03-23,Wildland Gear,climbing
TrailTracker GPS Device,997,2024-04-14,Trailblazer Gear,hiking equipment
OutdoorGear Hammock,77,2025-04-06,Summit Seekers,skiing
TrailBlazer Camping Tent,237,2025-02-18,Nature's Trail Gear,camping gear
CampfirePro Cooking Set,400,2024-06-27,Outdoor Discovery Co.,hiking equipment
AdventurePro Backpack,244,2025-07-25,Summit Seekers,backpacking
CampfirePro Cooking Set,16,2025-07-04,Outdoor Pursuits Co.,hiking equipment
CampfirePro Cooking Set,368,2024-01-08,Summit Seekers,mountain biking
ExplorerX Hiking Boots,176,2025-01-28,Outdoor Provisions Ltd.,skiing
ExplorerX Hiking Boots,652,2024-03-27,Explorers Equipment,backpacking
ExplorerX Hiking Boots,143,2025-08-06,Nature's Best Gear,hiking equipment
ExplorerX Hiking Boots,717,2024-08-27,Nature's Best Gear,camping gear
OutdoorMaster Camping Stove,176,2025-04-08,Outdoor Provisions Ltd.,hiking equipment
TrailTracker GPS Device,785,2024-10-03,Adventure Seekers Gear,skiing
TrailBlazer Camping Tent,572,2025-06-11,Adventure Gear Co.,climbing
OutdoorMaster Camping Stove,237,2025-09-23,Outdoor Pursuits Co.,camping gear
NatureSeeker Binoculars,282,2025-01-25,Wilderness Outfitters,backpacking
OutdoorMaster Camping Stove,998,2024-03-02,Trailblazer Supplies,camping gear
CampfirePro Cooking Set,865,2025-01-29,Summit Supplies,camping gear
TrailBlazer Camping Tent,747,2024-04-19,Expedition Outfitters,hiking equipment
OutdoorMaster Camping Stove,568,2024-08-21,Adventure Seekers Gear,hiking equipment
HikePro Trekking Poles,441,2025-03-23,Explorers Equipment,mountain biking
WildernessSurvivor Survival Kit,733,2025-08-13,Summit Seekers,fishing supplies
OutdoorMaster Camping Stove,90,2025-08-30,Adventure Gear Co.,fishing supplies
WildernessSurvivor Survival Kit,332,2024-06-03,Explorers Equipment,fishing supplies
CampfirePro Cooking Set,294,2025-07-12,Trailblazer Outfitters,backpacking
NatureSeeker Binoculars,382,2024-06-19,Wildland Gear,skiing
OutdoorGear Hammock,225,2024-03-21,Backcountry Bound,hiking equipment
OutdoorMaster Camping Stove,206,2025-03-21,Outdoor Pursuits Co.,hiking equipment
TrailTracker GPS Device,499,2025-05-12,Outdoor Pursuits Co.,camping gear
NatureSeeker Binoculars,731,2024-01-03,Nature's Edge Equipment,camping gear
CampfirePro Cooking Set,53,2024-11-10,Explorer's Edge Equipment,hiking equipment
ExplorerX Hiking Boots,993,2025-07-19,Peak Performance Gear,fishing supplies
CampfirePro Cooking Set,196,2024-03-13,Explorers Equipment,fishing supplies
OutdoorGear Hammock,333,2024-10-08,Pioneer Gearworks,mountain biking
AdventurePro Backpack,386,2024-06-30,Expedition Outfitters,camping gear
NatureSeeker Binoculars,561,2024-09-20,Adventure Seekers Gear,climbing
NatureSeeker Binoculars,315,2024-11-05,Explorer's Edge Equipment,backpacking
OutdoorGear Hammock,569,2024-03-19,Nature's Best Gear,skiing
TrailBlazer Camping Tent,361,2025-08-08,Outdoor Discovery Co.,climbing
CampfirePro Cooking Set,330,2024-10-17,Backcountry Bound,backpacking
OutdoorMaster Camping Stove,13,2024-10-19,Nature's Trail Gear,skiing
OutdoorGear Hammock,901,2024-05-21,Wildland Gear,climbing
TrailTracker GPS Device,744,2024-12-05,Outdoor Discovery Co.,climbing
ExplorerX Hiking Boots,520,2024-04-22,Pioneer Gearworks,backpacking
TrailTracker GPS Device,318,2024-06-15,Nature's Trail Gear,camping gear
ExplorerX Hiking Boots,560,2024-06-20,Explorers Equipment,climbing
TrailTracker GPS Device,725,2025-08-04,Peak Performance Gear,camping gear
HikePro Trekking Poles,944,2025-08-02,Peak Performance Gear,camping gear
TrailBlazer Camping Tent,715,2024-10-27,Nature's Edge Equipment,mountain biking
TrailBlazer Camping Tent,681,2025-04-04,Pioneer Gearworks,skiing
WildernessSurvivor Survival Kit,907,2024-07-07,Nature's Edge Equipment,mountain biking
WildernessSurvivor Survival Kit,944,2025-05-01,Backcountry Bound,skiing
CampfirePro Cooking Set,883,2024-05-06,Wilderness Wares,skiing
OutdoorMaster Camping Stove,784,2025-03-01,Outdoor Discovery Co.,hiking equipment
OutdoorGear Hammock,650,2025-08-19,Wilderness Outfitters,mountain biking
TrailBlazer Camping Tent,98,2024-05-18,Trailblazer Supplies,camping gear
TrailBlazer Camping Tent,21,2024-01-06,Adventure Gear Co.,backpacking
NatureSeeker Binoculars,476,2025-09-09,Wilderness Wares,hiking equipment
HikePro Trekking Poles,813,2025-05-30,Expedition Outfitters,mountain biking
AdventurePro Backpack,49,2024-03-28,Wilderness Wares,fishing supplies
OutdoorGear Hammock,431,2025-06-11,Explorers Equipment,hiking equipment
OutdoorMaster Camping Stove,459,2025-07-31,Backcountry Bound,climbing
NatureSeeker Binoculars,314,2025-03-18,Summit Supplies,camping gear
HikePro Trekking Poles,797,2024-10-27,Wildland Gear,fishing supplies
TrailBlazer Camping Tent,552,2024-03-06,Nature's Edge Equipment,backpacking
WildernessSurvivor Survival Kit,727,2024-04-28,Outdoor Pursuits Co.,skiing
OutdoorMaster Camping Stove,114,2025-07-02,Trailblazer Supplies,fishing supplies
NatureSeeker Binoculars,943,2024-02-25,Peak Performance Gear,fishing supplies
AdventurePro Backpack,359,2025-09-15,Alpine Adventure Co.,hiking equipment
WildernessSurvivor Survival Kit,568,2024-05-23,Trailblazer Outfitters,mountain biking
CampfirePro Cooking Set,867,2025-06-20,Adventure Seekers Gear,climbing
NatureSeeker Binoculars,698,2025-02-14,Alpine Adventure Co.,climbing
ExplorerX Hiking Boots,732,2025-09-07,Summit Seekers,mountain biking
TrailBlazer Camping Tent,543,2025-08-03,Alpine Adventure Co.,skiing
TrailTracker GPS Device,733,2025-08-28,Expedition Outfitters,backpacking
HikePro Trekking Poles,231,2025-08-06,Adventure Seekers Gear,hiking equipment
OutdoorMaster Camping Stove,659,2024-01-29,Wilderness Outfitters,camping gear
OutdoorGear Hammock,463,2025-05-09,Alpine Adventure Co.,hiking equipment
OutdoorGear Hammock,347,2024-09-19,Nature's Edge Equipment,camping gear
WildernessSurvivor Survival Kit,594,2024-11-01,Wilderness Outfitters,climbing
AdventurePro Backpack,255,2024-01-08,Expedition Outfitters,camping gear
CampfirePro Cooking Set,355,2024-06-13,Outdoor Gear Emporium,skiing
TrailBlazer Camping Tent,166,2025-05-15,Trailblazer Gear,camping gear
TrailBlazer Camping Tent,754,2025-08-24,Wildland Gear,backpacking
OutdoorGear Hammock,602,2024-10-23,Explorer's Edge Equipment,fishing supplies
CampfirePro Cooking Set,375,2024-09-14,Nature's Edge Equipment,skiing
OutdoorGear Hammock,126,2025-03-08,Explorer's Edge Equipment,skiing
HikePro Trekking Poles,26,2024-12-11,Explorers Equipment,hiking equipment
HikePro Trekking Poles,255,2024-03-25,Peak Performance Gear,camping gear
CampfirePro Cooking Set,621,2024-01-15,Adventure Seekers Gear,skiing
CampfirePro Cooking Set,767,2025-01-10,Explorers Equipment,hiking equipment
NatureSeeker Binoculars,140,2024-04-07,Trailblazer Gear,fishing supplies
TrailBlazer Camping Tent,586,2024-02-05,Adventure Seekers Gear,climbing
HikePro Trekking Poles,835,2024-02-22,Nature's Trail Gear,camping gear
TrailBlazer Camping Tent,482,2024-05-10,Alpine Adventure Co.,climbing
HikePro Trekking Poles,339,2025-04-07,Nature's Trail Gear,skiing
CampfirePro Cooking Set,525,2024-02-17,Adventure Gear Co.,mountain biking
OutdoorMaster Camping Stove,329,2025-07-11,Wilderness Wares,hiking equipment
OutdoorGear Hammock,101,2024-10-30,Wildland Gear,skiing
HikePro Trekking Poles,234,2024-06-13,Backcountry Essentials,climbing
OutdoorMaster Camping Stove,782,2025-01-04,Backcountry Bound,skiing
HikePro Trekking Poles,73,2024-01-15,Nature's Trail Gear,camping gear
AdventurePro Backpack,90,2025-05-10,Peak Performance Gear,climbing
TrailBlazer Camping Tent,338,2024-02-20,Backcountry Essentials,backpacking
TrailBlazer Camping Tent,580,2025-08-12,Adventure Gear Co.,camping gear
NatureSeeker Binoculars,926,2025-09-28,Nature's Edge Equipment,fishing supplies
AdventurePro Backpack,986,2025-06-15,Wilderness Wares,backpacking
CampfirePro Cooking Set,782,2024-10-12,Explorer's Edge Equipment,climbing
AdventurePro Backpack,376,2024-05-09,Pioneer Gearworks,climbing
NatureSeeker Binoculars,573,2025-02-06,Adventure Gear Co.,camping gear
ExplorerX Hiking Boots,450,2024-02-22,Outdoor Pursuits Co.,backpacking
OutdoorGear Hammock,899,2025-07-21,Wilderness Wares,camping gear
NatureSeeker Binoculars,457,2024-02-28,Backcountry Bound,skiing
HikePro Trekking Poles,480,2025-03-02,Nature's Trail Gear,skiing
HikePro Trekking Poles,427,2024-08-23,Adventure Gear Co.,climbing
ExplorerX Hiking Boots,235,2024-03-24,Wilderness Outfitters,climbing
NatureSeeker Binoculars,83,2025-07-02,Outdoor Provisions Ltd.,skiing
ExplorerX Hiking Boots,98,2024-03-20,Explorer's Edge Equipment,mountain biking
TrailBlazer Camping Tent,491,2024-05-23,Trailblazer Gear,skiing
OutdoorMaster Camping Stove,396,2024-06-07,Adventure Seekers Gear,fishing supplies
NatureSeeker Binoculars,674,2025-01-30,Explorers Equipment,fishing supplies
CampfirePro Cooking Set,666,2024-03-16,Wilderness Wares,mountain biking
OutdoorGear Hammock,125,2024-04-27,Trailblazer Supplies,mountain biking
TrailBlazer Camping Tent,216,2025-05-22,Backcountry Bound,climbing
CampfirePro Cooking Set,796,2024-10-30,Adventure Gear Co.,climbing
TrailBlazer Camping Tent,757,2025-02-19,Explorers Equipment,skiing
NatureSeeker Binoculars,929,2025-08-12,Pioneer Gearworks,mountain biking
TrailBlazer Camping Tent,545,2024-09-11,Adventure Seekers Gear,backpacking
OutdoorMaster Camping Stove,236,2024-01-19,Summit Supplies,skiing
OutdoorMaster Camping Stove,117,2025-09-22,Trailblazer Supplies,camping gear
TrailBlazer Camping Tent,934,2024-12-08,Summit Supplies,camping gear
OutdoorGear Hammock,365,2025-03-20,Backcountry Bound,climbing
ExplorerX Hiking Boots,788,2025-01-27,Nature's Edge Equipment,climbing
HikePro Trekking Poles,154,2025-08-16,Outdoor Discovery Co.,skiing
NatureSeeker Binoculars,510,2025-06-18,Outdoor Discovery Co.,skiing
TrailBlazer Camping Tent,549,2025-07-08,Wildland Gear,skiing
ExplorerX Hiking Boots,991,2024-07-02,Backcountry Essentials,camping gear
TrailTracker GPS Device,133,2025-02-25,Wilderness Wares,hiking equipment
WildernessSurvivor Survival Kit,218,2024-01-30,Expedition Outfitters,camping gear
NatureSeeker Binoculars,593,2024-06-29,Trailblazer Outfitters,climbing
WildernessSurvivor Survival Kit,471,2024-03-23,Explorers Equipment,fishing supplies
NatureSeeker Binoculars,542,2024-01-14,Adventure Seekers Gear,hiking equipment
ExplorerX Hiking Boots,741,2025-03-30,Peak Performance Gear,skiing
TrailBlazer Camping Tent,180,2024-11-24,Nature's Best Gear,mountain biking
HikePro Trekking Poles,218,2025-08-27,Adventure Gear Co.,fishing supplies
TrailBlazer Camping Tent,845,2024-03-24,Wilderness Wares,backpacking
OutdoorMaster Camping Stove,268,2024-08-17,Adventure Gear Co.,fishing supplies
OutdoorGear Hammock,633,2025-01-18,Pioneer Gearworks,climbing
OutdoorMaster Camping Stove,49,2024-03-24,Expedition Outfitters,mountain biking
TrailTracker GPS Device,394,2024-09-27,Adventure Gear Co.,camping gear
TrailBlazer Camping Tent,137,2024-12-15,Outdoor Provisions Ltd.,fishing supplies
TrailTracker GPS Device,556,2024-05-09,Outdoor Discovery Co.,camping gear
HikePro Trekking Poles,809,2024-10-26,Adventure Gear Co.,skiing
OutdoorGear Hammock,842,2024-07-03,Outdoor Provisions Ltd.,mountain biking
WildernessSurvivor Survival Kit,474,2025-07-10,Trailblazer Supplies,climbing
OutdoorMaster Camping Stove,791,2024-03-06,Outdoor Gear Emporium,climbing
WildernessSurvivor Survival Kit,158,2025-06-09,Peak Performance Gear,backpacking
CampfirePro Cooking Set,681,2024-04-30,Adventure Seekers Gear,fishing supplies
TrailTracker GPS Device,291,2025-04-01,Wilderness Outfitters,camping gear
NatureSeeker Binoculars,556,2024-05-09,Expedition Outfitters,fishing supplies
TrailTracker GPS Device,565,2024-05-19,Peak Performance Gear,backpacking
HikePro Trekking Poles,123,2024-07-01,Nature's Edge Equipment,skiing
AdventurePro Backpack,276,2024-12-19,Pioneer Gearworks,mountain biking
TrailBlazer Camping Tent,773,2024-09-04,Trailblazer Supplies,skiing
OutdoorGear Hammock,632,2024-06-30,Backcountry Essentials,mountain biking
CampfirePro Cooking Set,61,2025-03-24,Wildland Gear,mountain biking
TrailTracker GPS Device,858,2024-07-17,Outdoor Discovery Co.,mountain biking
WildernessSurvivor Survival Kit,130,2024-10-06,Nature's Edge Equipment,climbing
CampfirePro Cooking Set,589,2024-09-02,Wildland Gear,mountain biking
CampfirePro Cooking Set,883,2024-07-31,Adventure Gear Co.,mountain biking
AdventurePro Backpack,790,2024-04-02,Outdoor Discovery Co.,backpacking
OutdoorMaster Camping Stove,766,2025-08-13,Outdoor Gear Emporium,backpacking
HikePro Trekking Poles,107,2024-01-27,Wilderness Wares,camping gear
HikePro Trekking Poles,489,2025-08-22,Wilderness Outfitters,fishing supplies
NatureSeeker Binoculars,855,2025-02-09,Summit Supplies,hiking equipment
NatureSeeker Binoculars,660,2024-03-07,Wilderness Outfitters,climbing
WildernessSurvivor Survival Kit,116,2025-05-21,Summit Seekers,climbing
OutdoorGear Hammock,69,2024-03-28,Nature's Edge Equipment,skiing
WildernessSurvivor Survival Kit,594,2025-07-10,Trailblazer Outfitters,skiing
AdventurePro Backpack,913,2024-10-02,Wilderness Wares,camping gear
TrailBlazer Camping Tent,615,2024-09-24,Adventure Seekers Gear,mountain biking
AdventurePro Backpack,216,2024-07-06,Outdoor Discovery Co.,climbing
ExplorerX Hiking Boots,883,2025-09-18,Outdoor Gear Emporium,camping gear
HikePro Trekking Poles,447,2024-12-02,Wilderness Wares,fishing supplies
NatureSeeker Binoculars,784,2025-05-23,Explorer's Edge Equipment,mountain biking
WildernessSurvivor Survival Kit,758,2024-01-20,Peak Performance Gear,camping gear
TrailBlazer Camping Tent,109,2024-11-21,Outdoor Discovery Co.,fishing supplies
ExplorerX Hiking Boots,717,2025-03-16,Explorers Equipment,fishing supplies
NatureSeeker Binoculars,155,2025-01-05,Trailblazer Gear,hiking equipment
NatureSeeker Binoculars,772,2024-10-13,Outdoor Discovery Co.,backpacking
AdventurePro Backpack,867,2024-09-23,Wilderness Wares,hiking equipment
NatureSeeker Binoculars,100,2024-01-01,Nature's Best Gear,camping gear
ExplorerX Hiking Boots,590,2024-05-18,Wilderness Wares,hiking equipment
CampfirePro Cooking Set,59,2024-09-01,Trailblazer Supplies,camping gear
ExplorerX Hiking Boots,822,2024-02-04,Outdoor Pursuits Co.,climbing
CampfirePro Cooking Set,191,2024-12-10,Backcountry Bound,fishing supplies
ExplorerX Hiking Boots,626,2024-06-18,Wilderness Wares,camping gear
AdventurePro Backpack,471,2024-05-14,Explorers Equipment,fishing supplies
WildernessSurvivor Survival Kit,747,2025-06-11,Expedition Outfitters,mountain biking
HikePro Trekking Poles,496,2024-01-29,Backcountry Essentials,backpacking
HikePro Trekking Poles,931,2025-06-18,Expedition Outfitters,backpacking
OutdoorMaster Camping Stove,271,2024-01-02,Wilderness Wares,climbing
CampfirePro Cooking Set,249,2025-06-12,Outdoor Discovery Co.,camping gear
OutdoorGear Hammock,859,2025-04-26,Nature's Trail Gear,fishing supplies
OutdoorGear Hammock,557,2024-08-07,Adventure Gear Co.,hiking equipment
HikePro Trekking Poles,306,2024-05-11,Nature's Trail Gear,climbing
OutdoorMaster Camping Stove,540,2025-06-13,Outdoor Gear Emporium,backpacking
HikePro Trekking Poles,951,2025-01-28,Backcountry Bound,climbing
OutdoorMaster Camping Stove,888,2024-09-04,Outdoor Provisions Ltd.,hiking equipment
AdventurePro Backpack,54,2024-02-18,Outdoor Gear Emporium,mountain biking
WildernessSurvivor Survival Kit,317,2025-08-28,Outdoor Provisions Ltd.,camping gear
TrailBlazer Camping Tent,405,2024-09-10,Summit Supplies,mountain biking
TrailBlazer Camping Tent,82,2024-10-02,Adventure Gear Co.,skiing
TrailBlazer Camping Tent,547,2024-01-12,Peak Performance Gear,skiing
WildernessSurvivor Survival Kit,694,2025-01-14,Wilderness Wares,mountain biking
NatureSeeker Binoculars,957,2024-08-10,Explorers Equipment,climbing
CampfirePro Cooking Set,442,2024-02-06,Expedition Outfitters,camping gear
OutdoorGear Hammock,966,2025-09-26,Backcountry Essentials,backpacking
HikePro Trekking Poles,800,2025-04-04,Outdoor Provisions Ltd.,hiking equipment
OutdoorMaster Camping Stove,252,2025-09-17,Trailblazer Gear,fishing supplies
TrailTracker GPS Device,546,2024-09-20,Pioneer Gearworks,fishing supplies
TrailBlazer Camping Tent,422,2024-02-01,Outdoor Discovery Co.,camping gear
TrailBlazer Camping Tent,789,2025-08-10,Nature's Best Gear,hiking equipment
OutdoorGear Hammock,308,2025-08-14,Pioneer Gearworks,hiking equipment
TrailTracker GPS Device,350,2024-09-20,Summit Supplies,mountain biking
TrailBlazer Camping Tent,219,2025-08-23,Outdoor Gear Emporium,camping gear
ExplorerX Hiking Boots,855,2025-07-15,Alpine Adventure Co.,backpacking
NatureSeeker Binoculars,369,2025-02-15,Explorer's Edge Equipment,fishing supplies
OutdoorMaster Camping Stove,255,2024-07-19,Outdoor Gear Emporium,fishing supplies
OutdoorGear Hammock,645,2025-04-28,Backcountry Essentials,camping gear
ExplorerX Hiking Boots,383,2024-03-29,Wilderness Wares,mountain biking
OutdoorGear Hammock,235,2025-09-29,Backcountry Essentials,climbing
WildernessSurvivor Survival Kit,116,2024-06-09,Outdoor Gear Emporium,camping gear
TrailTracker GPS Device,524,2025-02-15,Trailblazer Outfitters,mountain biking
HikePro Trekking Poles,92,2024-03-12,Nature's Edge Equipment,hiking equipment
OutdoorGear Hammock,648,2024-05-03,Adventure Gear Co.,climbing
OutdoorGear Hammock,971,2024-06-15,Adventure Gear Co.,hiking equipment
NatureSeeker Binoculars,540,2025-02-17,Summit Supplies,camping gear
HikePro Trekking Poles,547,2024-03-16,Outdoor Gear Emporium,hiking equipment
ExplorerX Hiking Boots,561,2025-03-01,Explorer's Edge Equipment,camping gear
ExplorerX Hiking Boots,85,2025-05-04,Wildland Gear,hiking equipment
OutdoorGear Hammock,758,2025-04-09,Wilderness Wares,fishing supplies
OutdoorGear Hammock,755,2025-04-17,Explorers Equipment,skiing
OutdoorMaster Camping Stove,54,2024-04-23,Trailblazer Outfitters,climbing
AdventurePro Backpack,40,2025-01-17,Outdoor Provisions Ltd.,backpacking
WildernessSurvivor Survival Kit,78,2024-04-27,Alpine Adventure Co.,fishing supplies
CampfirePro Cooking Set,851,2024-09-08,Trailblazer Supplies,hiking equipment
NatureSeeker Binoculars,12,2024-02-22,Nature's Edge Equipment,backpacking
OutdoorGear Hammock,724,2024-10-18,Nature's Edge Equipment,climbing
NatureSeeker Binoculars,410,2025-04-17,Summit Seekers,backpacking
TrailBlazer Camping Tent,932,2025-06-21,Nature's Trail Gear,mountain biking
AdventurePro Backpack,889,2025-03-31,Wildland Gear,backpacking
OutdoorGear Hammock,416,2024-03-21,Peak Performance Gear,skiing
HikePro Trekking Poles,991,2024-01-13,Outdoor Provisions Ltd.,climbing
AdventurePro Backpack,34,2024-03-01,Wilderness Wares,backpacking
ExplorerX Hiking Boots,467,2024-04-03,Explorer's Edge Equipment,skiing
TrailBlazer Camping Tent,240,2025-02-21,Outdoor Discovery Co.,hiking equipment
WildernessSurvivor Survival Kit,142,2024-08-18,Outdoor Discovery Co.,climbing
CampfirePro Cooking Set,240,2024-08-10,Nature's Trail Gear,skiing
ExplorerX Hiking Boots,881,2025-04-13,Expedition Outfitters,camping gear
TrailTracker GPS Device,981,2024-04-30,Nature's Best Gear,climbing
OutdoorMaster Camping Stove,616,2025-04-03,Outdoor Pursuits Co.,hiking equipment
OutdoorMaster Camping Stove,19,2025-05-14,Outdoor Discovery Co.,mountain biking
OutdoorGear Hammock,496,2024-12-22,Nature's Trail Gear,fishing supplies
TrailTracker GPS Device,588,2024-10-13,Wilderness Outfitters,fishing supplies
OutdoorGear Hammock,669,2025-09-16,Explorers Equipment,fishing supplies
OutdoorGear Hammock,960,2024-07-29,Outdoor Gear Emporium,skiing
ExplorerX Hiking Boots,732,2024-06-05,Alpine Adventure Co.,fishing supplies
OutdoorGear Hammock,475,2024-08-25,Wildland Gear,fishing supplies
TrailTracker GPS Device,239,2025-01-19,Adventure Seekers Gear,backpacking
WildernessSurvivor Survival Kit,870,2024-06-17,Trailblazer Supplies,climbing
AdventurePro Backpack,408,2024-05-14,Expedition Outfitters,hiking equipment
CampfirePro Cooking Set,738,2025-07-16,Summit Seekers,hiking equipment
OutdoorGear Hammock,29,2024-04-19,Wilderness Wares,mountain biking
NatureSeeker Binoculars,185,2024-11-07,Nature's Best Gear,climbing
NatureSeeker Binoculars,323,2025-05-05,Summit Supplies,backpacking
NatureSeeker Binoculars,80,2024-05-30,Nature's Best Gear,skiing
NatureSeeker Binoculars,735,2025-05-23,Backcountry Bound,hiking equipment
AdventurePro Backpack,97,2025-04-28,Nature's Trail Gear,backpacking
WildernessSurvivor Survival Kit,13,2025-03-12,Adventure Gear Co.,camping gear
TrailBlazer Camping Tent,586,2024-06-03,Backcountry Essentials,camping gear
WildernessSurvivor Survival Kit,614,2025-08-23,Nature's Trail Gear,backpacking
AdventurePro Backpack,445,2024-11-16,Expedition Outfitters,backpacking
OutdoorGear Hammock,455,2024-04-20,Outdoor Provisions Ltd.,fishing supplies
ExplorerX Hiking Boots,935,2024-05-02,Outdoor Discovery Co.,climbing
ExplorerX Hiking Boots,436,2025-08-01,Nature's Best Gear,skiing
OutdoorGear Hammock,877,2025-05-01,Pioneer Gearworks,hiking equipment
TrailBlazer Camping Tent,863,2024-04-11,Nature's Trail Gear,camping gear
WildernessSurvivor Survival Kit,331,2024-07-05,Nature's Trail Gear,skiing
WildernessSurvivor Survival Kit,885,2024-06-05,Pioneer Gearworks,hiking equipment
OutdoorMaster Camping Stove,528,2024-11-27,Adventure Gear Co.,camping gear
WildernessSurvivor Survival Kit,599,2024-10-15,Summit Supplies,hiking equipment
TrailTracker GPS Device,294,2024-02-02,Summit Seekers,mountain biking
OutdoorGear Hammock,238,2025-04-05,Outdoor Provisions Ltd.,hiking equipment
WildernessSurvivor Survival Kit,69,2024-12-25,Nature's Best Gear,skiing
ExplorerX Hiking Boots,564,2024-08-03,Expedition Outfitters,fishing supplies
OutdoorMaster Camping Stove,984,2025-02-14,Wilderness Wares,backpacking
OutdoorGear Hammock,212,2025-07-21,Trailblazer Supplies,backpacking
TrailTracker GPS Device,175,2025-02-20,Alpine Adventure Co.,fishing supplies
TrailTracker GPS Device,929,2024-09-01,Wilderness Wares,backpacking
OutdoorGear Hammock,315,2025-05-12,Backcountry Essentials,fishing supplies
OutdoorGear Hammock,677,2025-08-20,Adventure Seekers Gear,camping gear
TrailBlazer Camping Tent,605,2025-06-12,Adventure Seekers Gear,backpacking
HikePro Trekking Poles,273,2024-06-03,Outdoor Gear Emporium,skiing
NatureSeeker Binoculars,902,2024-05-20,Outdoor Provisions Ltd.,climbing
CampfirePro Cooking Set,963,2024-10-26,Trailblazer Gear,skiing
OutdoorMaster Camping Stove,889,2024-02-12,Adventure Gear Co.,backpacking
OutdoorMaster Camping Stove,207,2025-06-01,Nature's Best Gear,fishing supplies
OutdoorMaster Camping Stove,72,2025-09-04,Adventure Gear Co.,climbing
AdventurePro Backpack,61,2024-12-26,Wilderness Outfitters,skiing
AdventurePro Backpack,807,2025-09-10,Outdoor Discovery Co.,camping gear
TrailBlazer Camping Tent,754,2025-09-07,Adventure Gear Co.,climbing
AdventurePro Backpack,522,2025-01-20,Nature's Trail Gear,hiking equipment
OutdoorMaster Camping Stove,864,2024-11-06,Adventure Seekers Gear,hiking equipment
CampfirePro Cooking Set,763,2024-11-20,Wilderness Wares,climbing
TrailBlazer Camping Tent,126,2024-06-29,Wilderness Wares,climbing
CampfirePro Cooking Set,355,2025-03-01,Outdoor Pursuits Co.,climbing
OutdoorMaster Camping Stove,182,2024-01-01,Outdoor Discovery Co.,hiking equipment
CampfirePro Cooking Set,584,2024-11-18,Backcountry Essentials,mountain biking
OutdoorGear Hammock,880,2025-09-02,Wilderness Outfitters,backpacking
AdventurePro Backpack,415,2025-06-06,Expedition Outfitters,fishing supplies
TrailTracker GPS Device,378,2025-05-24,Nature's Best Gear,fishing supplies
CampfirePro Cooking Set,652,2024-02-14,Alpine Adventure Co.,mountain biking
ExplorerX Hiking Boots,173,2025-03-11,Adventure Seekers Gear,fishing supplies
TrailTracker GPS Device,678,2024-08-22,Wildland Gear,climbing
OutdoorMaster Camping Stove,856,2024-11-16,Summit Seekers,camping gear
AdventurePro Backpack,879,2024-03-19,Explorer's Edge Equipment,hiking equipment
HikePro Trekking Poles,360,2025-04-10,Trailblazer Supplies,fishing supplies
NatureSeeker Binoculars,582,2025-09-17,Nature's Trail Gear,mountain biking
NatureSeeker Binoculars,486,2025-09-13,Explorer's Edge Equipment,climbing
HikePro Trekking Poles,596,2024-06-26,Peak Performance Gear,skiing
NatureSeeker Binoculars,950,2024-12-24,Trailblazer Outfitters,camping gear
CampfirePro Cooking Set,306,2024-06-11,Trailblazer Gear,camping gear
OutdoorGear Hammock,194,2024-07-30,Explorers Equipment,climbing
AdventurePro Backpack,444,2024-03-08,Outdoor Discovery Co.,backpacking
TrailBlazer Camping Tent,32,2024-11-27,Wilderness Wares,climbing
OutdoorMaster Camping Stove,869,2025-04-21,Nature's Trail Gear,backpacking
HikePro Trekking Poles,945,2025-02-28,Nature's Best Gear,hiking equipment
ExplorerX Hiking Boots,962,2024-05-28,Adventure Gear Co.,hiking equipment
TrailTracker GPS Device,382,2025-09-01,Backcountry Bound,backpacking
OutdoorGear Hammock,499,2025-02-13,Summit Supplies,camping gear
AdventurePro Backpack,76,2025-04-14,Backcountry Essentials,mountain biking
TrailBlazer Camping Tent,348,2024-08-29,Outdoor Pursuits Co.,mountain biking
OutdoorGear Hammock,932,2025-03-25,Backcountry Essentials,backpacking
ExplorerX Hiking Boots,481,2024-02-07,Backcountry Essentials,fishing supplies
WildernessSurvivor Survival Kit,920,2024-04-14,Explorers Equipment,climbing
TrailBlazer Camping Tent,112,2024-03-22,Wilderness Wares,hiking equipment
NatureSeeker Binoculars,598,2024-07-25,Expedition Outfitters,backpacking
OutdoorMaster Camping Stove,389,2025-03-21,Backcountry Bound,fishing supplies
TrailTracker GPS Device,471,2025-04-06,Adventure Gear Co.,climbing
OutdoorMaster Camping Stove,855,2025-03-15,Backcountry Essentials,backpacking
AdventurePro Backpack,704,2024-05-02,Explorers Equipment,skiing
ExplorerX Hiking Boots,790,2024-05-10,Peak Performance Gear,fishing supplies
CampfirePro Cooking Set,336,2025-04-12,Outdoor Pursuits Co.,climbing
CampfirePro Cooking Set,563,2025-04-11,Trailblazer Supplies,skiing
TrailBlazer Camping Tent,943,2025-07-10,Explorer's Edge Equipment,climbing
TrailTracker GPS Device,856,2025-07-29,Trailblazer Supplies,fishing supplies
OutdoorGear Hammock,428,2024-07-02,Outdoor Pursuits Co.,camping gear
HikePro Trekking Poles,907,2025-03-15,Alpine Adventure Co.,climbing
HikePro Trekking Poles,456,2024-03-10,Wilderness Wares,mountain biking
OutdoorGear Hammock,768,2024-12-06,Nature's Trail Gear,hiking equipment
AdventurePro Backpack,460,2025-01-04,Outdoor Pursuits Co.,climbing
CampfirePro Cooking Set,901,2025-06-30,Outdoor Gear Emporium,mountain biking
AdventurePro Backpack,420,2024-11-24,Backcountry Bound,camping gear
HikePro Trekking Poles,91,2024-11-19,Peak Performance Gear,hiking equipment
WildernessSurvivor Survival Kit,6,2024-12-14,Wilderness Wares,fishing supplies
TrailBlazer Camping Tent,117,2025-08-11,Adventure Gear Co.,mountain biking
AdventurePro Backpack,305,2025-02-15,Backcountry Essentials,climbing
ExplorerX Hiking Boots,596,2024-08-28,Summit Seekers,fishing supplies
ExplorerX Hiking Boots,421,2025-03-30,Outdoor Provisions Ltd.,backpacking
ExplorerX Hiking Boots,85,2024-06-22,Trailblazer Supplies,fishing supplies
TrailTracker GPS Device,63,2025-03-01,Backcountry Bound,climbing
HikePro Trekking Poles,358,2024-06-14,Explorer's Edge Equipment,fishing supplies
HikePro Trekking Poles,348,2024-07-31,Trailblazer Gear,fishing supplies
CampfirePro Cooking Set,590,2024-01-12,Outdoor Gear Emporium,skiing
TrailBlazer Camping Tent,43,2024-07-13,Wildland Gear,fishing supplies
OutdoorMaster Camping Stove,512,2025-01-10,Explorers Equipment,mountain biking
AdventurePro Backpack,287,2024-07-16,Alpine Adventure Co.,backpacking
WildernessSurvivor Survival Kit,710,2024-05-28,Backcountry Essentials,fishing supplies
OutdoorMaster Camping Stove,966,2025-02-19,Wildland Gear,skiing
CampfirePro Cooking Set,993,2024-08-31,Summit Seekers,mountain biking
NatureSeeker Binoculars,494,2024-03-28,Trailblazer Outfitters,hiking equipment
ExplorerX Hiking Boots,434,2025-02-20,Nature's Trail Gear,mountain biking
CampfirePro Cooking Set,4,2024-04-27,Outdoor Pursuits Co.,camping gear
NatureSeeker Binoculars,828,2025-02-04,Trailblazer Supplies,fishing supplies
AdventurePro Backpack,383,2025-07-05,Outdoor Discovery Co.,skiing
OutdoorMaster Camping Stove,934,2025-07-26,Adventure Seekers Gear,climbing
WildernessSurvivor Survival Kit,280,2025-06-26,Peak Performance Gear,fishing supplies
TrailBlazer Camping Tent,209,2025-05-17,Alpine Adventure Co.,climbing
WildernessSurvivor Survival Kit,666,2024-11-23,Alpine Adventure Co.,skiing
WildernessSurvivor Survival Kit,353,2024-12-12,Backcountry Bound,skiing
HikePro Trekking Poles,907,2024-05-17,Trailblazer Supplies,camping gear
TrailBlazer Camping Tent,672,2024-06-29,Nature's Best Gear,climbing
CampfirePro Cooking Set,189,2024-05-15,Outdoor Gear Emporium,hiking equipment
TrailTracker GPS Device,265,2025-02-11,Summit Seekers,camping gear
TrailTracker GPS Device,740,2025-05-20,Explorer's Edge Equipment,fishing supplies
WildernessSurvivor Survival Kit,610,2024-02-19,Summit Supplies,fishing supplies
HikePro Trekking Poles,637,2025-04-20,Nature's Edge Equipment,hiking equipment
AdventurePro Backpack,778,2025-08-15,Outdoor Pursuits Co.,backpacking
WildernessSurvivor Survival Kit,52,2024-09-06,Trailblazer Supplies,backpacking
NatureSeeker Binoculars,391,2024-03-28,Wildland Gear,mountain biking
TrailBlazer Camping Tent,201,2024-02-05,Alpine Adventure Co.,climbing
WildernessSurvivor Survival Kit,380,2024-11-10,Outdoor Provisions Ltd.,fishing supplies
OutdoorGear Hammock,58,2025-04-07,Expedition Outfitters,backpacking
TrailTracker GPS Device,688,2025-08-31,Wilderness Wares,backpacking
ExplorerX Hiking Boots,194,2024-10-11,Pioneer Gearworks,climbing
HikePro Trekking Poles,628,2024-11-14,Adventure Gear Co.,mountain biking
ExplorerX Hiking Boots,307,2025-01-13,Nature's Edge Equipment,backpacking
WildernessSurvivor Survival Kit,328,2025-01-25,Wilderness Wares,skiing
HikePro Trekking Poles,450,2025-09-14,Summit Supplies,hiking equipment
WildernessSurvivor Survival Kit,109,2025-09-03,Summit Seekers,fishing supplies
AdventurePro Backpack,968,2025-04-03,Trailblazer Supplies,backpacking
ExplorerX Hiking Boots,628,2024-12-22,Adventure Gear Co.,camping gear
HikePro Trekking Poles,149,2024-04-22,Wilderness Outfitters,backpacking
CampfirePro Cooking Set,384,2025-08-23,Alpine Adventure Co.,backpacking
OutdoorGear Hammock,816,2025-03-19,Trailblazer Supplies,hiking equipment
CampfirePro Cooking Set,57,2025-04-15,Nature's Trail Gear,hiking equipment
NatureSeeker Binoculars,975,2024-05-06,Trailblazer Outfitters,climbing
CampfirePro Cooking Set,485,2025-01-02,Nature's Trail Gear,mountain biking
WildernessSurvivor Survival Kit,13,2024-05-15,Adventure Seekers Gear,mountain biking
TrailBlazer Camping Tent,294,2024-03-26,Pioneer Gearworks,skiing
CampfirePro Cooking Set,701,2025-06-12,Nature's Best Gear,hiking equipment
CampfirePro Cooking Set,688,2024-03-04,Adventure Gear Co.,mountain biking
TrailBlazer Camping Tent,572,2024-10-20,Nature's Trail Gear,backpacking
AdventurePro Backpack,530,2024-08-30,Adventure Gear Co.,backpacking
ExplorerX Hiking Boots,223,2025-04-14,Outdoor Gear Emporium,skiing
TrailBlazer Camping Tent,296,2024-07-09,Nature's Trail Gear,mountain biking
WildernessSurvivor Survival Kit,927,2024-02-20,Adventure Seekers Gear,fishing supplies
TrailBlazer Camping Tent,416,2025-01-26,Adventure Gear Co.,hiking equipment
OutdoorMaster Camping Stove,107,2025-09-23,Outdoor Provisions Ltd.,backpacking
OutdoorMaster Camping Stove,861,2024-09-13,Backcountry Bound,mountain biking
OutdoorGear Hammock,103,2025-09-11,Outdoor Provisions Ltd.,climbing
OutdoorGear Hammock,829,2024-10-21,Trailblazer Outfitters,mountain biking
WildernessSurvivor Survival Kit,452,2024-01-10,Outdoor Gear Emporium,camping gear
OutdoorMaster Camping Stove,155,2025-04-03,Trailblazer Supplies,camping gear
NatureSeeker Binoculars,210,2024-01-10,Wilderness Outfitters,fishing supplies
TrailTracker GPS Device,462,2024-02-02,Trailblazer Supplies,fishing supplies
NatureSeeker Binoculars,798,2024-02-15,Adventure Gear Co.,mountain biking
CampfirePro Cooking Set,999,2024-02-03,Alpine Adventure Co.,mountain biking
CampfirePro Cooking Set,66,2024-12-29,Outdoor Gear Emporium,skiing
TrailBlazer Camping Tent,957,2025-03-06,Adventure Gear Co.,hiking equipment
AdventurePro Backpack,31,2024-04-28,Outdoor Provisions Ltd.,fishing supplies
TrailBlazer Camping Tent,338,2024-08-10,Outdoor Pursuits Co.,camping gear
OutdoorMaster Camping Stove,968,2024-08-05,Wilderness Wares,skiing
TrailTracker GPS Device,263,2024-12-07,Expedition Outfitters,backpacking
ExplorerX Hiking Boots,11,2024-03-14,Wilderness Outfitters,skiing
NatureSeeker Binoculars,949,2024-01-02,Outdoor Pursuits Co.,skiing
OutdoorGear Hammock,640,2025-01-02,Outdoor Provisions Ltd.,skiing
TrailTracker GPS Device,352,2024-02-06,Nature's Best Gear,skiing
TrailBlazer Camping Tent,250,2024-12-06,Adventure Seekers Gear,skiing
OutdoorGear Hammock,500,2025-09-20,Wildland Gear,climbing
CampfirePro Cooking Set,769,2024-11-08,Wilderness Wares,hiking equipment
OutdoorMaster Camping Stove,375,2024-11-25,Wilderness Outfitters,mountain biking
CampfirePro Cooking Set,552,2024-04-05,Backcountry Bound,camping gear
OutdoorGear Hammock,416,2025-04-14,Summit Seekers,fishing supplies
TrailBlazer Camping Tent,183,2024-01-29,Outdoor Gear Emporium,hiking equipment
OutdoorMaster Camping Stove,947,2025-04-05,Trailblazer Gear,mountain biking
AdventurePro Backpack,297,2024-03-09,Nature's Trail Gear,climbing
CampfirePro Cooking Set,312,2024-12-29,Backcountry Bound,hiking equipment
HikePro Trekking Poles,82,2024-04-21,Nature's Edge Equipment,skiing
ExplorerX Hiking Boots,502,2025-06-26,Expedition Outfitters,skiing
OutdoorMaster Camping Stove,728,2024-07-27,Adventure Seekers Gear,skiing
TrailBlazer Camping Tent,348,2025-01-22,Outdoor Pursuits Co.,mountain biking
NatureSeeker Binoculars,923,2024-01-28,Trailblazer Supplies,fishing supplies
WildernessSurvivor Survival Kit,153,2025-09-20,Alpine Adventure Co.,backpacking
TrailBlazer Camping Tent,804,2025-04-16,Backcountry Bound,skiing
CampfirePro Cooking Set,200,2025-03-17,Nature's Edge Equipment,mountain biking
CampfirePro Cooking Set,114,2025-08-23,Nature's Trail Gear,skiing
HikePro Trekking Poles,278,2025-08-13,Adventure Seekers Gear,camping gear
OutdoorMaster Camping Stove,223,2025-09-22,Trailblazer Supplies,mountain biking
AdventurePro Backpack,187,2025-05-03,Summit Seekers,backpacking
NatureSeeker Binoculars,926,2024-04-04,Outdoor Gear Emporium,climbing
TrailTracker GPS Device,168,2024-10-13,Wilderness Wares,camping gear
OutdoorGear Hammock,641,2024-10-07,Outdoor Gear Emporium,hiking equipment
WildernessSurvivor Survival Kit,109,2024-08-24,Wildland Gear,camping gear
OutdoorGear Hammock,652,2024-05-22,Outdoor Provisions Ltd.,camping gear
TrailBlazer Camping Tent,362,2024-04-25,Summit Seekers,skiing
AdventurePro Backpack,798,2024-02-26,Outdoor Discovery Co.,mountain biking
CampfirePro Cooking Set,959,2024-06-08,Explorers Equipment,skiing
TrailBlazer Camping Tent,64,2025-06-22,Explorers Equipment,fishing supplies
OutdoorGear Hammock,6,2025-01-11,Explorers Equipment,hiking equipment
AdventurePro Backpack,728,2025-06-24,Wilderness Wares,fishing supplies
OutdoorGear Hammock,833,2024-05-02,Trailblazer Supplies,mountain biking
NatureSeeker Binoculars,554,2024-12-22,Summit Seekers,climbing
TrailTracker GPS Device,812,2025-01-03,Wilderness Outfitters,climbing
TrailTracker GPS Device,678,2024-07-04,Adventure Gear Co.,climbing
AdventurePro Backpack,558,2024-05-31,Nature's Edge Equipment,hiking equipment
ExplorerX Hiking Boots,456,2025-09-06,Summit Supplies,fishing supplies
CampfirePro Cooking Set,805,2025-01-30,Wildland Gear,skiing
AdventurePro Backpack,1000,2024-09-24,Outdoor Discovery Co.,mountain biking
HikePro Trekking Poles,254,2025-08-21,Nature's Best Gear,fishing supplies
CampfirePro Cooking Set,684,2024-12-13,Outdoor Provisions Ltd.,camping gear
NatureSeeker Binoculars,602,2024-10-20,Explorer's Edge Equipment,climbing
NatureSeeker Binoculars,536,2024-07-12,Pioneer Gearworks,skiing
NatureSeeker Binoculars,553,2024-06-08,Trailblazer Gear,camping gear
TrailBlazer Camping Tent,38,2025-06-22,Nature's Best Gear,fishing supplies
ExplorerX Hiking Boots,813,2024-10-17,Wildland Gear,camping gear
TrailTracker GPS Device,563,2024-12-09,Outdoor Provisions Ltd.,fishing supplies
TrailTracker GPS Device,336,2024-09-27,Trailblazer Gear,mountain biking
AdventurePro Backpack,303,2024-06-24,Outdoor Gear Emporium,backpacking
NatureSeeker Binoculars,428,2024-09-20,Nature's Trail Gear,camping gear
WildernessSurvivor Survival Kit,183,2025-01-01,Summit Supplies,skiing
OutdoorGear Hammock,720,2024-09-20,Explorer's Edge Equipment,backpacking
AdventurePro Backpack,366,2024-05-16,Outdoor Provisions Ltd.,skiing
CampfirePro Cooking Set,217,2024-03-10,Trailblazer Outfitters,camping gear
OutdoorMaster Camping Stove,168,2024-02-19,Explorers Equipment,hiking equipment
NatureSeeker Binoculars,777,2024-07-19,Outdoor Discovery Co.,fishing supplies
HikePro Trekking Poles,656,2025-06-14,Pioneer Gearworks,backpacking
CampfirePro Cooking Set,293,2024-05-31,Backcountry Essentials,climbing
TrailTracker GPS Device,162,2025-03-10,Outdoor Pursuits Co.,hiking equipment
CampfirePro Cooking Set,234,2025-06-04,Wilderness Outfitters,backpacking
NatureSeeker Binoculars,464,2024-02-09,Nature's Edge Equipment,climbing
AdventurePro Backpack,96,2024-06-06,Outdoor Gear Emporium,camping gear
CampfirePro Cooking Set,161,2024-11-26,Explorers Equipment,fishing supplies
WildernessSurvivor Survival Kit,917,2024-08-29,Summit Supplies,climbing
OutdoorGear Hammock,374,2025-08-16,Trailblazer Outfitters,camping gear
HikePro Trekking Poles,441,2024-01-14,Wildland Gear,climbing
WildernessSurvivor Survival Kit,521,2024-07-25,Wilderness Outfitters,skiing
ExplorerX Hiking Boots,786,2025-06-27,Wildland Gear,climbing
OutdoorGear Hammock,625,2024-02-04,Trailblazer Outfitters,camping gear
NatureSeeker Binoculars,546,2024-05-30,Backcountry Essentials,climbing
NatureSeeker Binoculars,615,2025-01-25,Expedition Outfitters,backpacking
OutdoorGear Hammock,695,2025-08-26,Nature's Edge Equipment,hiking equipment
ExplorerX Hiking Boots,174,2025-05-03,Trailblazer Outfitters,fishing supplies
HikePro Trekking Poles,106,2025-03-15,Trailblazer Outfitters,hiking equipment
AdventurePro Backpack,983,2024-01-03,Trailblazer Gear,backpacking
CampfirePro Cooking Set,46,2024-03-27,Nature's Edge Equipment,fishing supplies
AdventurePro Backpack,933,2024-08-05,Trailblazer Gear,fishing supplies
HikePro Trekking Poles,118,2025-07-11,Wilderness Outfitters,climbing
OutdoorGear Hammock,135,2024-06-20,Wilderness Outfitters,skiing
NatureSeeker Binoculars,985,2024-07-24,Alpine Adventure Co.,mountain biking
WildernessSurvivor Survival Kit,803,2024-05-17,Nature's Trail Gear,camping gear
NatureSeeker Binoculars,320,2025-07-22,Explorer's Edge Equipment,backpacking
TrailBlazer Camping Tent,392,2024-06-30,Wildland Gear,climbing
CampfirePro Cooking Set,447,2025-05-01,Outdoor Provisions Ltd.,camping gear
TrailBlazer Camping Tent,434,2025-02-24,Wildland Gear,mountain biking
TrailBlazer Camping Tent,102,2024-11-27,Nature's Edge Equipment,fishing supplies
NatureSeeker Binoculars,601,2024-07-20,Backcountry Essentials,backpacking
ExplorerX Hiking Boots,139,2025-04-25,Peak Performance Gear,hiking equipment
AdventurePro Backpack,662,2025-01-17,Trailblazer Supplies,camping gear
WildernessSurvivor Survival Kit,593,2024-05-18,Explorers Equipment,fishing supplies
ExplorerX Hiking Boots,137,2024-11-20,Trailblazer Supplies,mountain biking
WildernessSurvivor Survival Kit,510,2025-05-18,Pioneer Gearworks,hiking equipment
TrailBlazer Camping Tent,3,2025-03-07,Adventure Gear Co.,hiking equipment
NatureSeeker Binoculars,987,2024-08-26,Explorers Equipment,skiing
WildernessSurvivor Survival Kit,722,2024-05-07,Outdoor Pursuits Co.,backpacking
NatureSeeker Binoculars,28,2024-02-13,Outdoor Provisions Ltd.,camping gear
OutdoorMaster Camping Stove,757,2025-06-03,Alpine Adventure Co.,backpacking
HikePro Trekking Poles,208,2025-09-04,Expedition Outfitters,camping gear
OutdoorGear Hammock,470,2024-05-09,Trailblazer Outfitters,climbing
OutdoorMaster Camping Stove,708,2024-11-22,Alpine Adventure Co.,skiing
TrailTracker GPS Device,234,2024-02-04,Adventure Gear Co.,climbing
TrailBlazer Camping Tent,62,2025-03-17,Trailblazer Supplies,camping gear
TrailBlazer Camping Tent,104,2025-01-16,Summit Seekers,skiing
HikePro Trekking Poles,998,2024-12-10,Pioneer Gearworks,hiking equipment
CampfirePro Cooking Set,453,2025-04-03,Alpine Adventure Co.,fishing supplies
TrailBlazer Camping Tent,641,2025-06-11,Outdoor Gear Emporium,camping gear
ExplorerX Hiking Boots,772,2024-02-18,Summit Supplies,skiing
NatureSeeker Binoculars,531,2024-04-09,Peak Performance Gear,mountain biking
OutdoorGear Hammock,472,2025-03-05,Nature's Best Gear,hiking equipment
CampfirePro Cooking Set,906,2024-02-08,Trailblazer Gear,mountain biking
AdventurePro Backpack,176,2024-01-09,Trailblazer Supplies,fishing supplies
ExplorerX Hiking Boots,934,2024-06-27,Wilderness Outfitters,camping gear
ExplorerX Hiking Boots,457,2025-07-09,Outdoor Gear Emporium,skiing
AdventurePro Backpack,74,2025-01-07,Alpine Adventure Co.,mountain biking
AdventurePro Backpack,841,2024-07-07,Trailblazer Supplies,backpacking
ExplorerX Hiking Boots,567,2025-05-17,Backcountry Essentials,climbing
WildernessSurvivor Survival Kit,547,2024-11-26,Wilderness Outfitters,fishing supplies
NatureSeeker Binoculars,115,2025-01-22,Adventure Seekers Gear,climbing
ExplorerX Hiking Boots,991,2024-10-10,Explorers Equipment,mountain biking
HikePro Trekking Poles,690,2024-05-29,Adventure Seekers Gear,climbing
ExplorerX Hiking Boots,104,2024-03-28,Summit Seekers,hiking equipment
ExplorerX Hiking Boots,139,2025-05-02,Nature's Trail Gear,backpacking
NatureSeeker Binoculars,508,2024-01-29,Expedition Outfitters,fishing supplies
TrailBlazer Camping Tent,901,2024-09-22,Wilderness Outfitters,hiking equipment
CampfirePro Cooking Set,712,2024-06-13,Pioneer Gearworks,skiing
HikePro Trekking Poles,921,2025-04-16,Alpine Adventure Co.,mountain biking
HikePro Trekking Poles,953,2025-08-07,Explorer's Edge Equipment,hiking equipment
HikePro Trekking Poles,994,2024-06-19,Nature's Best Gear,hiking equipment
OutdoorGear Hammock,80,2024-03-23,Summit Supplies,backpacking
WildernessSurvivor Survival Kit,158,2025-02-26,Summit Seekers,mountain biking
OutdoorGear Hammock,231,2024-09-17,Pioneer Gearworks,mountain biking
OutdoorGear Hammock,122,2025-09-07,Trailblazer Gear,fishing supplies
HikePro Trekking Poles,705,2024-10-05,Expedition Outfitters,mountain biking
CampfirePro Cooking Set,532,2025-09-24,Adventure Gear Co.,climbing
TrailTracker GPS Device,283,2025-08-14,Nature's Best Gear,fishing supplies
HikePro Trekking Poles,14,2024-12-06,Outdoor Provisions Ltd.,hiking equipment
TrailBlazer Camping Tent,89,2025-08-28,Wilderness Outfitters,hiking equipment
TrailBlazer Camping Tent,74,2025-02-19,Outdoor Pursuits Co.,camping gear
OutdoorMaster Camping Stove,259,2024-01-04,Outdoor Discovery Co.,camping gear
TrailBlazer Camping Tent,127,2025-04-18,Outdoor Gear Emporium,camping gear
AdventurePro Backpack,692,2024-04-27,Explorer's Edge Equipment,fishing supplies
WildernessSurvivor Survival Kit,823,2025-03-28,Explorers Equipment,backpacking
WildernessSurvivor Survival Kit,306,2024-10-09,Adventure Seekers Gear,climbing
ExplorerX Hiking Boots,105,2025-03-21,Outdoor Gear Emporium,camping gear
OutdoorGear Hammock,407,2025-04-13,Backcountry Essentials,fishing supplies
AdventurePro Backpack,751,2024-01-24,Nature's Trail Gear,hiking equipment
TrailTracker GPS Device,878,2024-07-30,Explorer's Edge Equipment,backpacking
WildernessSurvivor Survival Kit,830,2024-07-21,Wildland Gear,mountain biking
WildernessSurvivor Survival Kit,831,2025-06-19,Nature's Best Gear,mountain biking
OutdoorMaster Camping Stove,738,2025-07-16,Summit Seekers,mountain biking
NatureSeeker Binoculars,933,2024-07-15,Outdoor Discovery Co.,camping gear
OutdoorMaster Camping Stove,639,2024-08-15,Trailblazer Supplies,hiking equipment
AdventurePro Backpack,939,2025-06-18,Summit Supplies,backpacking
NatureSeeker Binoculars,486,2025-08-19,Alpine Adventure Co.,hiking equipment
HikePro Trekking Poles,356,2025-04-30,Trailblazer Supplies,hiking equipment
AdventurePro Backpack,483,2025-03-30,Explorers Equipment,skiing
OutdoorGear Hammock,613,2025-08-30,Trailblazer Gear,camping gear
CampfirePro Cooking Set,246,2024-05-30,Outdoor Provisions Ltd.,skiing
HikePro Trekking Poles,256,2025-03-19,Explorer's Edge Equipment,hiking equipment
CampfirePro Cooking Set,651,2025-03-27,Nature's Trail Gear,climbing
TrailTracker GPS Device,782,2025-08-26,Alpine Adventure Co.,backpacking
TrailTracker GPS Device,378,2025-08-07,Backcountry Essentials,hiking equipment
NatureSeeker Binoculars,842,2025-01-07,Outdoor Gear Emporium,fishing supplies
WildernessSurvivor Survival Kit,864,2024-04-03,Explorers Equipment,camping gear
HikePro Trekking Poles,917,2025-05-03,Backcountry Bound,skiing
WildernessSurvivor Survival Kit,621,2024-11-09,Nature's Best Gear,backpacking
NatureSeeker Binoculars,241,2025-06-02,Wilderness Outfitters,mountain biking
WildernessSurvivor Survival Kit,825,2025-02-26,Explorer's Edge Equipment,skiing
TrailTracker GPS Device,905,2024-12-10,Outdoor Discovery Co.,skiing
HikePro Trekking Poles,477,2025-01-10,Trailblazer Supplies,hiking equipment
HikePro Trekking Poles,910,2025-07-07,Adventure Seekers Gear,fishing supplies
OutdoorGear Hammock,510,2024-09-25,Adventure Gear Co.,hiking equipment
TrailBlazer Camping Tent,920,2024-05-23,Trailblazer Supplies,skiing
WildernessSurvivor Survival Kit,762,2024-12-15,Adventure Gear Co.,camping gear
ExplorerX Hiking Boots,700,2024-02-29,Adventure Gear Co.,fishing supplies
ExplorerX Hiking Boots,716,2024-08-02,Outdoor Pursuits Co.,hiking equipment
OutdoorGear Hammock,773,2025-02-20,Backcountry Essentials,mountain biking
ExplorerX Hiking Boots,606,2025-03-14,Pioneer Gearworks,skiing
WildernessSurvivor Survival Kit,737,2024-10-19,Adventure Seekers Gear,mountain biking
TrailBlazer Camping Tent,541,2024-03-17,Summit Seekers,climbing
WildernessSurvivor Survival Kit,734,2025-02-16,Nature's Trail Gear,skiing
OutdoorMaster Camping Stove,815,2025-09-27,Adventure Seekers Gear,fishing supplies
NatureSeeker Binoculars,69,2024-02-29,Trailblazer Gear,camping gear
NatureSeeker Binoculars,56,2024-06-18,Backcountry Essentials,backpacking
HikePro Trekking Poles,415,2024-08-10,Nature's Trail Gear,climbing
AdventurePro Backpack,584,2025-05-17,Nature's Trail Gear,hiking equipment
NatureSeeker Binoculars,952,2024-07-08,Expedition Outfitters,climbing
OutdoorGear Hammock,699,2025-03-10,Adventure Gear Co.,camping gear
HikePro Trekking Poles,643,2024-05-12,Summit Supplies,hiking equipment
HikePro Trekking Poles,152,2024-05-28,Expedition Outfitters,fishing supplies
TrailBlazer Camping Tent,701,2024-10-20,Explorer's Edge Equipment,climbing
HikePro Trekking Poles,942,2025-04-05,Explorers Equipment,skiing
HikePro Trekking Poles,955,2024-07-07,Outdoor Discovery Co.,mountain biking
TrailTracker GPS Device,916,2024-08-09,Wildland Gear,backpacking
OutdoorMaster Camping Stove,89,2025-03-19,Trailblazer Supplies,camping gear
NatureSeeker Binoculars,818,2025-05-06,Peak Performance Gear,hiking equipment
WildernessSurvivor Survival Kit,403,2024-07-15,Backcountry Essentials,fishing supplies
CampfirePro Cooking Set,589,2024-09-05,Wilderness Outfitters,skiing
NatureSeeker Binoculars,859,2025-01-31,Alpine Adventure Co.,mountain biking
ExplorerX Hiking Boots,804,2025-09-12,Outdoor Pursuits Co.,hiking equipment
HikePro Trekking Poles,96,2025-01-30,Summit Supplies,backpacking
TrailBlazer Camping Tent,446,2024-09-11,Alpine Adventure Co.,mountain biking
CampfirePro Cooking Set,399,2025-01-17,Adventure Seekers Gear,camping gear
CampfirePro Cooking Set,331,2025-02-28,Wildland Gear,mountain biking
NatureSeeker Binoculars,443,2024-12-05,Backcountry Bound,fishing supplies
OutdoorGear Hammock,579,2025-07-29,Backcountry Bound,camping gear
AdventurePro Backpack,23,2024-03-23,Backcountry Essentials,fishing supplies
AdventurePro Backpack,851,2024-05-13,Explorer's Edge Equipment,camping gear
NatureSeeker Binoculars,582,2025-02-18,Adventure Gear Co.,fishing supplies
AdventurePro Backpack,791,2024-04-29,Summit Supplies,climbing
TrailTracker GPS Device,906,2025-07-10,Wildland Gear,hiking equipment
TrailBlazer Camping Tent,462,2024-11-14,Nature's Trail Gear,fishing supplies
ExplorerX Hiking Boots,407,2025-03-01,Trailblazer Outfitters,camping gear
OutdoorGear Hammock,257,2024-04-16,Nature's Edge Equipment,skiing
TrailBlazer Camping Tent,62,2025-09-17,Summit Seekers,mountain biking
TrailTracker GPS Device,850,2025-07-28,Trailblazer Gear,climbing
TrailTracker GPS Device,232,2024-02-14,Wildland Gear,camping gear
WildernessSurvivor Survival Kit,921,2024-03-13,Explorer's Edge Equipment,hiking equipment
AdventurePro Backpack,334,2024-06-03,Adventure Seekers Gear,hiking equipment
TrailBlazer Camping Tent,88,2024-03-09,Outdoor Discovery Co.,mountain biking
AdventurePro Backpack,639,2025-08-16,Wilderness Outfitters,camping gear
ExplorerX Hiking Boots,216,2025-07-29,Nature's Trail Gear,mountain biking
AdventurePro Backpack,315,2024-05-04,Trailblazer Outfitters,mountain biking
OutdoorMaster Camping Stove,463,2024-12-01,Wilderness Wares,fishing supplies
TrailTracker GPS Device,162,2024-04-17,Expedition Outfitters,backpacking
OutdoorMaster Camping Stove,523,2025-03-25,Pioneer Gearworks,fishing supplies
HikePro Trekking Poles,973,2025-02-28,Trailblazer Outfitters,climbing
OutdoorMaster Camping Stove,646,2024-06-07,Wildland Gear,hiking equipment
OutdoorMaster Camping Stove,512,2024-08-29,Pioneer Gearworks,fishing supplies
CampfirePro Cooking Set,746,2024-08-10,Adventure Gear Co.,mountain biking
WildernessSurvivor Survival Kit,579,2025-06-02,Trailblazer Gear,fishing supplies
ExplorerX Hiking Boots,801,2024-01-22,Summit Supplies,hiking equipment
ExplorerX Hiking Boots,193,2025-01-09,Outdoor Discovery Co.,skiing
WildernessSurvivor Survival Kit,544,2025-09-13,Outdoor Pursuits Co.,camping gear
AdventurePro Backpack,930,2024-07-12,Explorers Equipment,mountain biking
WildernessSurvivor Survival Kit,883,2025-04-26,Trailblazer Gear,camping gear
CampfirePro Cooking Set,194,2024-09-05,Expedition Outfitters,skiing
TrailBlazer Camping Tent,964,2025-01-12,Nature's Best Gear,backpacking
NatureSeeker Binoculars,832,2024-02-14,Explorers Equipment,camping gear
HikePro Trekking Poles,368,2024-10-31,Alpine Adventure Co.,climbing
WildernessSurvivor Survival Kit,783,2025-08-30,Outdoor Gear Emporium,mountain biking
CampfirePro Cooking Set,606,2024-07-01,Nature's Trail Gear,hiking equipment
TrailTracker GPS Device,175,2025-07-30,Peak Performance Gear,skiing
WildernessSurvivor Survival Kit,573,2025-02-08,Expedition Outfitters,fishing supplies
AdventurePro Backpack,211,2025-09-18,Trailblazer Gear,backpacking
OutdoorGear Hammock,891,2025-09-08,Nature's Best Gear,climbing
TrailBlazer Camping Tent,301,2025-02-20,Wilderness Outfitters,camping gear
CampfirePro Cooking Set,40,2024-06-25,Summit Supplies,camping gear
TrailBlazer Camping Tent,949,2025-04-08,Outdoor Discovery Co.,skiing
OutdoorGear Hammock,619,2024-11-07,Explorer's Edge Equipment,backpacking
CampfirePro Cooking Set,85,2024-12-09,Expedition Outfitters,mountain biking
AdventurePro Backpack,175,2024-05-02,Expedition Outfitters,fishing supplies
HikePro Trekking Poles,322,2024-04-28,Nature's Trail Gear,backpacking
TrailBlazer Camping Tent,145,2024-12-25,Summit Seekers,mountain biking
HikePro Trekking Poles,351,2024-01-02,Outdoor Provisions Ltd.,skiing
OutdoorMaster Camping Stove,488,2025-07-10,Adventure Gear Co.,mountain biking
OutdoorMaster Camping Stove,835,2024-04-08,Backcountry Bound,backpacking
WildernessSurvivor Survival Kit,374,2025-03-05,Outdoor Gear Emporium,camping gear
TrailTracker GPS Device,720,2024-01-01,Explorer's Edge Equipment,hiking equipment
TrailTracker GPS Device,607,2024-06-03,Backcountry Bound,skiing
HikePro Trekking Poles,976,2024-10-08,Wildland Gear,mountain biking
TrailBlazer Camping Tent,775,2024-06-01,Alpine Adventure Co.,climbing
OutdoorGear Hammock,54,2024-05-09,Nature's Edge Equipment,climbing
WildernessSurvivor Survival Kit,873,2024-03-14,Adventure Gear Co.,camping gear
OutdoorGear Hammock,870,2025-07-16,Outdoor Discovery Co.,backpacking
CampfirePro Cooking Set,920,2025-04-09,Summit Supplies,backpacking
OutdoorGear Hammock,94,2024-12-08,Outdoor Provisions Ltd.,climbing
ExplorerX Hiking Boots,269,2024-04-08,Outdoor Provisions Ltd.,climbing
CampfirePro Cooking Set,936,2024-11-15,Outdoor Discovery Co.,backpacking
WildernessSurvivor Survival Kit,750,2025-04-20,Outdoor Discovery Co.,backpacking
NatureSeeker Binoculars,712,2025-02-09,Adventure Seekers Gear,skiing
OutdoorGear Hammock,163,2025-04-10,Wildland Gear,fishing supplies
NatureSeeker Binoculars,40,2025-05-23,Outdoor Provisions Ltd.,hiking equipment
OutdoorGear Hammock,99,2025-04-20,Wildland Gear,backpacking
NatureSeeker Binoculars,983,2025-04-23,Outdoor Discovery Co.,mountain biking
ExplorerX Hiking Boots,667,2024-04-27,Outdoor Discovery Co.,fishing supplies
OutdoorGear Hammock,34,2024-09-18,Summit Supplies,fishing supplies
TrailTracker GPS Device,681,2025-06-15,Trailblazer Outfitters,fishing supplies
HikePro Trekking Poles,655,2025-01-24,Adventure Gear Co.,mountain biking
OutdoorGear Hammock,878,2024-07-02,Wilderness Wares,skiing
OutdoorMaster Camping Stove,604,2024-12-12,Outdoor Pursuits Co.,camping gear
HikePro Trekking Poles,601,2024-02-27,Outdoor Discovery Co.,skiing
HikePro Trekking Poles,738,2025-04-11,Adventure Seekers Gear,climbing
OutdoorGear Hammock,441,2024-02-02,Wildland Gear,climbing
OutdoorGear Hammock,993,2024-04-17,Wilderness Wares,skiing
WildernessSurvivor Survival Kit,731,2025-04-13,Nature's Edge Equipment,climbing
OutdoorMaster Camping Stove,319,2024-01-25,Backcountry Bound,mountain biking
AdventurePro Backpack,180,2025-08-19,Outdoor Pursuits Co.,hiking equipment
NatureSeeker Binoculars,143,2024-02-20,Explorers Equipment,skiing
AdventurePro Backpack,596,2025-07-06,Trailblazer Outfitters,skiing
TrailTracker GPS Device,635,2025-03-19,Outdoor Provisions Ltd.,skiing
WildernessSurvivor Survival Kit,272,2025-03-10,Explorer's Edge Equipment,skiing
AdventurePro Backpack,862,2024-09-16,Explorers Equipment,mountain biking
OutdoorMaster Camping Stove,359,2025-07-23,Explorers Equipment,mountain biking
OutdoorMaster Camping Stove,616,2024-03-30,Outdoor Provisions Ltd.,camping gear
TrailBlazer Camping Tent,351,2024-02-02,Wilderness Wares,mountain biking
CampfirePro Cooking Set,536,2024-01-17,Outdoor Discovery Co.,camping gear
TrailTracker GPS Device,562,2024-11-01,Outdoor Provisions Ltd.,camping gear
CampfirePro Cooking Set,518,2024-08-05,Nature's Best Gear,hiking equipment
NatureSeeker Binoculars,186,2024-09-13,Outdoor Gear Emporium,backpacking
WildernessSurvivor Survival Kit,115,2025-07-08,Outdoor Pursuits Co.,camping gear
CampfirePro Cooking Set,219,2024-11-10,Summit Seekers,climbing
OutdoorMaster Camping Stove,39,2024-09-07,Explorers Equipment,climbing
OutdoorGear Hammock,398,2025-05-09,Backcountry Essentials,hiking equipment
WildernessSurvivor Survival Kit,232,2024-08-02,Explorer's Edge Equipment,climbing
HikePro Trekking Poles,812,2025-07-11,Outdoor Discovery Co.,camping gear
OutdoorGear Hammock,491,2024-11-03,Pioneer Gearworks,hiking equipment
WildernessSurvivor Survival Kit,801,2025-01-15,Backcountry Bound,skiing
OutdoorMaster Camping Stove,388,2024-02-26,Explorers Equipment,camping gear
NatureSeeker Binoculars,1000,2024-09-21,Explorers Equipment,mountain biking
TrailTracker GPS Device,397,2024-10-19,Summit Seekers,backpacking
AdventurePro Backpack,805,2024-07-21,Outdoor Pursuits Co.,hiking equipment
NatureSeeker Binoculars,339,2025-01-08,Alpine Adventure Co.,camping gear
HikePro Trekking Poles,423,2025-04-07,Nature's Edge Equipment,fishing supplies
NatureSeeker Binoculars,139,2024-04-05,Adventure Seekers Gear,fishing supplies
ExplorerX Hiking Boots,228,2024-11-30,Pioneer Gearworks,skiing
TrailBlazer Camping Tent,263,2024-12-03,Nature's Best Gear,hiking equipment
OutdoorGear Hammock,966,2024-09-01,Nature's Edge Equipment,hiking equipment
TrailBlazer Camping Tent,799,2025-05-23,Summit Seekers,hiking equipment
TrailTracker GPS Device,487,2024-04-30,Outdoor Gear Emporium,mountain biking
TrailBlazer Camping Tent,253,2025-06-18,Outdoor Pursuits Co.,climbing
OutdoorGear Hammock,8,2024-05-28,Nature's Edge Equipment,climbing
AdventurePro Backpack,993,2024-09-25,Adventure Gear Co.,hiking equipment
ExplorerX Hiking Boots,993,2024-05-03,Backcountry Essentials,climbing
ExplorerX Hiking Boots,317,2025-04-04,Trailblazer Supplies,camping gear
OutdoorGear Hammock,102,2025-07-05,Outdoor Provisions Ltd.,backpacking
AdventurePro Backpack,25,2025-05-06,Trailblazer Outfitters,hiking equipment
ExplorerX Hiking Boots,344,2025-07-22,Nature's Trail Gear,fishing supplies
ExplorerX Hiking Boots,509,2025-06-14,Trailblazer Supplies,camping gear
OutdoorMaster Camping Stove,31,2025-05-16,Peak Performance Gear,backpacking
TrailBlazer Camping Tent,266,2024-10-03,Alpine Adventure Co.,climbing
HikePro Trekking Poles,99,2024-11-16,Explorer's Edge Equipment,backpacking
TrailBlazer Camping Tent,957,2024-11-19,Outdoor Gear Emporium,climbing
OutdoorMaster Camping Stove,536,2025-02-01,Outdoor Gear Emporium,skiing
TrailTracker GPS Device,404,2025-03-21,Peak Performance Gear,mountain biking
CampfirePro Cooking Set,875,2024-09-08,Wildland Gear,backpacking
NatureSeeker Binoculars,770,2024-11-28,Trailblazer Outfitters,climbing
ExplorerX Hiking Boots,75,2024-07-15,Expedition Outfitters,climbing
HikePro Trekking Poles,170,2024-03-05,Wilderness Wares,climbing
TrailBlazer Camping Tent,590,2024-01-07,Peak Performance Gear,skiing
NatureSeeker Binoculars,150,2025-06-15,Explorers Equipment,camping gear
TrailBlazer Camping Tent,522,2024-05-24,Summit Supplies,fishing supplies
WildernessSurvivor Survival Kit,108,2025-06-19,Peak Performance Gear,camping gear
HikePro Trekking Poles,128,2025-06-03,Adventure Seekers Gear,hiking equipment
TrailTracker GPS Device,675,2024-06-28,Wildland Gear,climbing
ExplorerX Hiking Boots,10,2024-07-28,Explorers Equipment,fishing supplies
ExplorerX Hiking Boots,689,2025-04-03,Wildland Gear,mountain biking
TrailBlazer Camping Tent,139,2025-01-09,Nature's Edge Equipment,backpacking
AdventurePro Backpack,306,2024-11-15,Explorer's Edge Equipment,climbing
OutdoorGear Hammock,126,2024-02-16,Outdoor Pursuits Co.,mountain biking
WildernessSurvivor Survival Kit,811,2025-01-07,Outdoor Gear Emporium,climbing
WildernessSurvivor Survival Kit,632,2025-06-08,Outdoor Discovery Co.,skiing
TrailTracker GPS Device,721,2024-09-06,Outdoor Discovery Co.,fishing supplies
OutdoorMaster Camping Stove,815,2024-09-08,Explorers Equipment,backpacking
OutdoorGear Hammock,779,2025-05-18,Explorer's Edge Equipment,mountain biking
AdventurePro Backpack,319,2024-05-25,Expedition Outfitters,climbing
WildernessSurvivor Survival Kit,363,2024-01-07,Backcountry Essentials,fishing supplies
NatureSeeker Binoculars,159,2024-05-21,Nature's Edge Equipment,backpacking
HikePro Trekking Poles,836,2024-11-10,Backcountry Essentials,skiing
CampfirePro Cooking Set,801,2024-06-08,Alpine Adventure Co.,camping gear
WildernessSurvivor Survival Kit,393,2025-04-28,Nature's Best Gear,backpacking
CampfirePro Cooking Set,37,2024-12-21,Adventure Gear Co.,hiking equipment
AdventurePro Backpack,780,2024-08-08,Trailblazer Supplies,climbing
TrailTracker GPS Device,775,2024-05-11,Explorer's Edge Equipment,fishing supplies
TrailTracker GPS Device,698,2024-01-21,Adventure Gear Co.,backpacking
AdventurePro Backpack,63,2024-10-05,Nature's Trail Gear,fishing supplies
TrailBlazer Camping Tent,456,2024-05-16,Adventure Seekers Gear,fishing supplies
OutdoorMaster Camping Stove,883,2024-04-18,Summit Seekers,mountain biking
OutdoorMaster Camping Stove,969,2025-05-25,Nature's Trail Gear,backpacking
NatureSeeker Binoculars,28,2024-08-11,Nature's Best Gear,mountain biking
AdventurePro Backpack,605,2024-04-02,Adventure Seekers Gear,skiing
CampfirePro Cooking Set,665,2024-08-22,Peak Performance Gear,mountain biking
NatureSeeker Binoculars,861,2024-04-25,Wildland Gear,fishing supplies
TrailBlazer Camping Tent,221,2025-05-07,Trailblazer Supplies,fishing supplies
ExplorerX Hiking Boots,183,2025-05-13,Trailblazer Supplies,backpacking
OutdoorGear Hammock,494,2025-04-28,Adventure Seekers Gear,fishing supplies
TrailBlazer Camping Tent,243,2024-01-07,Explorers Equipment,skiing
HikePro Trekking Poles,821,2024-08-05,Explorer's Edge Equipment,fishing supplies
OutdoorMaster Camping Stove,600,2025-04-11,Explorers Equipment,climbing
OutdoorMaster Camping Stove,702,2025-09-14,Summit Seekers,fishing supplies
ExplorerX Hiking Boots,285,2025-05-22,Alpine Adventure Co.,backpacking
HikePro Trekking Poles,604,2024-03-20,Peak Performance Gear,camping gear
TrailBlazer Camping Tent,471,2024-10-06,Outdoor Provisions Ltd.,camping gear
HikePro Trekking Poles,585,2024-12-01,Pioneer Gearworks,climbing
TrailTracker GPS Device,60,2024-11-07,Pioneer Gearworks,backpacking
TrailBlazer Camping Tent,734,2025-08-05,Nature's Edge Equipment,backpacking
HikePro Trekking Poles,875,2025-02-15,Trailblazer Gear,hiking equipment
TrailBlazer Camping Tent,998,2024-11-04,Pioneer Gearworks,climbing
AdventurePro Backpack,101,2024-10-10,Nature's Edge Equipment,fishing supplies
ExplorerX Hiking Boots,285,2024-02-19,Pioneer Gearworks,camping gear
HikePro Trekking Poles,492,2024-05-16,Peak Performance Gear,fishing supplies
TrailBlazer Camping Tent,416,2025-08-19,Trailblazer Supplies,skiing
ExplorerX Hiking Boots,184,2024-09-02,Nature's Best Gear,backpacking
OutdoorMaster Camping Stove,490,2024-07-26,Backcountry Essentials,camping gear
OutdoorGear Hammock,75,2024-06-25,Adventure Gear Co.,backpacking
TrailTracker GPS Device,683,2024-08-08,Outdoor Discovery Co.,climbing
HikePro Trekking Poles,387,2025-02-20,Nature's Edge Equipment,climbing
WildernessSurvivor Survival Kit,427,2024-03-21,Outdoor Pursuits Co.,mountain biking
TrailBlazer Camping Tent,912,2025-05-20,Adventure Gear Co.,mountain biking
OutdoorMaster Camping Stove,774,2024-12-20,Trailblazer Supplies,mountain biking
ExplorerX Hiking Boots,596,2024-11-17,Adventure Seekers Gear,fishing supplies
ExplorerX Hiking Boots,591,2025-05-17,Nature's Edge Equipment,climbing
ExplorerX Hiking Boots,496,2024-06-17,Nature's Trail Gear,climbing
AdventurePro Backpack,207,2025-05-19,Expedition Outfitters,skiing
OutdoorGear Hammock,825,2024-08-25,Peak Performance Gear,climbing
OutdoorGear Hammock,77,2024-05-28,Summit Supplies,camping gear
NatureSeeker Binoculars,667,2024-02-02,Summit Seekers,mountain biking
OutdoorGear Hammock,926,2024-07-12,Adventure Seekers Gear,backpacking
NatureSeeker Binoculars,918,2025-07-16,Alpine Adventure Co.,mountain biking
CampfirePro Cooking Set,822,2025-06-10,Adventure Seekers Gear,fishing supplies
HikePro Trekking Poles,285,2024-06-23,Explorer's Edge Equipment,hiking equipment
HikePro Trekking Poles,591,2025-07-13,Adventure Gear Co.,camping gear
TrailTracker GPS Device,851,2024-01-31,Trailblazer Supplies,camping gear
OutdoorMaster Camping Stove,112,2024-01-10,Nature's Best Gear,climbing
WildernessSurvivor Survival Kit,277,2024-02-13,Wilderness Outfitters,mountain biking
ExplorerX Hiking Boots,834,2025-05-26,Nature's Best Gear,hiking equipment
ExplorerX Hiking Boots,698,2024-10-26,Alpine Adventure Co.,fishing supplies
OutdoorGear Hammock,35,2025-03-04,Trailblazer Gear,camping gear
WildernessSurvivor Survival Kit,711,2024-09-24,Explorer's Edge Equipment,fishing supplies
CampfirePro Cooking Set,422,2024-03-18,Wilderness Outfitters,climbing
HikePro Trekking Poles,943,2024-05-30,Trailblazer Supplies,skiing
AdventurePro Backpack,419,2024-10-11,Alpine Adventure Co.,hiking equipment
AdventurePro Backpack,35,2025-04-04,Pioneer Gearworks,skiing
WildernessSurvivor Survival Kit,556,2024-05-08,Explorer's Edge Equipment,fishing supplies
NatureSeeker Binoculars,502,2024-10-07,Pioneer Gearworks,fishing supplies
WildernessSurvivor Survival Kit,492,2025-08-29,Summit Supplies,climbing
TrailTracker GPS Device,468,2025-09-03,Outdoor Pursuits Co.,hiking equipment
CampfirePro Cooking Set,736,2025-02-15,Wildland Gear,camping gear
HikePro Trekking Poles,133,2025-05-31,Summit Supplies,skiing
TrailBlazer Camping Tent,610,2025-06-30,Wildland Gear,mountain biking
WildernessSurvivor Survival Kit,635,2024-09-07,Outdoor Gear Emporium,mountain biking
TrailBlazer Camping Tent,194,2024-11-04,Explorer's Edge Equipment,skiing
AdventurePro Backpack,533,2024-04-15,Adventure Gear Co.,skiing
ExplorerX Hiking Boots,338,2024-01-23,Nature's Best Gear,climbing
ExplorerX Hiking Boots,135,2024-11-18,Explorers Equipment,backpacking
TrailBlazer Camping Tent,53,2025-03-15,Backcountry Bound,backpacking
CampfirePro Cooking Set,228,2024-09-06,Trailblazer Outfitters,mountain biking
TrailTracker GPS Device,310,2024-05-11,Backcountry Bound,fishing supplies
HikePro Trekking Poles,304,2025-01-26,Wilderness Wares,skiing
NatureSeeker Binoculars,309,2024-04-15,Explorer's Edge Equipment,mountain biking
OutdoorMaster Camping Stove,696,2024-09-30,Alpine Adventure Co.,fishing supplies
TrailTracker GPS Device,497,2025-02-07,Summit Seekers,hiking equipment
OutdoorGear Hammock,280,2024-05-08,Wilderness Wares,climbing
TrailBlazer Camping Tent,742,2024-10-11,Alpine Adventure Co.,skiing
TrailBlazer Camping Tent,695,2025-04-01,Nature's Trail Gear,fishing supplies
HikePro Trekking Poles,624,2024-09-28,Trailblazer Supplies,skiing
TrailTracker GPS Device,993,2024-11-11,Summit Seekers,camping gear
TrailBlazer Camping Tent,885,2024-09-13,Expedition Outfitters,mountain biking
OutdoorMaster Camping Stove,432,2024-08-24,Outdoor Discovery Co.,backpacking
CampfirePro Cooking Set,594,2025-06-14,Backcountry Bound,hiking equipment
AdventurePro Backpack,123,2025-04-18,Outdoor Pursuits Co.,skiing
CampfirePro Cooking Set,198,2024-11-16,Nature's Edge Equipment,fishing supplies
HikePro Trekking Poles,35,2024-03-08,Nature's Trail Gear,fishing supplies
TrailTracker GPS Device,172,2024-04-27,Trailblazer Gear,backpacking
TrailTracker GPS Device,423,2025-03-24,Pioneer Gearworks,fishing supplies
OutdoorGear Hammock,129,2024-03-12,Adventure Gear Co.,backpacking
AdventurePro Backpack,215,2024-06-29,Wildland Gear,hiking equipment
NatureSeeker Binoculars,118,2024-04-26,Wilderness Wares,climbing
HikePro Trekking Poles,435,2024-05-15,Trailblazer Gear,climbing
WildernessSurvivor Survival Kit,770,2025-01-22,Explorer's Edge Equipment,camping gear
ExplorerX Hiking Boots,637,2025-06-27,Explorer's Edge Equipment,skiing
TrailTracker GPS Device,568,2024-08-04,Trailblazer Supplies,backpacking
CampfirePro Cooking Set,149,2025-09-02,Explorer's Edge Equipment,fishing supplies
CampfirePro Cooking Set,60,2024-05-04,Peak Performance Gear,hiking equipment
HikePro Trekking Poles,12,2025-08-22,Summit Supplies,camping gear
OutdoorMaster Camping Stove,808,2025-02-09,Backcountry Bound,camping gear
OutdoorGear Hammock,207,2024-06-22,Wilderness Outfitters,fishing supplies
WildernessSurvivor Survival Kit,586,2024-04-16,Trailblazer Supplies,backpacking
ExplorerX Hiking Boots,62,2025-08-25,Peak Performance Gear,fishing supplies
OutdoorMaster Camping Stove,978,2024-05-07,Summit Seekers,fishing supplies
TrailTracker GPS Device,313,2024-08-02,Wildland Gear,climbing
OutdoorGear Hammock,211,2025-01-15,Explorers Equipment,camping gear
HikePro Trekking Poles,33,2024-04-20,Nature's Edge Equipment,mountain biking
NatureSeeker Binoculars,419,2025-03-19,Wilderness Outfitters,skiing
WildernessSurvivor Survival Kit,927,2024-01-20,Trailblazer Gear,backpacking
TrailBlazer Camping Tent,228,2025-06-29,Pioneer Gearworks,climbing
NatureSeeker Binoculars,735,2025-08-06,Wilderness Wares,climbing
AdventurePro Backpack,228,2024-02-29,Explorer's Edge Equipment,camping gear
NatureSeeker Binoculars,817,2024-04-12,Outdoor Gear Emporium,backpacking
TrailBlazer Camping Tent,429,2025-01-21,Outdoor Gear Emporium,climbing
CampfirePro Cooking Set,952,2024-09-16,Backcountry Bound,fishing supplies
CampfirePro Cooking Set,19,2024-07-08,Nature's Best Gear,mountain biking
OutdoorGear Hammock,108,2025-03-10,Trailblazer Supplies,climbing
HikePro Trekking Poles,510,2025-02-05,Outdoor Discovery Co.,mountain biking
HikePro Trekking Poles,180,2024-08-02,Summit Seekers,camping gear
HikePro Trekking Poles,278,2025-07-24,Summit Seekers,backpacking
TrailBlazer Camping Tent,66,2024-06-25,Wildland Gear,climbing
HikePro Trekking Poles,436,2025-05-23,Explorers Equipment,hiking equipment
TrailBlazer Camping Tent,532,2024-04-14,Expedition Outfitters,hiking equipment
NatureSeeker Binoculars,568,2025-07-23,Nature's Edge Equipment,hiking equipment
TrailBlazer Camping Tent,719,2024-05-26,Expedition Outfitters,climbing
CampfirePro Cooking Set,399,2025-01-26,Backcountry Bound,climbing
CampfirePro Cooking Set,560,2024-01-18,Backcountry Essentials,climbing
TrailBlazer Camping Tent,235,2024-08-07,Trailblazer Gear,climbing
NatureSeeker Binoculars,217,2024-01-23,Trailblazer Gear,camping gear
CampfirePro Cooking Set,92,2024-05-04,Outdoor Provisions Ltd.,skiing
CampfirePro Cooking Set,11,2025-08-06,Trailblazer Gear,climbing
ExplorerX Hiking Boots,749,2025-06-21,Nature's Best Gear,camping gear
NatureSeeker Binoculars,278,2024-02-05,Nature's Trail Gear,climbing
ExplorerX Hiking Boots,913,2024-05-18,Adventure Seekers Gear,skiing
HikePro Trekking Poles,910,2024-11-16,Outdoor Discovery Co.,hiking equipment
HikePro Trekking Poles,381,2025-04-21,Nature's Best Gear,hiking equipment
AdventurePro Backpack,915,2025-01-26,Alpine Adventure Co.,camping gear
CampfirePro Cooking Set,736,2024-09-28,Nature's Trail Gear,camping gear
WildernessSurvivor Survival Kit,305,2024-06-23,Trailblazer Outfitters,fishing supplies
OutdoorGear Hammock,989,2025-04-16,Trailblazer Outfitters,backpacking
CampfirePro Cooking Set,835,2025-06-03,Trailblazer Gear,mountain biking
ExplorerX Hiking Boots,81,2024-09-23,Trailblazer Outfitters,hiking equipment
WildernessSurvivor Survival Kit,498,2024-05-05,Nature's Edge Equipment,skiing
TrailBlazer Camping Tent,413,2025-02-08,Wilderness Outfitters,fishing supplies
CampfirePro Cooking Set,751,2025-01-11,Wilderness Outfitters,skiing
AdventurePro Backpack,846,2024-09-11,Outdoor Discovery Co.,backpacking
TrailBlazer Camping Tent,811,2025-04-18,Summit Seekers,camping gear
NatureSeeker Binoculars,72,2025-04-24,Alpine Adventure Co.,fishing supplies
CampfirePro Cooking Set,713,2024-10-20,Outdoor Provisions Ltd.,hiking equipment
HikePro Trekking Poles,444,2025-09-04,Nature's Best Gear,hiking equipment
OutdoorGear Hammock,338,2025-03-17,Outdoor Provisions Ltd.,backpacking
NatureSeeker Binoculars,825,2025-04-28,Wilderness Outfitters,climbing
OutdoorGear Hammock,707,2024-12-06,Alpine Adventure Co.,hiking equipment
AdventurePro Backpack,691,2024-09-01,Outdoor Gear Emporium,skiing
CampfirePro Cooking Set,739,2025-04-10,Outdoor Pursuits Co.,hiking equipment
OutdoorMaster Camping Stove,186,2024-06-25,Backcountry Bound,skiing
ExplorerX Hiking Boots,363,2024-10-26,Pioneer Gearworks,mountain biking
NatureSeeker Binoculars,249,2024-02-24,Outdoor Gear Emporium,skiing
AdventurePro Backpack,659,2025-05-22,Summit Seekers,climbing
TrailTracker GPS Device,45,2024-05-11,Peak Performance Gear,hiking equipment
OutdoorMaster Camping Stove,291,2024-11-18,Alpine Adventure Co.,skiing
TrailTracker GPS Device,194,2024-10-09,Wilderness Outfitters,climbing
HikePro Trekking Poles,308,2024-05-21,Outdoor Gear Emporium,skiing
OutdoorMaster Camping Stove,393,2024-11-20,Nature's Trail Gear,climbing
WildernessSurvivor Survival Kit,821,2025-04-07,Explorers Equipment,climbing
HikePro Trekking Poles,952,2024-01-29,Wilderness Outfitters,skiing
CampfirePro Cooking Set,526,2025-02-03,Expedition Outfitters,fishing supplies
OutdoorMaster Camping Stove,8,2024-05-11,Adventure Gear Co.,mountain biking
NatureSeeker Binoculars,212,2024-01-25,Trailblazer Outfitters,backpacking
ExplorerX Hiking Boots,95,2025-01-11,Explorer's Edge Equipment,fishing supplies
HikePro Trekking Poles,534,2024-04-10,Nature's Best Gear,climbing
CampfirePro Cooking Set,279,2024-02-04,Outdoor Discovery Co.,fishing supplies
HikePro Trekking Poles,845,2025-02-22,Alpine Adventure Co.,hiking equipment
AdventurePro Backpack,796,2024-05-18,Trailblazer Supplies,fishing supplies
TrailTracker GPS Device,919,2024-06-21,Alpine Adventure Co.,climbing
HikePro Trekking Poles,250,2024-09-26,Alpine Adventure Co.,climbing
TrailTracker GPS Device,267,2024-03-07,Wilderness Wares,fishing supplies
OutdoorMaster Camping Stove,371,2024-11-04,Wilderness Wares,climbing
ExplorerX Hiking Boots,979,2024-10-24,Expedition Outfitters,skiing
TrailBlazer Camping Tent,367,2025-07-03,Nature's Best Gear,mountain biking
TrailTracker GPS Device,793,2025-02-25,Wildland Gear,mountain biking
OutdoorGear Hammock,163,2025-08-15,Outdoor Gear Emporium,skiing
OutdoorGear Hammock,116,2025-08-05,Outdoor Gear Emporium,climbing
WildernessSurvivor Survival Kit,242,2025-06-17,Outdoor Provisions Ltd.,backpacking
NatureSeeker Binoculars,929,2025-06-13,Adventure Gear Co.,climbing
TrailBlazer Camping Tent,741,2024-02-25,Summit Supplies,fishing supplies
TrailBlazer Camping Tent,566,2025-06-06,Outdoor Discovery Co.,backpacking
HikePro Trekking Poles,161,2024-08-12,Explorers Equipment,skiing
ExplorerX Hiking Boots,970,2024-08-13,Wildland Gear,skiing
OutdoorMaster Camping Stove,537,2024-02-27,Wilderness Outfitters,camping gear
HikePro Trekking Poles,902,2024-03-28,Summit Seekers,mountain biking
NatureSeeker Binoculars,732,2024-06-29,Pioneer Gearworks,skiing
WildernessSurvivor Survival Kit,449,2024-12-30,Wilderness Outfitters,mountain biking
AdventurePro Backpack,751,2025-01-10,Nature's Edge Equipment,camping gear
HikePro Trekking Poles,980,2024-04-08,Wilderness Wares,skiing
TrailTracker GPS Device,406,2024-01-07,Peak Performance Gear,camping gear
TrailTracker GPS Device,257,2025-06-13,Trailblazer Supplies,skiing
WildernessSurvivor Survival Kit,297,2025-05-31,Outdoor Gear Emporium,camping gear
WildernessSurvivor Survival Kit,561,2024-12-06,Summit Seekers,mountain biking
WildernessSurvivor Survival Kit,505,2025-04-02,Adventure Seekers Gear,camping gear
TrailBlazer Camping Tent,964,2025-07-01,Outdoor Provisions Ltd.,skiing
NatureSeeker Binoculars,550,2025-02-25,Wilderness Wares,camping gear
OutdoorMaster Camping Stove,701,2024-05-03,Wildland Gear,backpacking
TrailBlazer Camping Tent,415,2025-01-23,Expedition Outfitters,mountain biking
OutdoorMaster Camping Stove,442,2025-02-11,Adventure Gear Co.,climbing
WildernessSurvivor Survival Kit,522,2024-04-03,Expedition Outfitters,skiing
TrailBlazer Camping Tent,60,2025-05-31,Alpine Adventure Co.,hiking equipment
WildernessSurvivor Survival Kit,790,2024-05-15,Backcountry Essentials,backpacking
ExplorerX Hiking Boots,240,2024-09-20,Trailblazer Gear,fishing supplies
ExplorerX Hiking Boots,133,2025-03-09,Wilderness Wares,backpacking
TrailBlazer Camping Tent,601,2024-05-06,Alpine Adventure Co.,skiing
OutdoorGear Hammock,786,2025-05-06,Backcountry Essentials,camping gear
HikePro Trekking Poles,213,2025-01-22,Expedition Outfitters,skiing
ExplorerX Hiking Boots,109,2025-01-10,Backcountry Bound,camping gear
CampfirePro Cooking Set,783,2025-04-02,Pioneer Gearworks,mountain biking
TrailTracker GPS Device,994,2024-11-20,Pioneer Gearworks,hiking equipment
CampfirePro Cooking Set,39,2024-08-06,Peak Performance Gear,hiking equipment
AdventurePro Backpack,432,2025-08-20,Trailblazer Gear,climbing
WildernessSurvivor Survival Kit,555,2025-03-30,Outdoor Provisions Ltd.,backpacking
CampfirePro Cooking Set,255,2024-08-16,Nature's Trail Gear,camping gear
CampfirePro Cooking Set,259,2025-08-21,Adventure Gear Co.,climbing
HikePro Trekking Poles,749,2025-08-25,Backcountry Essentials,climbing
AdventurePro Backpack,725,2024-02-08,Explorer's Edge Equipment,mountain biking
TrailBlazer Camping Tent,711,2024-01-06,Trailblazer Gear,backpacking
NatureSeeker Binoculars,480,2024-10-09,Summit Seekers,hiking equipment
NatureSeeker Binoculars,473,2024-01-21,Wilderness Outfitters,hiking equipment
ExplorerX Hiking Boots,946,2024-01-24,Wilderness Wares,skiing
HikePro Trekking Poles,129,2025-09-21,Wilderness Outfitters,fishing supplies
OutdoorGear Hammock,421,2024-01-17,Wildland Gear,hiking equipment
HikePro Trekking Poles,228,2025-08-20,Wildland Gear,fishing supplies
HikePro Trekking Poles,800,2025-08-30,Peak Performance Gear,fishing supplies
NatureSeeker Binoculars,572,2025-03-02,Adventure Seekers Gear,climbing
HikePro Trekking Poles,974,2025-06-15,Backcountry Bound,climbing
ExplorerX Hiking Boots,280,2024-03-24,Trailblazer Outfitters,climbing
ExplorerX Hiking Boots,231,2024-01-26,Peak Performance Gear,backpacking
WildernessSurvivor Survival Kit,197,2024-12-17,Peak Performance Gear,hiking equipment
OutdoorGear Hammock,908,2024-02-13,Trailblazer Gear,hiking equipment
CampfirePro Cooking Set,938,2024-02-04,Adventure Gear Co.,climbing
TrailBlazer Camping Tent,191,2025-06-14,Pioneer Gearworks,hiking equipment
NatureSeeker Binoculars,96,2024-02-18,Adventure Seekers Gear,mountain biking
OutdoorMaster Camping Stove,864,2024-04-14,Nature's Best Gear,climbing
ExplorerX Hiking Boots,719,2025-01-03,Adventure Gear Co.,fishing supplies
HikePro Trekking Poles,231,2024-03-21,Alpine Adventure Co.,camping gear
ExplorerX Hiking Boots,784,2024-03-11,Outdoor Gear Emporium,fishing supplies
TrailTracker GPS Device,508,2024-07-03,Adventure Gear Co.,backpacking
OutdoorMaster Camping Stove,230,2025-01-17,Summit Seekers,fishing supplies
TrailBlazer Camping Tent,989,2024-12-05,Wilderness Wares,hiking equipment
ExplorerX Hiking Boots,445,2024-07-22,Trailblazer Supplies,camping gear
NatureSeeker Binoculars,251,2025-09-24,Trailblazer Supplies,camping gear
OutdoorMaster Camping Stove,644,2025-08-23,Trailblazer Supplies,camping gear
WildernessSurvivor Survival Kit,854,2024-02-29,Outdoor Pursuits Co.,skiing
OutdoorMaster Camping Stove,206,2025-09-18,Explorer's Edge Equipment,hiking equipment
ExplorerX Hiking Boots,367,2025-03-30,Pioneer Gearworks,backpacking
CampfirePro Cooking Set,292,2025-03-13,Trailblazer Outfitters,backpacking
WildernessSurvivor Survival Kit,485,2025-06-20,Backcountry Essentials,camping gear
OutdoorMaster Camping Stove,997,2025-07-22,Wilderness Wares,fishing supplies
WildernessSurvivor Survival Kit,793,2024-12-13,Trailblazer Gear,mountain biking
TrailTracker GPS Device,87,2025-03-15,Alpine Adventure Co.,fishing supplies
ExplorerX Hiking Boots,592,2024-05-30,Explorers Equipment,climbing
OutdoorGear Hammock,49,2025-03-16,Outdoor Pursuits Co.,hiking equipment
WildernessSurvivor Survival Kit,904,2025-09-24,Summit Supplies,mountain biking
WildernessSurvivor Survival Kit,721,2024-05-22,Nature's Trail Gear,climbing
WildernessSurvivor Survival Kit,373,2024-05-16,Nature's Best Gear,mountain biking
ExplorerX Hiking Boots,825,2024-06-01,Outdoor Pursuits Co.,hiking equipment
NatureSeeker Binoculars,808,2024-10-04,Trailblazer Outfitters,skiing
WildernessSurvivor Survival Kit,396,2024-05-07,Adventure Seekers Gear,hiking equipment
TrailBlazer Camping Tent,580,2024-08-10,Summit Seekers,mountain biking
OutdoorGear Hammock,228,2025-01-09,Outdoor Pursuits Co.,camping gear
WildernessSurvivor Survival Kit,321,2025-04-28,Backcountry Bound,backpacking
WildernessSurvivor Survival Kit,529,2025-03-18,Trailblazer Gear,camping gear
WildernessSurvivor Survival Kit,746,2025-02-03,Backcountry Essentials,mountain biking
TrailBlazer Camping Tent,894,2024-01-04,Peak Performance Gear,skiing
HikePro Trekking Poles,960,2024-03-19,Wilderness Outfitters,climbing
AdventurePro Backpack,320,2025-08-30,Backcountry Bound,mountain biking
OutdoorGear Hammock,47,2025-06-05,Wilderness Outfitters,climbing
AdventurePro Backpack,708,2024-01-26,Adventure Gear Co.,mountain biking
HikePro Trekking Poles,196,2024-03-31,Pioneer Gearworks,fishing supplies
ExplorerX Hiking Boots,822,2024-03-21,Adventure Gear Co.,backpacking
TrailTracker GPS Device,599,2024-10-29,Outdoor Pursuits Co.,hiking equipment
CampfirePro Cooking Set,432,2024-08-03,Peak Performance Gear,fishing supplies
CampfirePro Cooking Set,424,2024-07-10,Backcountry Essentials,mountain biking
WildernessSurvivor Survival Kit,545,2025-04-25,Outdoor Provisions Ltd.,camping gear
OutdoorGear Hammock,872,2024-07-03,Explorers Equipment,camping gear
OutdoorMaster Camping Stove,738,2024-10-07,Nature's Best Gear,skiing
ExplorerX Hiking Boots,614,2024-05-19,Trailblazer Supplies,fishing supplies
NatureSeeker Binoculars,73,2024-09-03,Nature's Trail Gear,hiking equipment
NatureSeeker Binoculars,909,2024-05-21,Summit Supplies,backpacking
WildernessSurvivor Survival Kit,956,2024-09-17,Summit Supplies,fishing supplies
AdventurePro Backpack,157,2025-03-08,Outdoor Provisions Ltd.,backpacking
OutdoorMaster Camping Stove,794,2025-01-17,Trailblazer Supplies,skiing
OutdoorMaster Camping Stove,996,2024-09-23,Summit Seekers,fishing supplies
OutdoorGear Hammock,280,2025-05-04,Wilderness Wares,camping gear
TrailBlazer Camping Tent,270,2025-02-21,Outdoor Provisions Ltd.,camping gear
OutdoorMaster Camping Stove,109,2024-01-19,Adventure Seekers Gear,climbing
WildernessSurvivor Survival Kit,111,2025-08-20,Nature's Best Gear,hiking equipment
OutdoorMaster Camping Stove,824,2024-01-09,Trailblazer Outfitters,backpacking
TrailTracker GPS Device,397,2025-03-27,Peak Performance Gear,camping gear
HikePro Trekking Poles,741,2024-09-19,Nature's Trail Gear,camping gear
OutdoorMaster Camping Stove,550,2024-03-14,Summit Supplies,mountain biking
ExplorerX Hiking Boots,318,2025-08-22,Trailblazer Gear,camping gear
CampfirePro Cooking Set,422,2024-03-19,Backcountry Bound,backpacking
OutdoorGear Hammock,210,2025-02-21,Outdoor Provisions Ltd.,hiking equipment
TrailBlazer Camping Tent,335,2025-02-03,Summit Supplies,fishing supplies
TrailTracker GPS Device,592,2024-04-12,Wilderness Wares,mountain biking
OutdoorGear Hammock,766,2024-04-06,Nature's Edge Equipment,backpacking
TrailBlazer Camping Tent,739,2025-05-28,Summit Seekers,backpacking
TrailTracker GPS Device,856,2024-04-26,Wildland Gear,camping gear
CampfirePro Cooking Set,641,2024-03-29,Nature's Edge Equipment,climbing
OutdoorGear Hammock,582,2024-09-06,Summit Supplies,mountain biking
HikePro Trekking Poles,482,2025-06-19,Adventure Seekers Gear,climbing
OutdoorGear Hammock,50,2025-02-08,Trailblazer Outfitters,climbing
TrailBlazer Camping Tent,785,2025-03-06,Outdoor Discovery Co.,mountain biking
AdventurePro Backpack,405,2025-02-11,Outdoor Discovery Co.,climbing
OutdoorMaster Camping Stove,829,2024-03-31,Expedition Outfitters,mountain biking
TrailBlazer Camping Tent,248,2024-09-29,Trailblazer Supplies,hiking equipment
NatureSeeker Binoculars,800,2025-08-28,Summit Seekers,mountain biking
CampfirePro Cooking Set,285,2024-04-24,Trailblazer Supplies,backpacking
AdventurePro Backpack,331,2025-04-17,Wilderness Wares,backpacking
TrailTracker GPS Device,215,2024-05-22,Outdoor Discovery Co.,fishing supplies
OutdoorMaster Camping Stove,956,2025-01-23,Adventure Gear Co.,fishing supplies
AdventurePro Backpack,660,2024-08-25,Backcountry Essentials,mountain biking
NatureSeeker Binoculars,199,2024-08-27,Wilderness Wares,skiing
CampfirePro Cooking Set,30,2024-09-27,Wilderness Wares,backpacking
HikePro Trekking Poles,525,2024-06-21,Summit Seekers,fishing supplies
OutdoorGear Hammock,456,2024-04-14,Pioneer Gearworks,climbing
TrailTracker GPS Device,100,2024-02-29,Wildland Gear,fishing supplies
OutdoorGear Hammock,72,2024-10-12,Outdoor Pursuits Co.,climbing
WildernessSurvivor Survival Kit,439,2024-08-12,Pioneer Gearworks,backpacking
AdventurePro Backpack,982,2024-11-07,Wilderness Outfitters,skiing
ExplorerX Hiking Boots,673,2024-02-08,Outdoor Pursuits Co.,climbing
NatureSeeker Binoculars,571,2024-09-25,Explorer's Edge Equipment,skiing
CampfirePro Cooking Set,440,2025-06-09,Outdoor Gear Emporium,climbing
AdventurePro Backpack,178,2025-03-04,Backcountry Essentials,hiking equipment
OutdoorGear Hammock,449,2024-12-28,Expedition Outfitters,mountain biking
WildernessSurvivor Survival Kit,626,2025-09-19,Trailblazer Supplies,hiking equipment
OutdoorGear Hammock,960,2024-12-19,Backcountry Essentials,skiing
OutdoorMaster Camping Stove,175,2024-12-13,Outdoor Provisions Ltd.,skiing
CampfirePro Cooking Set,69,2025-05-06,Pioneer Gearworks,skiing
OutdoorMaster Camping Stove,932,2024-10-04,Summit Seekers,climbing
NatureSeeker Binoculars,644,2024-04-30,Explorers Equipment,mountain biking
OutdoorMaster Camping Stove,181,2024-01-11,Peak Performance Gear,climbing
OutdoorMaster Camping Stove,156,2024-07-11,Wilderness Outfitters,mountain biking
NatureSeeker Binoculars,983,2024-01-13,Nature's Trail Gear,skiing
TrailBlazer Camping Tent,918,2025-01-03,Outdoor Gear Emporium,camping gear
CampfirePro Cooking Set,139,2025-02-04,Nature's Edge Equipment,backpacking
TrailBlazer Camping Tent,454,2024-04-15,Explorers Equipment,backpacking
TrailTracker GPS Device,843,2024-09-25,Peak Performance Gear,mountain biking
OutdoorGear Hammock,654,2024-10-07,Summit Seekers,fishing supplies
HikePro Trekking Poles,966,2024-09-09,Backcountry Essentials,climbing
OutdoorGear Hammock,470,2025-09-07,Pioneer Gearworks,skiing
CampfirePro Cooking Set,647,2024-11-12,Outdoor Gear Emporium,backpacking
TrailBlazer Camping Tent,846,2024-04-18,Peak Performance Gear,fishing supplies
AdventurePro Backpack,648,2025-05-03,Wilderness Wares,skiing
HikePro Trekking Poles,468,2024-03-10,Nature's Best Gear,mountain biking
AdventurePro Backpack,908,2024-12-20,Explorers Equipment,hiking equipment
NatureSeeker Binoculars,32,2025-08-10,Pioneer Gearworks,mountain biking
HikePro Trekking Poles,416,2024-04-02,Outdoor Discovery Co.,skiing
HikePro Trekking Poles,885,2025-03-22,Adventure Gear Co.,backpacking
AdventurePro Backpack,998,2024-02-19,Wilderness Wares,mountain biking
AdventurePro Backpack,411,2025-02-24,Peak Performance Gear,backpacking
OutdoorMaster Camping Stove,492,2025-01-31,Outdoor Discovery Co.,skiing
TrailTracker GPS Device,742,2024-08-17,Peak Performance Gear,climbing
ExplorerX Hiking Boots,118,2025-01-10,Adventure Seekers Gear,hiking equipment
ExplorerX Hiking Boots,306,2024-12-04,Pioneer Gearworks,fishing supplies
ExplorerX Hiking Boots,55,2024-04-04,Backcountry Essentials,climbing
TrailBlazer Camping Tent,625,2024-03-19,Wilderness Wares,fishing supplies
NatureSeeker Binoculars,336,2025-01-29,Nature's Trail Gear,skiing
TrailTracker GPS Device,461,2025-01-12,Trailblazer Supplies,hiking equipment
CampfirePro Cooking Set,968,2025-04-14,Trailblazer Outfitters,fishing supplies
ExplorerX Hiking Boots,57,2024-10-11,Expedition Outfitters,hiking equipment
TrailBlazer Camping Tent,248,2025-03-20,Nature's Best Gear,skiing
HikePro Trekking Poles,130,2024-06-08,Backcountry Essentials,hiking equipment
TrailBlazer Camping Tent,684,2025-02-02,Outdoor Pursuits Co.,mountain biking
ExplorerX Hiking Boots,87,2024-07-26,Alpine Adventure Co.,fishing supplies
ExplorerX Hiking Boots,935,2025-07-02,Trailblazer Supplies,hiking equipment
AdventurePro Backpack,207,2024-03-08,Peak Performance Gear,hiking equipment
CampfirePro Cooking Set,258,2024-05-22,Wilderness Wares,skiing
ExplorerX Hiking Boots,545,2025-02-26,Summit Seekers,backpacking
OutdoorGear Hammock,739,2025-08-06,Trailblazer Outfitters,mountain biking
AdventurePro Backpack,786,2024-12-04,Backcountry Bound,fishing supplies
HikePro Trekking Poles,145,2024-12-10,Pioneer Gearworks,backpacking
ExplorerX Hiking Boots,583,2024-08-15,Adventure Gear Co.,backpacking
CampfirePro Cooking Set,487,2024-02-22,Adventure Seekers Gear,backpacking
WildernessSurvivor Survival Kit,41,2025-08-19,Outdoor Provisions Ltd.,hiking equipment
OutdoorMaster Camping Stove,298,2024-12-30,Wilderness Wares,hiking equipment
HikePro Trekking Poles,932,2024-02-06,Outdoor Pursuits Co.,fishing supplies
NatureSeeker Binoculars,498,2025-05-13,Alpine Adventure Co.,backpacking
CampfirePro Cooking Set,439,2024-01-24,Adventure Seekers Gear,skiing
OutdoorGear Hammock,123,2024-03-03,Wilderness Outfitters,backpacking
CampfirePro Cooking Set,261,2024-05-10,Explorer's Edge Equipment,fishing supplies
ExplorerX Hiking Boots,844,2024-09-10,Nature's Best Gear,backpacking
WildernessSurvivor Survival Kit,707,2025-07-06,Explorer's Edge Equipment,climbing
WildernessSurvivor Survival Kit,840,2025-07-08,Trailblazer Gear,backpacking
WildernessSurvivor Survival Kit,342,2025-05-11,Pioneer Gearworks,backpacking
AdventurePro Backpack,233,2024-01-08,Peak Performance Gear,camping gear
TrailTracker GPS Device,307,2024-05-21,Outdoor Gear Emporium,mountain biking
NatureSeeker Binoculars,181,2025-07-27,Adventure Seekers Gear,backpacking
CampfirePro Cooking Set,916,2024-03-18,Nature's Edge Equipment,hiking equipment
TrailBlazer Camping Tent,667,2024-07-30,Trailblazer Supplies,climbing
CampfirePro Cooking Set,636,2024-02-14,Peak Performance Gear,fishing supplies
ExplorerX Hiking Boots,192,2025-04-04,Trailblazer Gear,mountain biking
ExplorerX Hiking Boots,375,2025-04-08,Nature's Trail Gear,hiking equipment
CampfirePro Cooking Set,851,2025-02-23,Trailblazer Outfitters,hiking equipment
ExplorerX Hiking Boots,653,2025-05-23,Summit Seekers,skiing
NatureSeeker Binoculars,713,2025-03-27,Nature's Edge Equipment,climbing
TrailBlazer Camping Tent,454,2024-08-02,Peak Performance Gear,climbing
ExplorerX Hiking Boots,81,2024-10-16,Wildland Gear,skiing
OutdoorGear Hammock,953,2024-05-05,Nature's Trail Gear,mountain biking
CampfirePro Cooking Set,486,2024-11-06,Trailblazer Supplies,climbing
AdventurePro Backpack,574,2024-02-15,Summit Seekers,hiking equipment
TrailTracker GPS Device,792,2024-10-14,Summit Supplies,camping gear
HikePro Trekking Poles,510,2024-05-31,Alpine Adventure Co.,backpacking
TrailTracker GPS Device,854,2025-07-14,Outdoor Provisions Ltd.,climbing
WildernessSurvivor Survival Kit,358,2024-05-28,Summit Seekers,camping gear
CampfirePro Cooking Set,924,2025-05-02,Adventure Gear Co.,skiing
AdventurePro Backpack,277,2025-09-11,Nature's Best Gear,hiking equipment
TrailBlazer Camping Tent,817,2024-03-23,Nature's Edge Equipment,hiking equipment
WildernessSurvivor Survival Kit,649,2025-05-24,Summit Supplies,mountain biking
TrailTracker GPS Device,948,2024-12-21,Adventure Seekers Gear,skiing
ExplorerX Hiking Boots,413,2024-06-01,Summit Seekers,camping gear
OutdoorMaster Camping Stove,739,2024-06-08,Nature's Best Gear,camping gear
NatureSeeker Binoculars,466,2024-07-17,Trailblazer Gear,hiking equipment
WildernessSurvivor Survival Kit,567,2025-06-17,Adventure Gear Co.,fishing supplies
AdventurePro Backpack,958,2024-12-06,Adventure Gear Co.,climbing
AdventurePro Backpack,557,2024-01-19,Nature's Best Gear,camping gear
OutdoorMaster Camping Stove,713,2025-02-08,Wilderness Wares,hiking equipment
HikePro Trekking Poles,72,2024-05-23,Pioneer Gearworks,skiing
TrailTracker GPS Device,427,2024-03-10,Trailblazer Supplies,hiking equipment
TrailBlazer Camping Tent,791,2024-12-23,Nature's Best Gear,climbing
HikePro Trekking Poles,320,2024-03-15,Summit Seekers,mountain biking
OutdoorMaster Camping Stove,672,2025-02-20,Adventure Seekers Gear,mountain biking
NatureSeeker Binoculars,913,2024-09-12,Summit Seekers,fishing supplies
HikePro Trekking Poles,172,2024-02-24,Outdoor Gear Emporium,climbing
OutdoorGear Hammock,100,2025-09-29,Expedition Outfitters,mountain biking
AdventurePro Backpack,109,2024-08-25,Backcountry Bound,fishing supplies
AdventurePro Backpack,139,2024-07-09,Trailblazer Gear,camping gear
OutdoorMaster Camping Stove,259,2024-10-27,Wilderness Outfitters,camping gear
TrailBlazer Camping Tent,781,2024-01-10,Alpine Adventure Co.,skiing
NatureSeeker Binoculars,73,2025-05-09,Outdoor Gear Emporium,backpacking
CampfirePro Cooking Set,872,2024-06-16,Nature's Best Gear,fishing supplies
WildernessSurvivor Survival Kit,263,2024-11-21,Trailblazer Gear,fishing supplies
OutdoorGear Hammock,531,2025-03-23,Outdoor Provisions Ltd.,camping gear
CampfirePro Cooking Set,388,2024-08-09,Backcountry Bound,hiking equipment
TrailBlazer Camping Tent,97,2024-06-03,Peak Performance Gear,hiking equipment
TrailBlazer Camping Tent,648,2025-01-21,Peak Performance Gear,hiking equipment
TrailBlazer Camping Tent,545,2024-08-17,Summit Supplies,skiing
NatureSeeker Binoculars,146,2025-03-27,Wilderness Wares,climbing
HikePro Trekking Poles,63,2024-08-28,Alpine Adventure Co.,hiking equipment
TrailBlazer Camping Tent,143,2024-12-15,Wilderness Outfitters,hiking equipment
TrailBlazer Camping Tent,375,2024-09-21,Nature's Best Gear,fishing supplies
WildernessSurvivor Survival Kit,669,2025-09-02,Nature's Edge Equipment,mountain biking
AdventurePro Backpack,980,2024-11-04,Nature's Edge Equipment,hiking equipment
TrailBlazer Camping Tent,998,2025-03-11,Adventure Seekers Gear,skiing
OutdoorGear Hammock,708,2024-06-26,Wilderness Outfitters,hiking equipment
TrailTracker GPS Device,803,2024-09-29,Nature's Edge Equipment,mountain biking
TrailTracker GPS Device,852,2025-05-15,Summit Seekers,hiking equipment
NatureSeeker Binoculars,544,2025-04-25,Nature's Trail Gear,skiing
WildernessSurvivor Survival Kit,864,2024-08-24,Outdoor Provisions Ltd.,mountain biking
TrailBlazer Camping Tent,655,2024-12-03,Outdoor Gear Emporium,backpacking
NatureSeeker Binoculars,944,2025-08-15,Outdoor Gear Emporium,hiking equipment
OutdoorGear Hammock,964,2024-04-26,Explorers Equipment,climbing
OutdoorGear Hammock,853,2024-11-24,Backcountry Bound,backpacking
WildernessSurvivor Survival Kit,795,2025-02-08,Outdoor Provisions Ltd.,climbing
OutdoorGear Hammock,267,2024-08-13,Outdoor Provisions Ltd.,skiing
NatureSeeker Binoculars,177,2025-01-30,Explorers Equipment,fishing supplies
ExplorerX Hiking Boots,20,2025-03-29,Outdoor Provisions Ltd.,camping gear
WildernessSurvivor Survival Kit,626,2024-10-17,Outdoor Gear Emporium,mountain biking
TrailBlazer Camping Tent,390,2025-08-12,Nature's Best Gear,hiking equipment
NatureSeeker Binoculars,58,2025-08-20,Nature's Edge Equipment,climbing
OutdoorGear Hammock,980,2024-06-29,Wilderness Wares,backpacking
TrailTracker GPS Device,238,2025-01-23,Nature's Edge Equipment,hiking equipment
TrailTracker GPS Device,236,2025-08-08,Trailblazer Supplies,climbing
CampfirePro Cooking Set,276,2024-12-26,Outdoor Provisions Ltd.,fishing supplies
TrailTracker GPS Device,37,2024-06-18,Backcountry Bound,climbing
HikePro Trekking Poles,182,2024-10-14,Backcountry Essentials,climbing
NatureSeeker Binoculars,938,2024-09-02,Outdoor Provisions Ltd.,mountain biking
NatureSeeker Binoculars,1000,2024-03-13,Explorer's Edge Equipment,hiking equipment
TrailBlazer Camping Tent,372,2024-11-02,Summit Supplies,fishing supplies
OutdoorMaster Camping Stove,351,2025-08-03,Nature's Trail Gear,fishing supplies
NatureSeeker Binoculars,37,2025-05-28,Wilderness Outfitters,backpacking
AdventurePro Backpack,880,2025-05-19,Summit Supplies,mountain biking
TrailTracker GPS Device,742,2024-06-04,Summit Seekers,hiking equipment
OutdoorMaster Camping Stove,106,2025-03-20,Wilderness Outfitters,skiing
TrailBlazer Camping Tent,800,2024-06-20,Adventure Seekers Gear,backpacking
HikePro Trekking Poles,988,2025-06-07,Summit Supplies,fishing supplies
OutdoorMaster Camping Stove,972,2024-12-20,Alpine Adventure Co.,skiing
CampfirePro Cooking Set,510,2024-03-15,Summit Supplies,camping gear
CampfirePro Cooking Set,914,2024-08-21,Adventure Gear Co.,climbing
AdventurePro Backpack,760,2025-08-02,Pioneer Gearworks,hiking equipment
CampfirePro Cooking Set,323,2025-03-12,Pioneer Gearworks,fishing supplies
TrailBlazer Camping Tent,721,2025-01-09,Wilderness Outfitters,backpacking
TrailTracker GPS Device,806,2024-06-05,Outdoor Provisions Ltd.,camping gear
OutdoorGear Hammock,5,2024-02-10,Pioneer Gearworks,backpacking
ExplorerX Hiking Boots,769,2025-03-14,Summit Seekers,climbing
WildernessSurvivor Survival Kit,870,2024-11-23,Expedition Outfitters,fishing supplies
NatureSeeker Binoculars,676,2025-04-22,Wildland Gear,fishing supplies
HikePro Trekking Poles,520,2024-06-25,Summit Seekers,camping gear
OutdoorGear Hammock,868,2024-11-25,Trailblazer Outfitters,backpacking
OutdoorMaster Camping Stove,231,2025-01-17,Backcountry Bound,backpacking
NatureSeeker Binoculars,736,2024-09-14,Outdoor Gear Emporium,climbing
ExplorerX Hiking Boots,317,2024-09-15,Backcountry Bound,fishing supplies
TrailBlazer Camping Tent,920,2025-03-03,Outdoor Pursuits Co.,climbing
NatureSeeker Binoculars,851,2024-07-13,Nature's Best Gear,hiking equipment
NatureSeeker Binoculars,882,2024-05-06,Adventure Gear Co.,camping gear
HikePro Trekking Poles,423,2024-06-26,Outdoor Provisions Ltd.,skiing
WildernessSurvivor Survival Kit,343,2024-05-04,Wilderness Outfitters,camping gear
OutdoorMaster Camping Stove,824,2025-03-28,Outdoor Provisions Ltd.,camping gear
CampfirePro Cooking Set,961,2024-07-14,Adventure Seekers Gear,climbing
TrailBlazer Camping Tent,344,2024-08-13,Outdoor Pursuits Co.,camping gear
CampfirePro Cooking Set,785,2024-09-23,Adventure Gear Co.,camping gear
TrailTracker GPS Device,972,2024-02-11,Outdoor Pursuits Co.,fishing supplies
NatureSeeker Binoculars,802,2024-01-17,Explorer's Edge Equipment,hiking equipment
CampfirePro Cooking Set,349,2025-08-22,Pioneer Gearworks,fishing supplies
TrailBlazer Camping Tent,367,2024-11-11,Nature's Best Gear,fishing supplies
TrailBlazer Camping Tent,905,2024-09-24,Outdoor Discovery Co.,fishing supplies
OutdoorGear Hammock,916,2025-02-18,Trailblazer Gear,fishing supplies
CampfirePro Cooking Set,338,2025-02-27,Adventure Seekers Gear,skiing
OutdoorMaster Camping Stove,976,2025-03-29,Wilderness Outfitters,climbing
HikePro Trekking Poles,423,2024-10-31,Nature's Edge Equipment,mountain biking
HikePro Trekking Poles,608,2025-01-22,Summit Supplies,skiing
OutdoorMaster Camping Stove,298,2024-01-13,Adventure Gear Co.,hiking equipment
CampfirePro Cooking Set,154,2025-08-24,Backcountry Bound,climbing
TrailBlazer Camping Tent,106,2024-06-10,Peak Performance Gear,backpacking
WildernessSurvivor Survival Kit,885,2024-02-02,Pioneer Gearworks,camping gear
AdventurePro Backpack,618,2024-03-21,Expedition Outfitters,fishing supplies
ExplorerX Hiking Boots,562,2024-02-28,Nature's Trail Gear,camping gear
OutdoorGear Hammock,882,2025-03-18,Outdoor Discovery Co.,backpacking
CampfirePro Cooking Set,899,2024-12-08,Trailblazer Supplies,mountain biking
TrailTracker GPS Device,167,2024-01-15,Expedition Outfitters,fishing supplies
AdventurePro Backpack,365,2025-07-27,Wilderness Outfitters,backpacking
CampfirePro Cooking Set,646,2024-04-05,Trailblazer Outfitters,skiing
OutdoorGear Hammock,532,2024-08-24,Outdoor Provisions Ltd.,skiing
CampfirePro Cooking Set,615,2025-05-18,Backcountry Bound,skiing
OutdoorMaster Camping Stove,331,2025-01-07,Outdoor Pursuits Co.,hiking equipment
TrailTracker GPS Device,82,2025-07-16,Pioneer Gearworks,mountain biking
TrailBlazer Camping Tent,753,2025-05-24,Explorer's Edge Equipment,camping gear
CampfirePro Cooking Set,310,2025-06-24,Outdoor Discovery Co.,mountain biking
CampfirePro Cooking Set,359,2025-03-03,Outdoor Gear Emporium,skiing
OutdoorGear Hammock,480,2024-03-17,Adventure Seekers Gear,fishing supplies
TrailBlazer Camping Tent,20,2024-05-24,Summit Supplies,fishing supplies
AdventurePro Backpack,345,2024-08-28,Outdoor Discovery Co.,hiking equipment
OutdoorMaster Camping Stove,877,2024-10-22,Outdoor Provisions Ltd.,skiing
WildernessSurvivor Survival Kit,708,2024-01-23,Peak Performance Gear,camping gear
CampfirePro Cooking Set,683,2024-05-06,Explorers Equipment,fishing supplies
CampfirePro Cooking Set,975,2024-03-29,Outdoor Gear Emporium,mountain biking
TrailBlazer Camping Tent,894,2024-05-09,Explorers Equipment,climbing
NatureSeeker Binoculars,549,2024-04-29,Outdoor Pursuits Co.,climbing
OutdoorGear Hammock,193,2025-06-09,Explorer's Edge Equipment,mountain biking
AdventurePro Backpack,175,2024-05-15,Adventure Seekers Gear,camping gear
HikePro Trekking Poles,583,2024-09-29,Explorers Equipment,backpacking
OutdoorGear Hammock,301,2025-08-28,Nature's Edge Equipment,skiing
OutdoorMaster Camping Stove,129,2024-06-04,Outdoor Gear Emporium,skiing
AdventurePro Backpack,455,2025-08-06,Adventure Seekers Gear,mountain biking
WildernessSurvivor Survival Kit,71,2024-11-30,Explorer's Edge Equipment,backpacking
OutdoorGear Hammock,244,2024-07-21,Outdoor Pursuits Co.,backpacking
TrailBlazer Camping Tent,806,2024-05-03,Peak Performance Gear,backpacking
OutdoorGear Hammock,614,2024-07-20,Pioneer Gearworks,fishing supplies
ExplorerX Hiking Boots,791,2024-04-30,Outdoor Gear Emporium,fishing supplies
OutdoorMaster Camping Stove,351,2025-09-06,Outdoor Pursuits Co.,hiking equipment
CampfirePro Cooking Set,166,2024-11-10,Backcountry Essentials,camping gear
OutdoorGear Hammock,476,2024-06-06,Backcountry Bound,skiing
HikePro Trekking Poles,434,2025-02-24,Adventure Seekers Gear,backpacking
ExplorerX Hiking Boots,59,2024-02-25,Outdoor Pursuits Co.,climbing
OutdoorGear Hammock,224,2025-06-02,Backcountry Essentials,fishing supplies
HikePro Trekking Poles,560,2024-12-25,Trailblazer Outfitters,climbing
ExplorerX Hiking Boots,849,2024-05-24,Nature's Edge Equipment,backpacking
OutdoorMaster Camping Stove,681,2025-05-08,Trailblazer Supplies,climbing
TrailBlazer Camping Tent,77,2025-09-19,Adventure Gear Co.,fishing supplies
OutdoorMaster Camping Stove,119,2024-08-10,Backcountry Bound,mountain biking
OutdoorMaster Camping Stove,873,2024-04-21,Backcountry Essentials,fishing supplies
TrailBlazer Camping Tent,686,2024-03-20,Wildland Gear,camping gear
TrailBlazer Camping Tent,26,2025-02-27,Nature's Best Gear,mountain biking
TrailBlazer Camping Tent,849,2024-12-24,Outdoor Gear Emporium,skiing
CampfirePro Cooking Set,647,2025-07-06,Explorers Equipment,hiking equipment
NatureSeeker Binoculars,289,2024-09-15,Wilderness Wares,backpacking
AdventurePro Backpack,66,2025-01-06,Trailblazer Outfitters,backpacking
OutdoorMaster Camping Stove,660,2024-07-18,Explorers Equipment,backpacking
WildernessSurvivor Survival Kit,542,2024-04-19,Outdoor Provisions Ltd.,mountain biking
CampfirePro Cooking Set,604,2024-03-26,Trailblazer Supplies,hiking equipment
WildernessSurvivor Survival Kit,485,2024-02-20,Nature's Best Gear,fishing supplies
HikePro Trekking Poles,578,2024-11-27,Outdoor Pursuits Co.,backpacking
WildernessSurvivor Survival Kit,647,2024-09-08,Wildland Gear,backpacking
OutdoorMaster Camping Stove,287,2024-12-04,Adventure Gear Co.,hiking equipment
ExplorerX Hiking Boots,796,2025-05-04,Expedition Outfitters,climbing
TrailTracker GPS Device,679,2024-10-13,Expedition Outfitters,mountain biking
CampfirePro Cooking Set,965,2025-06-18,Explorer's Edge Equipment,backpacking
HikePro Trekking Poles,22,2024-12-21,Outdoor Pursuits Co.,backpacking
ExplorerX Hiking Boots,877,2024-09-05,Alpine Adventure Co.,mountain biking
NatureSeeker Binoculars,465,2024-07-21,Nature's Edge Equipment,backpacking
TrailBlazer Camping Tent,988,2024-03-01,Backcountry Bound,climbing
ExplorerX Hiking Boots,960,2025-06-28,Peak Performance Gear,skiing
OutdoorGear Hammock,918,2025-06-01,Wilderness Wares,camping gear
TrailTracker GPS Device,584,2025-06-02,Backcountry Essentials,skiing
OutdoorMaster Camping Stove,369,2025-05-30,Backcountry Essentials,skiing
TrailTracker GPS Device,764,2024-01-31,Adventure Gear Co.,climbing
NatureSeeker Binoculars,20,2025-02-15,Peak Performance Gear,backpacking
WildernessSurvivor Survival Kit,282,2025-02-09,Nature's Trail Gear,backpacking
AdventurePro Backpack,343,2024-07-02,Adventure Seekers Gear,mountain biking
NatureSeeker Binoculars,681,2024-05-26,Nature's Edge Equipment,skiing
OutdoorMaster Camping Stove,127,2024-10-23,Pioneer Gearworks,climbing
ExplorerX Hiking Boots,264,2024-10-10,Outdoor Discovery Co.,hiking equipment
TrailTracker GPS Device,190,2024-03-01,Nature's Edge Equipment,hiking equipment
CampfirePro Cooking Set,782,2024-08-04,Backcountry Bound,hiking equipment
NatureSeeker Binoculars,638,2025-05-21,Outdoor Gear Emporium,fishing supplies
ExplorerX Hiking Boots,656,2024-12-19,Nature's Edge Equipment,skiing
HikePro Trekking Poles,772,2024-01-28,Outdoor Pursuits Co.,skiing
OutdoorMaster Camping Stove,795,2024-06-24,Nature's Trail Gear,skiing
ExplorerX Hiking Boots,616,2025-05-19,Outdoor Discovery Co.,hiking equipment
HikePro Trekking Poles,730,2024-03-25,Summit Seekers,hiking equipment
TrailBlazer Camping Tent,435,2024-06-28,Trailblazer Supplies,backpacking
HikePro Trekking Poles,977,2024-12-28,Wilderness Wares,camping gear
CampfirePro Cooking Set,849,2024-10-30,Nature's Edge Equipment,climbing
TrailTracker GPS Device,688,2024-07-08,Outdoor Gear Emporium,mountain biking
WildernessSurvivor Survival Kit,973,2024-02-07,Peak Performance Gear,backpacking
TrailBlazer Camping Tent,317,2024-02-10,Pioneer Gearworks,mountain biking
WildernessSurvivor Survival Kit,712,2024-10-24,Explorer's Edge Equipment,hiking equipment
OutdoorGear Hammock,435,2024-05-29,Backcountry Essentials,fishing supplies
HikePro Trekking Poles,27,2025-09-04,Outdoor Provisions Ltd.,mountain biking
ExplorerX Hiking Boots,296,2024-03-25,Trailblazer Gear,fishing supplies
CampfirePro Cooking Set,106,2024-10-22,Trailblazer Gear,hiking equipment
TrailBlazer Camping Tent,135,2025-09-08,Adventure Seekers Gear,backpacking
TrailBlazer Camping Tent,856,2024-08-04,Backcountry Essentials,skiing
HikePro Trekking Poles,835,2024-08-12,Outdoor Discovery Co.,fishing supplies
TrailBlazer Camping Tent,957,2024-03-10,Outdoor Pursuits Co.,camping gear
HikePro Trekking Poles,264,2024-12-21,Summit Supplies,climbing
OutdoorMaster Camping Stove,902,2025-06-06,Adventure Gear Co.,camping gear
TrailBlazer Camping Tent,44,2024-03-12,Wildland Gear,backpacking
HikePro Trekking Poles,850,2024-11-02,Adventure Seekers Gear,fishing supplies
NatureSeeker Binoculars,9,2024-07-08,Backcountry Bound,climbing
WildernessSurvivor Survival Kit,967,2024-11-04,Backcountry Essentials,skiing
HikePro Trekking Poles,334,2025-09-19,Explorer's Edge Equipment,hiking equipment
AdventurePro Backpack,181,2024-05-08,Nature's Edge Equipment,backpacking
HikePro Trekking Poles,565,2024-08-17,Wilderness Outfitters,mountain biking
HikePro Trekking Poles,61,2024-01-12,Alpine Adventure Co.,camping gear
TrailTracker GPS Device,40,2025-09-15,Outdoor Gear Emporium,fishing supplies
NatureSeeker Binoculars,372,2025-09-06,Pioneer Gearworks,fishing supplies
TrailBlazer Camping Tent,705,2025-03-14,Adventure Seekers Gear,camping gear
OutdoorMaster Camping Stove,865,2024-06-24,Outdoor Provisions Ltd.,camping gear
WildernessSurvivor Survival Kit,965,2024-01-26,Explorer's Edge Equipment,fishing supplies
OutdoorGear Hammock,439,2025-06-15,Wildland Gear,skiing
NatureSeeker Binoculars,879,2025-04-14,Backcountry Bound,camping gear
NatureSeeker Binoculars,599,2025-08-11,Trailblazer Gear,camping gear
WildernessSurvivor Survival Kit,641,2024-06-21,Nature's Best Gear,fishing supplies
NatureSeeker Binoculars,631,2024-12-26,Explorers Equipment,skiing
AdventurePro Backpack,574,2025-07-20,Wilderness Wares,backpacking
TrailTracker GPS Device,459,2025-07-09,Explorers Equipment,hiking equipment
ExplorerX Hiking Boots,219,2024-03-19,Backcountry Bound,skiing
OutdoorMaster Camping Stove,288,2025-03-25,Trailblazer Supplies,skiing
OutdoorGear Hammock,166,2024-03-03,Nature's Trail Gear,fishing supplies
AdventurePro Backpack,74,2025-08-31,Wilderness Wares,mountain biking
NatureSeeker Binoculars,8,2024-05-01,Wilderness Outfitters,mountain biking
CampfirePro Cooking Set,240,2025-08-08,Outdoor Provisions Ltd.,hiking equipment
OutdoorGear Hammock,199,2025-04-23,Outdoor Pursuits Co.,hiking equipment
CampfirePro Cooking Set,36,2025-02-25,Outdoor Discovery Co.,backpacking
HikePro Trekking Poles,549,2024-08-02,Pioneer Gearworks,fishing supplies
CampfirePro Cooking Set,266,2024-12-15,Summit Supplies,fishing supplies
TrailTracker GPS Device,517,2024-08-07,Nature's Edge Equipment,camping gear
ExplorerX Hiking Boots,601,2024-05-30,Expedition Outfitters,climbing
OutdoorGear Hammock,445,2025-04-08,Nature's Best Gear,camping gear
AdventurePro Backpack,585,2025-08-18,Summit Supplies,camping gear
NatureSeeker Binoculars,555,2024-07-14,Wildland Gear,fishing supplies
HikePro Trekking Poles,815,2025-01-25,Summit Supplies,fishing supplies
AdventurePro Backpack,776,2025-01-08,Peak Performance Gear,climbing
WildernessSurvivor Survival Kit,459,2024-03-13,Backcountry Essentials,backpacking
AdventurePro Backpack,273,2024-03-13,Alpine Adventure Co.,skiing
TrailTracker GPS Device,307,2025-02-08,Nature's Edge Equipment,backpacking
OutdoorMaster Camping Stove,878,2025-05-17,Trailblazer Supplies,mountain biking
AdventurePro Backpack,813,2024-10-12,Outdoor Provisions Ltd.,backpacking
OutdoorMaster Camping Stove,448,2024-05-20,Nature's Edge Equipment,backpacking
TrailBlazer Camping Tent,390,2024-07-27,Backcountry Bound,backpacking
AdventurePro Backpack,409,2024-05-29,Outdoor Gear Emporium,climbing
TrailBlazer Camping Tent,182,2024-10-15,Adventure Gear Co.,camping gear
WildernessSurvivor Survival Kit,447,2025-08-24,Wilderness Outfitters,backpacking
TrailBlazer Camping Tent,493,2024-06-11,Adventure Seekers Gear,climbing
OutdoorMaster Camping Stove,80,2024-08-22,Adventure Gear Co.,camping gear
HikePro Trekking Poles,271,2024-01-29,Summit Seekers,mountain biking
TrailTracker GPS Device,916,2025-02-06,Expedition Outfitters,skiing
OutdoorMaster Camping Stove,812,2024-06-07,Peak Performance Gear,camping gear
TrailBlazer Camping Tent,32,2024-06-06,Nature's Best Gear,hiking equipment
OutdoorMaster Camping Stove,497,2025-04-13,Wilderness Wares,camping gear
AdventurePro Backpack,81,2025-07-01,Pioneer Gearworks,camping gear
ExplorerX Hiking Boots,989,2025-03-07,Summit Seekers,skiing
AdventurePro Backpack,895,2025-07-20,Peak Performance Gear,camping gear
OutdoorGear Hammock,309,2024-02-15,Explorers Equipment,backpacking
WildernessSurvivor Survival Kit,420,2024-10-21,Alpine Adventure Co.,camping gear
HikePro Trekking Poles,914,2024-09-29,Trailblazer Supplies,mountain biking
TrailTracker GPS Device,864,2024-04-01,Trailblazer Outfitters,hiking equipment
TrailTracker GPS Device,488,2024-09-02,Trailblazer Gear,hiking equipment
OutdoorMaster Camping Stove,936,2024-09-08,Explorer's Edge Equipment,mountain biking
HikePro Trekking Poles,692,2024-06-12,Nature's Trail Gear,hiking equipment
TrailBlazer Camping Tent,412,2025-06-13,Wilderness Wares,backpacking
NatureSeeker Binoculars,350,2025-03-20,Summit Supplies,backpacking
NatureSeeker Binoculars,78,2025-09-06,Explorer's Edge Equipment,fishing supplies
HikePro Trekking Poles,641,2024-10-15,Peak Performance Gear,skiing
TrailTracker GPS Device,910,2024-12-09,Adventure Gear Co.,mountain biking
AdventurePro Backpack,516,2024-02-24,Trailblazer Gear,camping gear
WildernessSurvivor Survival Kit,15,2024-08-19,Alpine Adventure Co.,skiing
TrailBlazer Camping Tent,999,2025-08-29,Nature's Edge Equipment,hiking equipment
WildernessSurvivor Survival Kit,101,2024-12-29,Explorer's Edge Equipment,mountain biking
CampfirePro Cooking Set,977,2025-08-10,Outdoor Gear Emporium,backpacking
ExplorerX Hiking Boots,547,2025-08-04,Wildland Gear,climbing
TrailTracker GPS Device,286,2024-10-10,Outdoor Pursuits Co.,camping gear
TrailBlazer Camping Tent,638,2024-11-03,Backcountry Bound,hiking equipment
HikePro Trekking Poles,295,2025-01-18,Outdoor Pursuits Co.,skiing
AdventurePro Backpack,269,2024-06-22,Wilderness Wares,skiing
NatureSeeker Binoculars,385,2025-07-20,Outdoor Gear Emporium,backpacking
OutdoorGear Hammock,435,2024-04-14,Summit Seekers,fishing supplies
OutdoorMaster Camping Stove,387,2024-05-06,Backcountry Bound,camping gear
AdventurePro Backpack,569,2024-05-30,Outdoor Discovery Co.,mountain biking
WildernessSurvivor Survival Kit,898,2024-10-19,Trailblazer Supplies,hiking equipment
WildernessSurvivor Survival Kit,178,2024-03-01,Wildland Gear,mountain biking
WildernessSurvivor Survival Kit,628,2024-12-31,Backcountry Essentials,hiking equipment
OutdoorGear Hammock,320,2024-08-20,Wilderness Outfitters,backpacking
CampfirePro Cooking Set,554,2025-09-29,Wilderness Wares,fishing supplies
HikePro Trekking Poles,947,2025-04-15,Wildland Gear,climbing
TrailBlazer Camping Tent,779,2024-03-21,Outdoor Discovery Co.,camping gear
TrailTracker GPS Device,150,2024-03-01,Backcountry Essentials,backpacking
TrailBlazer Camping Tent,11,2024-03-01,Wildland Gear,camping gear
TrailBlazer Camping Tent,906,2025-03-18,Nature's Edge Equipment,camping gear
OutdoorGear Hammock,331,2024-09-21,Adventure Seekers Gear,fishing supplies
OutdoorMaster Camping Stove,568,2024-12-08,Explorers Equipment,skiing
TrailBlazer Camping Tent,871,2025-06-29,Trailblazer Outfitters,fishing supplies
TrailBlazer Camping Tent,85,2025-09-15,Outdoor Provisions Ltd.,climbing
OutdoorGear Hammock,387,2024-03-16,Summit Supplies,backpacking
WildernessSurvivor Survival Kit,477,2025-01-02,Nature's Edge Equipment,mountain biking
NatureSeeker Binoculars,659,2025-06-20,Nature's Edge Equipment,camping gear
CampfirePro Cooking Set,415,2025-07-17,Summit Supplies,camping gear
ExplorerX Hiking Boots,585,2025-02-21,Nature's Best Gear,hiking equipment
NatureSeeker Binoculars,427,2025-02-27,Summit Seekers,camping gear
OutdoorMaster Camping Stove,742,2024-04-15,Wildland Gear,skiing
WildernessSurvivor Survival Kit,552,2025-02-06,Outdoor Gear Emporium,mountain biking
OutdoorMaster Camping Stove,813,2025-07-14,Trailblazer Supplies,backpacking
OutdoorGear Hammock,766,2024-03-04,Peak Performance Gear,hiking equipment
HikePro Trekking Poles,919,2024-03-28,Explorers Equipment,camping gear
HikePro Trekking Poles,540,2024-01-31,Pioneer Gearworks,climbing
WildernessSurvivor Survival Kit,16,2024-12-27,Backcountry Bound,backpacking
OutdoorMaster Camping Stove,730,2025-03-15,Outdoor Gear Emporium,hiking equipment
TrailTracker GPS Device,775,2024-08-23,Nature's Best Gear,camping gear
CampfirePro Cooking Set,362,2024-03-13,Backcountry Bound,backpacking
TrailBlazer Camping Tent,750,2024-07-28,Outdoor Provisions Ltd.,climbing
OutdoorMaster Camping Stove,300,2025-09-29,Outdoor Pursuits Co.,mountain biking
NatureSeeker Binoculars,335,2025-08-18,Trailblazer Gear,climbing
WildernessSurvivor Survival Kit,493,2024-01-27,Trailblazer Supplies,climbing
HikePro Trekking Poles,577,2024-10-20,Backcountry Bound,hiking equipment
HikePro Trekking Poles,521,2025-08-04,Expedition Outfitters,mountain biking
OutdoorGear Hammock,495,2024-09-07,Trailblazer Gear,mountain biking
OutdoorGear Hammock,980,2024-02-04,Adventure Seekers Gear,backpacking
HikePro Trekking Poles,891,2025-05-12,Nature's Trail Gear,hiking equipment
HikePro Trekking Poles,827,2024-03-15,Outdoor Provisions Ltd.,mountain biking
HikePro Trekking Poles,979,2024-01-04,Outdoor Gear Emporium,camping gear
TrailTracker GPS Device,839,2025-05-14,Outdoor Gear Emporium,hiking equipment
HikePro Trekking Poles,801,2025-09-22,Trailblazer Supplies,climbing
HikePro Trekking Poles,130,2025-05-05,Adventure Gear Co.,camping gear
CampfirePro Cooking Set,808,2024-02-14,Wilderness Outfitters,mountain biking
WildernessSurvivor Survival Kit,640,2024-12-13,Summit Seekers,camping gear
OutdoorMaster Camping Stove,811,2025-06-05,Explorer's Edge Equipment,backpacking
HikePro Trekking Poles,34,2025-09-08,Wildland Gear,camping gear
ExplorerX Hiking Boots,880,2025-01-19,Outdoor Pursuits Co.,fishing supplies
OutdoorGear Hammock,933,2024-02-03,Summit Supplies,backpacking
WildernessSurvivor Survival Kit,823,2025-05-11,Explorer's Edge Equipment,hiking equipment
TrailBlazer Camping Tent,342,2024-08-24,Wilderness Wares,hiking equipment
CampfirePro Cooking Set,297,2024-05-29,Trailblazer Outfitters,fishing supplies
NatureSeeker Binoculars,378,2025-07-08,Trailblazer Outfitters,camping gear
OutdoorMaster Camping Stove,87,2024-09-02,Explorer's Edge Equipment,fishing supplies
CampfirePro Cooking Set,806,2024-11-22,Peak Performance Gear,fishing supplies
TrailTracker GPS Device,229,2025-02-06,Explorers Equipment,mountain biking
HikePro Trekking Poles,120,2024-06-25,Trailblazer Outfitters,skiing
HikePro Trekking Poles,160,2024-12-24,Adventure Gear Co.,climbing
OutdoorGear Hammock,538,2025-03-22,Wilderness Outfitters,climbing
WildernessSurvivor Survival Kit,180,2024-08-07,Trailblazer Outfitters,hiking equipment
TrailBlazer Camping Tent,802,2024-12-08,Wildland Gear,mountain biking
AdventurePro Backpack,368,2024-04-23,Explorer's Edge Equipment,fishing supplies
OutdoorGear Hammock,713,2025-09-08,Nature's Trail Gear,backpacking
OutdoorGear Hammock,830,2024-01-22,Nature's Edge Equipment,hiking equipment
WildernessSurvivor Survival Kit,61,2024-06-26,Nature's Best Gear,mountain biking
AdventurePro Backpack,672,2025-02-23,Summit Supplies,climbing
OutdoorMaster Camping Stove,423,2024-12-28,Outdoor Pursuits Co.,camping gear
CampfirePro Cooking Set,912,2025-02-22,Outdoor Gear Emporium,climbing
HikePro Trekking Poles,292,2024-06-15,Adventure Seekers Gear,climbing
ExplorerX Hiking Boots,472,2025-01-28,Nature's Best Gear,fishing supplies
OutdoorGear Hammock,869,2024-01-06,Wilderness Outfitters,hiking equipment
TrailTracker GPS Device,227,2025-09-07,Alpine Adventure Co.,mountain biking
OutdoorMaster Camping Stove,505,2024-03-18,Outdoor Discovery Co.,fishing supplies
OutdoorGear Hammock,138,2025-08-25,Nature's Best Gear,skiing
OutdoorGear Hammock,722,2024-09-06,Trailblazer Outfitters,hiking equipment
AdventurePro Backpack,746,2024-06-22,Wildland Gear,skiing
AdventurePro Backpack,261,2024-08-28,Wilderness Wares,backpacking
NatureSeeker Binoculars,117,2024-01-12,Pioneer Gearworks,hiking equipment
TrailBlazer Camping Tent,909,2024-12-06,Adventure Gear Co.,mountain biking
ExplorerX Hiking Boots,908,2024-10-24,Explorer's Edge Equipment,mountain biking
OutdoorGear Hammock,241,2025-07-17,Wildland Gear,mountain biking
CampfirePro Cooking Set,549,2024-10-25,Trailblazer Outfitters,skiing
AdventurePro Backpack,367,2025-08-16,Wildland Gear,backpacking
OutdoorMaster Camping Stove,188,2025-02-02,Outdoor Pursuits Co.,climbing
TrailBlazer Camping Tent,68,2024-10-06,Wilderness Outfitters,backpacking
WildernessSurvivor Survival Kit,546,2024-02-18,Adventure Seekers Gear,backpacking
WildernessSurvivor Survival Kit,636,2025-06-30,Expedition Outfitters,mountain biking
NatureSeeker Binoculars,919,2025-08-27,Summit Supplies,backpacking
OutdoorGear Hammock,872,2025-02-14,Adventure Gear Co.,hiking equipment
ExplorerX Hiking Boots,134,2024-07-25,Wilderness Outfitters,backpacking
ExplorerX Hiking Boots,520,2024-03-29,Outdoor Provisions Ltd.,backpacking
AdventurePro Backpack,159,2024-07-22,Backcountry Essentials,skiing
TrailBlazer Camping Tent,333,2025-06-04,Outdoor Pursuits Co.,fishing supplies
ExplorerX Hiking Boots,132,2024-02-27,Summit Supplies,mountain biking
NatureSeeker Binoculars,448,2024-01-23,Summit Supplies,camping gear
TrailBlazer Camping Tent,788,2024-10-14,Wilderness Wares,skiing
AdventurePro Backpack,880,2024-10-18,Trailblazer Gear,climbing
TrailTracker GPS Device,799,2024-03-02,Wilderness Outfitters,skiing
TrailBlazer Camping Tent,115,2025-03-14,Backcountry Bound,skiing
OutdoorGear Hammock,280,2024-05-04,Backcountry Essentials,climbing
WildernessSurvivor Survival Kit,388,2024-08-12,Peak Performance Gear,mountain biking
TrailBlazer Camping Tent,499,2025-04-19,Summit Seekers,mountain biking
CampfirePro Cooking Set,797,2025-03-05,Trailblazer Supplies,climbing
OutdoorGear Hammock,893,2024-11-12,Wilderness Wares,climbing
NatureSeeker Binoculars,338,2025-02-20,Peak Performance Gear,camping gear
AdventurePro Backpack,441,2024-05-07,Outdoor Pursuits Co.,climbing
OutdoorGear Hammock,873,2024-08-28,Trailblazer Gear,backpacking
WildernessSurvivor Survival Kit,49,2024-11-13,Explorers Equipment,camping gear
NatureSeeker Binoculars,302,2025-04-09,Trailblazer Supplies,backpacking
TrailTracker GPS Device,880,2024-03-29,Wilderness Outfitters,fishing supplies
TrailBlazer Camping Tent,284,2024-03-10,Backcountry Bound,hiking equipment
TrailTracker GPS Device,937,2025-05-26,Backcountry Bound,mountain biking
AdventurePro Backpack,53,2024-08-24,Summit Supplies,hiking equipment
NatureSeeker Binoculars,231,2024-04-05,Expedition Outfitters,mountain biking
ExplorerX Hiking Boots,446,2024-09-13,Pioneer Gearworks,fishing supplies
TrailBlazer Camping Tent,358,2024-07-06,Pioneer Gearworks,mountain biking
OutdoorGear Hammock,548,2024-06-14,Alpine Adventure Co.,hiking equipment
HikePro Trekking Poles,701,2024-04-25,Peak Performance Gear,camping gear
NatureSeeker Binoculars,835,2024-06-09,Wilderness Outfitters,hiking equipment
CampfirePro Cooking Set,692,2025-09-25,Outdoor Provisions Ltd.,skiing
WildernessSurvivor Survival Kit,31,2024-11-20,Outdoor Gear Emporium,fishing supplies
TrailTracker GPS Device,191,2024-01-10,Outdoor Pursuits Co.,fishing supplies
WildernessSurvivor Survival Kit,399,2025-06-17,Alpine Adventure Co.,climbing
CampfirePro Cooking Set,673,2025-07-21,Summit Supplies,backpacking
TrailBlazer Camping Tent,523,2025-03-18,Backcountry Bound,camping gear
NatureSeeker Binoculars,190,2025-07-24,Outdoor Gear Emporium,skiing
OutdoorGear Hammock,89,2024-04-27,Summit Supplies,mountain biking
OutdoorMaster Camping Stove,135,2024-05-09,Summit Supplies,fishing supplies
WildernessSurvivor Survival Kit,146,2024-09-19,Alpine Adventure Co.,skiing
OutdoorMaster Camping Stove,861,2025-07-18,Nature's Best Gear,mountain biking
TrailBlazer Camping Tent,910,2024-09-15,Expedition Outfitters,fishing supplies
TrailTracker GPS Device,727,2025-09-26,Explorers Equipment,mountain biking
OutdoorGear Hammock,431,2025-06-07,Peak Performance Gear,climbing
HikePro Trekking Poles,89,2025-07-10,Outdoor Gear Emporium,climbing
TrailTracker GPS Device,944,2024-12-04,Wilderness Outfitters,skiing
TrailBlazer Camping Tent,222,2024-11-27,Peak Performance Gear,backpacking
WildernessSurvivor Survival Kit,690,2024-03-18,Backcountry Essentials,skiing
CampfirePro Cooking Set,288,2025-08-13,Outdoor Discovery Co.,fishing supplies
CampfirePro Cooking Set,70,2024-07-31,Backcountry Bound,hiking equipment
CampfirePro Cooking Set,360,2024-05-20,Summit Supplies,mountain biking
HikePro Trekking Poles,605,2024-08-08,Wilderness Wares,camping gear
WildernessSurvivor Survival Kit,355,2024-01-18,Nature's Trail Gear,fishing supplies
HikePro Trekking Poles,464,2025-04-19,Summit Supplies,hiking equipment
OutdoorGear Hammock,217,2024-06-16,Pioneer Gearworks,skiing
NatureSeeker Binoculars,236,2024-05-31,Outdoor Gear Emporium,climbing
ExplorerX Hiking Boots,422,2025-03-15,Wildland Gear,backpacking
OutdoorMaster Camping Stove,424,2025-06-15,Alpine Adventure Co.,backpacking
OutdoorGear Hammock,90,2024-04-17,Nature's Edge Equipment,backpacking
HikePro Trekking Poles,718,2024-02-11,Adventure Seekers Gear,skiing
HikePro Trekking Poles,963,2024-02-05,Nature's Best Gear,mountain biking
AdventurePro Backpack,224,2024-06-06,Wilderness Outfitters,backpacking
HikePro Trekking Poles,807,2024-09-28,Trailblazer Supplies,fishing supplies
OutdoorMaster Camping Stove,24,2024-11-17,Backcountry Bound,backpacking
HikePro Trekking Poles,399,2024-01-08,Nature's Trail Gear,hiking equipment
WildernessSurvivor Survival Kit,575,2024-06-18,Pioneer Gearworks,camping gear
AdventurePro Backpack,624,2024-12-25,Peak Performance Gear,backpacking
HikePro Trekking Poles,629,2024-09-10,Expedition Outfitters,mountain biking
TrailBlazer Camping Tent,477,2024-07-09,Backcountry Essentials,mountain biking
OutdoorMaster Camping Stove,212,2024-11-11,Outdoor Provisions Ltd.,skiing
ExplorerX Hiking Boots,447,2024-09-04,Wilderness Wares,climbing
TrailTracker GPS Device,329,2024-09-01,Summit Seekers,skiing
ExplorerX Hiking Boots,968,2025-08-20,Explorer's Edge Equipment,fishing supplies
TrailBlazer Camping Tent,48,2025-01-02,Alpine Adventure Co.,skiing
OutdoorMaster Camping Stove,752,2025-03-03,Wilderness Wares,fishing supplies
AdventurePro Backpack,914,2025-01-18,Peak Performance Gear,fishing supplies
WildernessSurvivor Survival Kit,366,2024-06-02,Backcountry Bound,skiing
TrailTracker GPS Device,96,2024-11-20,Nature's Trail Gear,camping gear
OutdoorGear Hammock,618,2025-04-21,Explorer's Edge Equipment,camping gear
NatureSeeker Binoculars,507,2025-09-03,Summit Supplies,fishing supplies
TrailTracker GPS Device,251,2024-12-26,Peak Performance Gear,hiking equipment
OutdoorGear Hammock,169,2024-04-05,Explorer's Edge Equipment,hiking equipment
WildernessSurvivor Survival Kit,159,2024-12-12,Wilderness Outfitters,climbing
NatureSeeker Binoculars,889,2024-06-20,Summit Supplies,hiking equipment
CampfirePro Cooking Set,252,2025-03-17,Outdoor Provisions Ltd.,climbing
OutdoorMaster Camping Stove,89,2025-03-11,Outdoor Discovery Co.,skiing
ExplorerX Hiking Boots,64,2024-09-17,Trailblazer Supplies,climbing
OutdoorGear Hammock,979,2025-08-12,Expedition Outfitters,hiking equipment
HikePro Trekking Poles,283,2024-09-11,Outdoor Pursuits Co.,skiing
AdventurePro Backpack,40,2024-10-14,Explorers Equipment,hiking equipment
AdventurePro Backpack,178,2024-10-31,Trailblazer Supplies,hiking equipment
TrailBlazer Camping Tent,734,2025-04-24,Wilderness Wares,mountain biking
CampfirePro Cooking Set,157,2025-05-12,Outdoor Provisions Ltd.,hiking equipment
TrailTracker GPS Device,198,2025-04-20,Wilderness Wares,backpacking
TrailBlazer Camping Tent,912,2024-12-04,Wilderness Outfitters,fishing supplies
ExplorerX Hiking Boots,462,2025-04-11,Explorers Equipment,fishing supplies
NatureSeeker Binoculars,236,2025-09-06,Wilderness Wares,mountain biking
HikePro Trekking Poles,572,2024-01-22,Explorers Equipment,fishing supplies
OutdoorMaster Camping Stove,399,2025-05-30,Adventure Seekers Gear,fishing supplies
TrailBlazer Camping Tent,821,2025-04-17,Wilderness Wares,backpacking
TrailTracker GPS Device,373,2025-04-03,Adventure Gear Co.,mountain biking
CampfirePro Cooking Set,399,2024-05-15,Summit Seekers,mountain biking
OutdoorMaster Camping Stove,824,2024-06-08,Outdoor Discovery Co.,hiking equipment
OutdoorGear Hammock,290,2024-07-16,Pioneer Gearworks,hiking equipment
TrailTracker GPS Device,196,2025-02-24,Backcountry Essentials,skiing
NatureSeeker Binoculars,18,2024-03-18,Wilderness Wares,backpacking
CampfirePro Cooking Set,264,2025-04-22,Adventure Seekers Gear,fishing supplies
OutdoorGear Hammock,876,2024-01-20,Nature's Trail Gear,fishing supplies
OutdoorMaster Camping Stove,389,2024-08-27,Trailblazer Gear,skiing
AdventurePro Backpack,328,2025-05-04,Summit Supplies,camping gear
HikePro Trekking Poles,475,2024-06-10,Wildland Gear,camping gear
CampfirePro Cooking Set,19,2025-06-13,Adventure Seekers Gear,hiking equipment
TrailBlazer Camping Tent,979,2025-05-29,Backcountry Essentials,camping gear
NatureSeeker Binoculars,502,2024-04-27,Wilderness Wares,camping gear
TrailBlazer Camping Tent,632,2025-09-17,Backcountry Bound,climbing
AdventurePro Backpack,991,2025-09-29,Peak Performance Gear,backpacking
TrailTracker GPS Device,772,2024-04-17,Explorer's Edge Equipment,skiing
HikePro Trekking Poles,133,2024-12-09,Alpine Adventure Co.,mountain biking
TrailTracker GPS Device,138,2025-07-30,Pioneer Gearworks,climbing
AdventurePro Backpack,780,2024-12-18,Nature's Trail Gear,backpacking
WildernessSurvivor Survival Kit,586,2024-03-30,Wilderness Wares,mountain biking
ExplorerX Hiking Boots,161,2024-05-02,Outdoor Gear Emporium,hiking equipment
ExplorerX Hiking Boots,466,2024-09-15,Explorer's Edge Equipment,hiking equipment
ExplorerX Hiking Boots,516,2024-09-13,Adventure Seekers Gear,skiing
NatureSeeker Binoculars,107,2024-02-13,Adventure Seekers Gear,skiing
NatureSeeker Binoculars,526,2025-08-01,Outdoor Gear Emporium,mountain biking
OutdoorGear Hammock,601,2025-09-25,Explorer's Edge Equipment,fishing supplies
OutdoorGear Hammock,90,2024-07-28,Peak Performance Gear,skiing
TrailTracker GPS Device,872,2025-04-15,Adventure Seekers Gear,backpacking
ExplorerX Hiking Boots,114,2025-05-08,Outdoor Provisions Ltd.,fishing supplies
CampfirePro Cooking Set,587,2024-06-01,Summit Seekers,skiing
TrailTracker GPS Device,314,2025-01-04,Wildland Gear,fishing supplies
TrailTracker GPS Device,911,2024-02-19,Outdoor Pursuits Co.,fishing supplies
OutdoorGear Hammock,519,2025-02-18,Nature's Edge Equipment,climbing
NatureSeeker Binoculars,361,2024-07-28,Adventure Seekers Gear,mountain biking
TrailBlazer Camping Tent,507,2024-01-07,Peak Performance Gear,skiing
TrailBlazer Camping Tent,223,2024-05-11,Outdoor Pursuits Co.,fishing supplies
OutdoorMaster Camping Stove,317,2024-09-14,Summit Seekers,mountain biking
NatureSeeker Binoculars,182,2024-11-27,Wilderness Outfitters,skiing
OutdoorGear Hammock,496,2024-04-17,Wilderness Outfitters,skiing
OutdoorGear Hammock,816,2025-01-09,Wildland Gear,mountain biking
ExplorerX Hiking Boots,243,2024-04-01,Summit Seekers,climbing
TrailBlazer Camping Tent,897,2025-02-28,Outdoor Pursuits Co.,fishing supplies
TrailTracker GPS Device,51,2025-01-11,Wildland Gear,hiking equipment
WildernessSurvivor Survival Kit,896,2025-09-01,Trailblazer Gear,fishing supplies